{"version":16,"hash":{"type":"Buffer","data":"Mr++2IEikz5fQPmtq32sKfE7y8tnzXtBZuk8Hx9ee+0eGBK5UdAHk+Wva5eLiTPSa8n0mdpsW9JxaKa9EsxVaJMtz45aBIAAXezhBjOH8sO+XXVCYudGWZzc9MfvNXZ7iCfp/cTVunHliim2z4Bxa9sTgut81Tyi2uyGBK6+V1E="},"indexValueMap":{"UwLi83ge07Ch8cGZwHL/j+8zsmuh8Cz0XARgjQPjeu0=":{"valueMac":{"type":"Buffer","data":"1+o5uAh39N0N2EvFMNV06OnvsFq/OTtScSkeEDGdk6M="}},"cz+K7YaUD5JCdrm+ryLdXoszAsKYHx47I6b3n1UaGQk=":{"valueMac":{"type":"Buffer","data":"grqtjB2DKA2xjlrnDuJT4orO2rZHVH1wQWvQwdZAJN4="}},"I2qsVzxFtC01chngZN8Wy978PIw8O4b1l7c+DBNUF8w=":{"valueMac":{"type":"Buffer","data":"BhP6fArTiMwQDQJmCNINTC5ZU7gNkqkmAFJqdSrBJ8g="}},"ZgraCuH7osRejqf8TcjOD+eX08PbuGHE7nOb24FNJgA=":{"valueMac":{"type":"Buffer","data":"xPIsRmEalyfhgw3cUfm6JnCLK2Hu0rqoJbwc3qQiDmE="}},"i/0wH4BU2v7UGiEEwmTSfQUHCj1JSipe9h0WoT8feb8=":{"valueMac":{"type":"Buffer","data":"T00s5L21s0TrmwFnKRovH+OJpTfsG2JQkJCScirXHYc="}},"wRQPZhloklxjedp41XTGQx3jgZ1B+L4Gkd69DeV8sxI=":{"valueMac":{"type":"Buffer","data":"akhb2aB38yBNnyRh3XBSEP68VcC8GK6Nc16n5nHeD3c="}}}}