{"version":22,"hash":{"type":"Buffer","data":"5zKHffzTrlUFBOCn/OTdFJUOOVr5JG4svzscWNCf4U8dDjGia5hPJFjY7WAC0khIHMzHunQl0j7Jw+ACvvMJcYba2bjLmiXaZB88FPz7Tf3B1TTl2Lcy63SrbC4otyjRhxChRUFVOWKpC2ISsVC9bqM2M+NXUzEQLAxdeeR+Ca4="},"indexValueMap":{"Xa3rGzp7X9AUQu48A+2Uy+BK6KVyv3caFQTYiBloY5U=":{"valueMac":{"type":"Buffer","data":"flq6C6JS/SVFUxnkTKecKYJaeH4tJlCpZg5/w/5mKrg="}},"jJmWb1nv45C40yvzvyZEyq5JIvyQguQMbJPEFvgv6GA=":{"valueMac":{"type":"Buffer","data":"0hHO41ISMBdEEVQ+pT2LKLrtXvegb72Jo50ltirbpYI="}},"lEuzaOFkmJaxJJ5GsXBWRRNE+eM7n/c071hoRX8CPcw=":{"valueMac":{"type":"Buffer","data":"klfPqmYunczqT07Dli/Ia00zGfTDMXhsQEb2Sulfgns="}},"Dy2xEPsy+D5ZFjeQlBdLbLC+ONdQHF09w/ZANHIqchM=":{"valueMac":{"type":"Buffer","data":"qNdEEL0vGHgiX6VTmc/A5Hk6heXrijp9YeM3ZIOvgvc="}},"Z0pGBgNtzLqxWD3Y5fEGSjn6Ff+zdGOPnlGp+gfHr8Y=":{"valueMac":{"type":"Buffer","data":"XuirqvcsrPOvg1w3cceNsq3qnhHMX/91xmB3hftWIe8="}},"XsNK9PKfW5ewFja3M5eBEqWlHI1TE3dJGymWNgZkFx4=":{"valueMac":{"type":"Buffer","data":"CQjY4BVcE4F4m8WKjMnoZDgw5BK9Q1JkqugL1qzQ10Q="}},"g2mLQqk/XDKONnCrihTYZPgRCfz7Jgr3mVeFTXLVJw0=":{"valueMac":{"type":"Buffer","data":"VA1pfApO3Y6oNsPe9ACeRmfMDTzt9whAVmU0adwlucs="}},"ptOTNl9qLymkwPVGPzSUXjOCfbfmMC0ruvBGom5vUQI=":{"valueMac":{"type":"Buffer","data":"vjHycdlfoMOiGQIEXG1+X0AJyvya1ru4GubDhhe/fGo="}},"56wSkm/SME8ZAppdHTnfDMtohgLVhPa29U+UGjEIn/w=":{"valueMac":{"type":"Buffer","data":"ybug1wb+Ch7Co/eHeoyhwV8AJ6jEWuxnEXouPESTgQs="}},"48LWNYc7Yr2qpmpdgXAdfPgH+QXGIoLiMHl8Rvi7ots=":{"valueMac":{"type":"Buffer","data":"ak8nGerIZeacFNZJHCkz1zpuK4F5klUiclfgusE9PuE="}},"QXlf79v3s5yC70GEJyNQAf7dgqR5N0bNqOHErCerH30=":{"valueMac":{"type":"Buffer","data":"s5YPmTurXsA7B/0SZ9XcfCFL2LhYg96K0q5uAZ20OQ8="}},"FfuT4NEk6AhFwcV6Flx4PkBsTkIsT4ZtmhxP5gluip4=":{"valueMac":{"type":"Buffer","data":"3D6YWSHnmr3PJshFZcwO1TokN+10z2KOewC/ZArfOAM="}},"V8Itkr3PACNIQpB0c6MuB7Tr1JL8N7+apqvNL+SmtEE=":{"valueMac":{"type":"Buffer","data":"q2O2FqDup2yLKnZ3/SbU/JvXkXDz6oFAZDfnSSbQ/Jc="}},"MM0OWsfVqM3Ksh54OED5eVwaf/V0vQhlKfqFIqX7Tng=":{"valueMac":{"type":"Buffer","data":"Z1B17U6OsddIHXgDpF4Svy1v7Z8MUS/BtzOYsf59CTk="}}}}