{"version":52,"hash":{"type":"Buffer","data":"rDfz8BDGKPSZt83prwJCp1hl2WQkVeFUPFZHF+31Y/7wc86hvT9T9FBrcWFhOt2I3p0kFX+xxyWdvp9NZ+yNe6G6dawACQ1CorTVNkTdb6CDvn3SytVkIglVtIPylRE/Mv1QgIajgRTR36BY7PKF835QLFBSj2AyPSWPlspP9qo="},"indexValueMap":{"8dVi03wvKgn3yWIL2vComJ4LCtcQcDZVD2Ngp8fWRPY=":{"valueMac":{"type":"Buffer","data":"me4MRd7Ql780TYA3YiwuQhdoUMoHrT2rhGiTslQmj2Q="}},"KRMrRv/JWGRgF+ZLu84ihzFktnW0WtsLsMjOkVG+ljY=":{"valueMac":{"type":"Buffer","data":"uQXEhxyobllqexRQJ7+81IOx5PH5xLN1vThrgKfisAE="}},"hYerMVb+SpldTLo6Z2tXcpm2PB1jtyihzKdRpT12twY=":{"valueMac":{"type":"Buffer","data":"ZPs1/pd2k+DdzxHOvJ2f0rBEDx4ikgaKXomReRyBTkM="}},"8cqNkKx2Dd5IcuinUd3HxswagBb4iJWIqrH+HidBNvw=":{"valueMac":{"type":"Buffer","data":"G/V7zox7pCpxB6az4ZkQ92FMTLOl2dQQc5rZdGxd7Vo="}},"5/T4DD5zd9MH5//lFXS3ee+4yDgc1k9aZ3FmkZqbu60=":{"valueMac":{"type":"Buffer","data":"p6hfxJGSTEdnwS5shryWRgL8o4qicdvN0TorY9z0a/8="}},"fiA3b2o7f5mhLUqYbjH+JZXGuSrpAgEeL+XVbqfz7+c=":{"valueMac":{"type":"Buffer","data":"ev54Yu29U4h0qbFlb5C7G/pgxXlBjusD3v+i8dkLfg8="}},"RH6O3b76j9zZeqorUbaq4IewsFeeLFoIOc+EYkkZozU=":{"valueMac":{"type":"Buffer","data":"HpGBQFvyWDwlYy61okXKAcJLfwqbRDeOef+9WesEMQ8="}},"1YgIdyHi9TdfN2V0nX4z1fDbt/PClKIPnVPJwN0+nxQ=":{"valueMac":{"type":"Buffer","data":"9kIbvA4fFdDBAsS6t5vN6XcliocPtV600/FeSL7H/yw="}},"GxNdWbiBHmGrsCWQ7U3tZki5v4X1OKZbvjYhLUgOeXo=":{"valueMac":{"type":"Buffer","data":"xaslcpKrsTURXPdbwBWGipalGaCrHc+SfkJxnpTpGKQ="}},"6Yx/fSnztfjxgS8bPkNUSDBiCGyb2srfPnEPOTIzHC4=":{"valueMac":{"type":"Buffer","data":"bDRdxJiQsgXUiWLj5qlk9t7HIglggcd+HKtn86T2X+4="}},"F7gHKLgdgcdxe1jKNX0IUP/g3PvZQsjS4z5T9anqwSA=":{"valueMac":{"type":"Buffer","data":"UlP+umZ8SOvC9yevOz3SkLyLG+AG9C8g7wSzZnVUxos="}},"YXeN+118sPazlm7Pl47Id6ThG0LGiAHe8WxfZHdk0qk=":{"valueMac":{"type":"Buffer","data":"ChD8uDmWvGAaCZaVVT72gmPp8Km+uRQlzRHyYor/JwA="}},"R1lK8+JZ0Bf0FacQj6ASauQuBQcUL8Qa6mHBgYdARTI=":{"valueMac":{"type":"Buffer","data":"m2qnvUWd0jzGy5nLcUnhI8Jv/rRdJv+YbZK4jAgVI7w="}},"ZtZUQ7QcEazQ6XQE48KK64L3BIY+1Haze9ECjQMymbA=":{"valueMac":{"type":"Buffer","data":"3GybVSFK/8XbOYof/L7B0A2KbXmi32f/95rXnkoJ8io="}},"Phu9Y/wv1hljxFpjpLy+AUu45zkzKLhQIfUVI28aFTo=":{"valueMac":{"type":"Buffer","data":"6Wu8BdCObA3qfw1xz5hs3USJrDZCkwf9Djv21SYGuJY="}},"yrrB5Q3lVQy9vYlqBv+LCIvZLBwgO97FkkrVSPwDaIk=":{"valueMac":{"type":"Buffer","data":"SwVWOuGdgIglgb0O1Hb5/cEPUuLX1ZG9O0rxRH4/4Ms="}},"COOdc6EHUfucQHESaixcH7apkW5hI74+tdF0ZY+RWD0=":{"valueMac":{"type":"Buffer","data":"jhd+WpCAJY6GndvJmch0VyU/Myux6I3YqVwi5vOMX1g="}},"17fOIY3HtvsRLuN0iMDho5RGZsDZV+t62+RdYZkl0Rk=":{"valueMac":{"type":"Buffer","data":"K+y01s7fxTwg0bQbAgusABZSv08bBKV6NU1B3Vftres="}},"GZYrmJvqclZnN1wCNy6MSjXw6fPWfFbARj+9DOitfRE=":{"valueMac":{"type":"Buffer","data":"m7uhNVwHF3/SwlGTQUurSsqetUtVqiSx8WIs9PvSaH8="}},"GjYKsX5S2jGbxVfO+b2R6SyfT8NNA81qQ1nGof6mjYA=":{"valueMac":{"type":"Buffer","data":"NLWbXaGVabbLdWeNo1FpPFYDKPt5W6/0RGmHlwXoGak="}},"BI8jaGxlUl2XKsq/9sXKd3Rn7sFasDMT9w8VjOoh71Y=":{"valueMac":{"type":"Buffer","data":"7uOs6RxsETCB/02e1+Cgp5JrfRmt4irUKIRMV3zbGfQ="}},"viADtCWufNlItBPLHaTkUAcAKra/eaexjnbx7SA8Mys=":{"valueMac":{"type":"Buffer","data":"jf9PoaL9rQ2bikvGjKSAKXxVh+lAjCO9fOCC+PixUDM="}},"vGKToq9J8qx2ErFX6dXQKi6jH0JoCKlM+8fRncQQ/e8=":{"valueMac":{"type":"Buffer","data":"i/zjoxZcEC0RkPTj5/qLozZ7J1YWMdHmbjIqfEk6CCE="}},"tVLlkLlPetenuuQs+i/NOwhsM0dE++bvoKmUPCqJJM4=":{"valueMac":{"type":"Buffer","data":"8GaiifhvL07WdZxYVb9KrVgLu1oR3mMQz+RTNOaeB/c="}}}}