{"version":276,"hash":{"type":"Buffer","data":"nBLl+XuKVOVDsyJtrnCptsmC6hnysJIanfoKP2uGxWxSyDP3atqfXXPv1pGFVXl4QZFdkI+QqhGAHDLAGV/8xJT+zX1WtZ8jeDhCaYYWhY+Qm6qb150mzIWBbJOZ1M8wbm3ULlTUKbWImQhAhKWDY6V99wiAb4w3xlqlzKeSWA8="},"indexValueMap":{"AB6/71rlZkk3ihsHSQkz5SejTV50Q1+BQrLS++IhOR8=":{"valueMac":{"type":"Buffer","data":"+uvtcWZTgiuGOMYlU98QBvygBki2L7q8OE9XuipQVrU="}},"AITMIbJPqAAckwdp3Kcj9nBYRXqCziqRq6AAtgxv4qU=":{"valueMac":{"type":"Buffer","data":"YZVqBSjNgIe3TKWo0snQ3klpJindkUEBO1m0eXGarPo="}},"Bem0wTk0G/bkDMaSJC5Y6YQVtnEIHCMnKG9I/zJ+ZcA=":{"valueMac":{"type":"Buffer","data":"d0d3hxc5yPYQHXfMn606+px9Y7zEslmCgdojVHOREUY="}},"BhjNg3FifOyH8B9LMOCKy+vg6iWCytHcsYeKLRr2G8U=":{"valueMac":{"type":"Buffer","data":"0aKK4Wp+XxPp5UM2FYWX5tdfe5V3WuFyB2+HJWlvA4w="}},"BkJLgQiAOqg1zfsAzqSBs7hfrvC16VdE1C+qP738CHA=":{"valueMac":{"type":"Buffer","data":"YfEEnHUJ5UphF/EPbShfhDS8nmARGU15jq3meh4fCRw="}},"BtBmFViiXGDcYkq2d6DtNzUsOdX7c7tOSnyM+jhHeoQ=":{"valueMac":{"type":"Buffer","data":"YRmgAmlUkOTTWybmhUcShnod5t5/XYp8WPThZHq+r08="}},"B7m3UIiPQTdXssOdKxc5wfSUmvZ1qwpUYMOi+tjL8Ig=":{"valueMac":{"type":"Buffer","data":"O3Fmj1Qur3A3EcHjehxR7mDkkChqvtPdjZvxIU9WDVQ="}},"B9ZBBvBOnCbjOLjTZgau6OeFuCaLQ8JGlRJ3pkeizlo=":{"valueMac":{"type":"Buffer","data":"wKG+FAkmDuFYB+qW+8Zo/r80FKhCe0q33kL9OQFVL9A="}},"B986zupWFDYpUSyv5cBl7hcflMa/kJheutfPU47u4x0=":{"valueMac":{"type":"Buffer","data":"rxPgH9BMzyYETnFPnuQb9J4Jb5bJehjYbVKiRpjt7lI="}},"CBMMznvHYdDKoJadhVFF+H2bZfHKXvFOuDOXVJuR5IU=":{"valueMac":{"type":"Buffer","data":"kflyHw7R85ruxLKo3GSf0H7TiN3SSlzoBuxDAD3PRTk="}},"CVWpQTN9jVv0zfYA+WBTj8/ya9DkZKmCNPBSoV7xmgU=":{"valueMac":{"type":"Buffer","data":"m6cyILysp9uWVbVw1hBDj4I0zKaL0HJjYpsoESbmozM="}},"CeTfKAQMTH9jFW+GZ7PdPRw01tKSC824p8nA/f4FqKc=":{"valueMac":{"type":"Buffer","data":"Ob5Fs1WjvffM7ngACZbCRVk7KzMDlUjAbM8gOKAvdaU="}},"C1HvPBkWvNJIshQ6QUreRrL0bW1lim+HAfSOJTLwBrU=":{"valueMac":{"type":"Buffer","data":"fWbi/AxJDMjmD76rxEv+f9d52s+bMObl14DZagIWq9o="}},"DELNbbqpwp112axd4/XrdnlSVHH9ksYkCm+NkxhTpig=":{"valueMac":{"type":"Buffer","data":"hXl+NACIxnO2OwAyh+Vft1SGsJjjuyNbouZKH/j2XcI="}},"DHhstWDAFAAkkklVhDro7R24dR1vFZyApRZnVqaqkVw=":{"valueMac":{"type":"Buffer","data":"nD58DFRJhlP6bivHDvDK6escVRlvVKqht8JhOy7yhsU="}},"DNPp+FL709SYcBrml5ylGTHhdvGOu2DNJbmpqJe4tNU=":{"valueMac":{"type":"Buffer","data":"y76kqYWgBvGgB+AKP3ym5hLarJ3v06XC9J1kLsOef7g="}},"DeZ1iEX05r/gr4ujI1NhG+P2yi0G2X9yDx1E4lM52Lk=":{"valueMac":{"type":"Buffer","data":"Mr5eGTYNsF2Ia8fidYgMdNCCT7W7UmnkyeukhJS9sYQ="}},"D/yJzVlI+MlLStoiCf4Cbt/IoYj7yYyp998ZpJdd1fA=":{"valueMac":{"type":"Buffer","data":"D0Q96xifJLZLbkrGtaHkcWyE0zr0NOOclPDjle8N23E="}},"ENGJ8d31bpAIYubG8pP7zzDmI7cIkLNhUwwL798mgWM=":{"valueMac":{"type":"Buffer","data":"NvFnSI3qq5ruwq/zCy0JhQKGKP/boj6tDNu1klz0ArU="}},"EONQcQE/8wPbl+yipw/MnG7RWN8HHasveEs4YiWOV1E=":{"valueMac":{"type":"Buffer","data":"RavWqwtWmppt8/Itm7BP5yI28uQjj/7R+E6HZw6qiTI="}},"EPXEyyAr8ebYmR+MYM3CsLFEKfkQ8W3zH8IAk2moXCU=":{"valueMac":{"type":"Buffer","data":"b/XwKN2A5Ouh6eHlXfrCBWWyAwgZVY51lktpxFx2BfM="}},"EUcRWMJNmlxfV2Ts2bcWvJ96C1Thue6BGKrX2Xrc6QY=":{"valueMac":{"type":"Buffer","data":"AyLlc2PPNuHzjI6zaGbTwZP6hFeQYOWLbFHEkjdQFZk="}},"Ehp/qz+tjJfKS881cS422jMHKWtrQeMi1F7VDtohCGk=":{"valueMac":{"type":"Buffer","data":"FrHs6TLInc+vXD5OJpvd/y57AZFC+3pp+8QKH3tqy3o="}},"FHGeyfUQbPM1xvhe0agRs9afpeTG/6TGUO51ZHACpYM=":{"valueMac":{"type":"Buffer","data":"0hXNWiuAy0RJWbH+oXSdWh5X2VJDaJ721d2hp0TksSU="}},"FIYYpreU1m168WeeTq/soyxssdqq2esDfJEZNLu5HkQ=":{"valueMac":{"type":"Buffer","data":"f9eO/QQqIjKl30OMuHyzcpKq92ELsOOQP2VRkMamvBA="}},"FqeNnhev/7C0VXL7VBBMLZn/8n+iyu+cth2vUfSmHCY=":{"valueMac":{"type":"Buffer","data":"Gdd4D970shQoeIJSOu7/pC15EYNfpIPGlptwFx1qXmc="}},"GIObn/oazT+r1aTf4/rM8edgC6/YeWOW2n2ldmilmBs=":{"valueMac":{"type":"Buffer","data":"eN9gPqo1Dvt6SsqEHXkzlcYSocWGchKIbdym396yUHI="}},"GlXpzjSgXMPEYKUtDZSIOu51sPLzwkFY/4s7DuJhUo4=":{"valueMac":{"type":"Buffer","data":"XGzaxFxmIh44ZV0oPVn5cCgTbFYcw3MZwB4ivoAazb8="}},"GpBiCP3WWrZ/qCcza1A/TVGUAf4MSxeY4nL5N2TSsYw=":{"valueMac":{"type":"Buffer","data":"LyHIuKF33nxOQmxJ7C56QyJLkfc5E6sIvPOTTMP4CFo="}},"HzGvfuO3qdn7w+tk8DoOA82ky0SO286kr5lv1RIeMdM=":{"valueMac":{"type":"Buffer","data":"+s2mON82LzzeiZc9UYKwayRh+xQjXnSSNYwCwsoJlc8="}},"I96wvFY/KRVYViTYUU+BH4zYbyT96Su2iPm0n56JPXg=":{"valueMac":{"type":"Buffer","data":"3JPQnpvJRd1CR80/IUBZHMYP+MqqvKiMoo+lG3hlDfw="}},"I+JfNtzfQ7RkAy141WGL0hRUgcoOVAzmLaPA55cTyc0=":{"valueMac":{"type":"Buffer","data":"qQYVF4+kVtJwG2dhBArXLqjociNOFJRs1jCuLYglJk8="}},"JDcDBSwvoxet5Iu0oDJWLph/iWtcc+9QTPjxGS7/kIc=":{"valueMac":{"type":"Buffer","data":"jhlhv9+nxHP3sSaTVmDBALGw4HuoU107xt6Z6NfkaRs="}},"JiuKNvBaPYA5fCuIAme0S+aeD8SPbStB2lEq9mu+bP4=":{"valueMac":{"type":"Buffer","data":"h3gY2O6L0wZxUI85ZffDQbd5USjZHeWgTooOhfEvNCw="}},"Jl2Fzv6qoAGTyXGgIXhXqISk/0zAwIanRKRWQr/SUXU=":{"valueMac":{"type":"Buffer","data":"n92vbjsYJz1shKO6/M55IGMuiHE0riD0MEFNS5YdbzE="}},"Jv0FU/JYzXnhRxu/mNe6fIh7oMJmf8jt70STMRTnVrk=":{"valueMac":{"type":"Buffer","data":"xMZUqEG/H1c4MtZNiPlZHk4yuIl3S4KSTkb9g6uCQZE="}},"J6rrDsGj7MCfJKg7cHuRd3itCFjv7n8QcRKFB7FxnYU=":{"valueMac":{"type":"Buffer","data":"Stf5LByDHGJ/pNEg/G4ooDidKoe6T6Q7PfnQAkIOfkI="}},"KOyZoRW2klDH0Ncj57JHZJ33aGgD/yojO2mbqbcFktw=":{"valueMac":{"type":"Buffer","data":"6rwJl92gdh8RXIhA/uqUJXVc5KfvBirzUEi+2GI8Ry4="}},"KdNIpYCFq5bLgOcRSpD+UmwgmFlu+lFzOZRhRTWL5xk=":{"valueMac":{"type":"Buffer","data":"c8Efu0145vpcJ+9UwVEvJ1gyemMF2yELsCrq5P3J3fw="}},"K4rk7DM4cQunyp8hdRWY6Ohms1ECJhBh2f8M/nTs93g=":{"valueMac":{"type":"Buffer","data":"MOXB/TDD1tClqHJ8VMwyoskoLIB8jn8UGiCiNKTDCSU="}},"K5D0T04qkgtgjjNcsh1MCnxzeTDSEP3sePrnFdPLqjk=":{"valueMac":{"type":"Buffer","data":"Yw38cCVXYG8Dp9AlthANpQ1IzoM6iUiF73O7Nt6MqnQ="}},"LB/bwv9vU61GiCn+zH6xUzNwg71/o26DP1a78b1dUaE=":{"valueMac":{"type":"Buffer","data":"cWhVwNrK02i9nSyiDpbFjA1iTszu3PNqMRQPRkrkyHA="}},"MA5W/ZhH0eBpT+kMBI9aa99wgZkw3CgZY2DoinNeFIM=":{"valueMac":{"type":"Buffer","data":"+ZjWKwvWkbtI5cixgslGdbJtcEYAPaLdxPhqVcJS/yo="}},"MHkOn57TTy23SuzKFJdnOuwzyjLVl1WWG5PQS9rA6zA=":{"valueMac":{"type":"Buffer","data":"exsQNjky8jxJKhoN7zD6nTpECO+9CJvz5FVhfdihqlY="}},"MJd271iRIkRT5JFGTqKT86gtM0wryhVHAszXQOv6mQ4=":{"valueMac":{"type":"Buffer","data":"iMY+cr+0pY+ESxqkKZloEqgSQOZ3QEvvTlD6KdXTnTs="}},"MLsg8xTTrfUCml9myGodkwLfgkybWVmxP25qzgN6blo=":{"valueMac":{"type":"Buffer","data":"sqDVh06irL4/1UFb+27RnK8n76vUhzNUTNpH65lJXJc="}},"MMzyYEQRGkQhuaUEMQyn01qcRbyRKDg/2KIOrKs2tOQ=":{"valueMac":{"type":"Buffer","data":"YJ2RKIfWEXj1jVg0ZLsAXGp5IyKDvV29EtW8ZJL0cTY="}},"MNpaEVz049YO1S6juRJsTFu6cmrYq/XOo3mmcymrqz4=":{"valueMac":{"type":"Buffer","data":"/uYq1mCBGnfYRrBYKnypq2B4zih6B62OgkpG8oTI09k="}},"MR6pdpK63HjCumapruN8j5yHM5UdsM6xxZ7+P4r+Kew=":{"valueMac":{"type":"Buffer","data":"pKZv1G4r8HjZ/ipx9orOTO9A1vukVL0p+iIOmMH4oHQ="}},"MtCIjXC6PCzbsW4hZLt0lFjVYTPeI6UzihYQlQvW46Y=":{"valueMac":{"type":"Buffer","data":"Eqvws2LVzP7PtG04RDbqL18zpYsOHD60lhkpbeC8zVs="}},"MtGevuJP0OljQVGNYvuDykayE+nyqZKv0Iv7tJGQzyE=":{"valueMac":{"type":"Buffer","data":"oVq79RYCDO+OfZ2ZQL/juRi2utta3fVmfpE1sGmo0BI="}},"NOkZt8jcMp8dGjLwPXxsNly/H+GONGaRm74CRdL5FMc=":{"valueMac":{"type":"Buffer","data":"JTH5a1Z4Indjqn1hrP8uHGLD1r1isos1vqi272x1Vks="}},"NQKhoI4OGBSaXxS0yMNjGtUAzLkzJsH6o7qS3u21lFI=":{"valueMac":{"type":"Buffer","data":"zGp+rXE4qn3j/ysg7NyJYBmKl4XwqbKYNQKZLkX7LR8="}},"Nib3qx+LGQH2h55gvbOklQWAvRL0PI4ewiJfP5Tt7rg=":{"valueMac":{"type":"Buffer","data":"Gb9yI4+eW9vYK+RBE0YL5LrOedb7qLUaXFSbwhWsPek="}},"NxxBmpgKHWCEATe3W34RvlQ0fBJTV5B3vMOqdIgwhuw=":{"valueMac":{"type":"Buffer","data":"1WQRyKF8P1+iOgRjwOUrCCQ0mNT9c+i7o/d1GXn/1Ok="}},"OZA8WZSMKcjJFD/vRAuFxBOLipzbgoS62SCOCrXYU6U=":{"valueMac":{"type":"Buffer","data":"kSOQh5D6dehubc+nPK3NjCXWnbX2nW2jgZcyTxt1Kds="}},"O0ruhG5xm+wspJNM6IEj3W+UVoShjz374UwVKEKeC6I=":{"valueMac":{"type":"Buffer","data":"iuc/HuYB1SfKjMNKtYeOSnsO4zFqDSt7IkAmNOhWr+w="}},"PSC96On6h9POtOHYNlgztN7EyWFDSSqUL/v7/8bxAxs=":{"valueMac":{"type":"Buffer","data":"Bv3vdJ2MlH03nST4C1QWGqass+fDjSOlCfL8uTP48Wo="}},"PUZyzWlmXgF2HHBvkAporSA6BEibr8Y3plxYxb5K17w=":{"valueMac":{"type":"Buffer","data":"XCTfAxBWivMksrkZ6LTBr0OCdNulSa4Je3ZcR4xD9Qw="}},"Pc1KojqM/ELO9O7fsFkQvmisUG7lji/JeVEw/c+kbPY=":{"valueMac":{"type":"Buffer","data":"6SxIsPKYLZu7nObkSvKYEiJsrxKOb4sKoo/F5w1MkHs="}},"PwB0ZC8lyvHB7wDfMFPPjBZ3xMgMRx/HtpPAa8Hn6PQ=":{"valueMac":{"type":"Buffer","data":"oD8zQ9V3eqims6H7AxCN8bTQE8YO9NwQrmNJRLn6ErQ="}},"QD9Yf92wNmAE7OYRiLycJItrwHkYf8iqevm44S1yMX4=":{"valueMac":{"type":"Buffer","data":"2EEoJSSVcYadEmFwxmpR1nQHbed1BDU3ks0u7E2rMZ0="}},"QFZNgbTZJKxY1nEYHfGkmemg5atyHoLAF/AaISvrgKo=":{"valueMac":{"type":"Buffer","data":"8u36D7+gdiPoPSn3gHdO48KwDaPcDf6m6IUVRoccjH4="}},"QGFnNoz3QFkzifF7ju7gVRswfq7WBwD4hZARDU+ECnQ=":{"valueMac":{"type":"Buffer","data":"nU4Rk5J8Vr26o7Kyn3LPqFNm/Fc1iiyg/odOTcwWOkQ="}},"QWczPgeLuOrWq5OsE9N2b+qRB1K4v0cYNTWydn5Xrqo=":{"valueMac":{"type":"Buffer","data":"vcFHKxsp5zBwbdFnM/F8Ghsjss4wiZAIsG5/9pGhdVY="}},"QXpvkKHnzB8FPSEsLYzPCCnxT/G27+6HdskGcqyQcOc=":{"valueMac":{"type":"Buffer","data":"VWvj5isO2GmFCiM9z7L9jJXzDBAeJ5Uh5VtxYnzytno="}},"Q0uDMAYFY8lK/uUzMAvkrIpLE6n9k8bTdrAHAwTriy8=":{"valueMac":{"type":"Buffer","data":"RbPyB36wVWYjFQU5qzu5kDa9ZqCFhu9jwzbfY9iEPxA="}},"RBWCD8Q0s7RYThWRRx4ABx6CWM8YrLwvjnDWWg+jczI=":{"valueMac":{"type":"Buffer","data":"/bkyFNo1TI59Jk/c8mW+apTLgAdnMHRi29nlvHI5Jko="}},"RP+C3s4xqlaVlEnzwwIpZQmmMFnYonCX5x1inNcdKYc=":{"valueMac":{"type":"Buffer","data":"X4PUYoBwjEjUGD6Y9OK0mpX+k9nt5xxMyeRqwG9oa5s="}},"RoG1MVIfxWoWGManXu/2bFSEp+j8TA1supBYwweo8VY=":{"valueMac":{"type":"Buffer","data":"4yeVObC1/bx2L7+yyeFGLFm6MVdau1yVq0pxMt4L0LQ="}},"RsrY58crzhVAlMnt4KwuBznqcQaJoNkOfLF44x8TYII=":{"valueMac":{"type":"Buffer","data":"HShs6BS02V7+6LGzec7S+GFDsHEVenj2K4FRWqNhzec="}},"RxFFwapcW+4wUKIAWlJthB7Ub+u0nFNrEXpOREpwACM=":{"valueMac":{"type":"Buffer","data":"mPyBJUhzsSSNwkdLymFGpclTYQS/s4nExrRuPswSzqE="}},"R0LHL2tOm6Ofb2fw5s6q5AvPqeknY9xfWG24SLonri4=":{"valueMac":{"type":"Buffer","data":"bsUk9gafckWCq+TRuMo/EmQiHI0P4Y/QJlxxP7La2gE="}},"R95DkVVKDNs1kLRcKhKGQh0sytArdbV0TXW/iMtv2no=":{"valueMac":{"type":"Buffer","data":"QryrubptR7TX57V2zsghUoE6Q0vPtOtDyom+iLFZ9DE="}},"SGPrTNQQzp1+zSLG4noo0KURJnW7Pa0Gf2Jv+RWv02c=":{"valueMac":{"type":"Buffer","data":"jDk7gjxdv7tpD6NEO/YiXrnM6VkDPwtEaAsJyBjnqhU="}},"SL2uw8EkWLiYu9LFzHW0fACgp32PJfMeh/xeQjC4exE=":{"valueMac":{"type":"Buffer","data":"W/XdInt3Bh2DyLVgC6d/+PEluWk2BXnkWOKXDUaGZkQ="}},"SNkF1ujZKVnkhI90LjAb+fNWQ3Hm1rat2mA5X64j3FI=":{"valueMac":{"type":"Buffer","data":"ZIhhdV2yaqzQm6AMqxVrDlJ7/Z3F8Uj8V0tIlTED6+k="}},"SP3LqSgwgC+1V7ahJpl6zNSLP2HZzc19RuywjpnjrOE=":{"valueMac":{"type":"Buffer","data":"lg0VXZoOF9YsS4EGbtk0RZY1/uxh+GHhXVLevByOTLU="}},"SadP9l6Y7ywBQIWlRfhue01jUsq5eND6MoP6JdltOF4=":{"valueMac":{"type":"Buffer","data":"JU9ksRopUzYzCjRYdRqs+wetkP9KXVekIvaHp4IYYlk="}},"S65eNpYE9wLprmsZaCKs9d44akZIoq8Gwl2Qjz9eouw=":{"valueMac":{"type":"Buffer","data":"Jl3T46DAtJxUytjvVV6C9lfe0JoBJd1lJUotjMvG2CY="}},"S/2IO05h0ooYBpmPjNEwIC3n96PbDQBBDAiUh7UWBCw=":{"valueMac":{"type":"Buffer","data":"I+PZXzAijPVMVk3NQmMKfLog1JgFCMtzGzH2EGlxbTk="}},"TELkXlZ9jmdm1gp/t+r7dbziWpXKw9PqVQSQzuifJSY=":{"valueMac":{"type":"Buffer","data":"Fggx+OemKWlH7/W97glHTAPucOV0X7oCC6Qt/js6A0A="}},"TRPb8DGb2V2XjMfjY4b+rt0FBvthRWyKYUM7jg6tPSY=":{"valueMac":{"type":"Buffer","data":"HH/NxZlKdvfjVX4pPP1yq+A5GBX5BDzyYbnPtlwtNVE="}},"TWYKp+03Pxyln5ZO1Jc/R6CnKPJf+3D1yRjF1/f7eEM=":{"valueMac":{"type":"Buffer","data":"jOaN8Qovw68fxM8FU9YbiOFGegjv23akWXK9qMs3xbE="}},"TWfpS//LxKUZeAzU0ffWEwPlxOyFAk1o6RXIbmBNHEQ=":{"valueMac":{"type":"Buffer","data":"Kqf438HM1zQ8LEuVkBc7T3RkEkxjLcRSpPzu6wlBq7U="}},"TYdFAS8upDU6NHAA9UZyrrfg+xVpE5yTzxVhvicw1Z0=":{"valueMac":{"type":"Buffer","data":"SUzaAiujeaIODJoxKXo+4dJYpiEXxsdxtpjbwf01b/U="}},"TgSE3q8Q5lDbW/z7UFe1ETUBhFhvWb5j7YzYUjpoyzg=":{"valueMac":{"type":"Buffer","data":"vvdn7LzmljIT1aR0WGM2RbzpU9iqG/h/mq6rKA+u5Gw="}},"TtTL+NJzNaFvafkxuO8U3FyYqDr96A3m0ocasugwoh0=":{"valueMac":{"type":"Buffer","data":"MTF9p78cljdi5UItZR/8xaC802uHvu5jO6xEA926Uxc="}},"UY/x+KwkJif2ayKS1u52HGIEoIVNHGkH8Fr/auddzfU=":{"valueMac":{"type":"Buffer","data":"rz7w985KeOONlHppAv7irVolF8Y41B4TS3HdG0DxJ3s="}},"Uao4HWNrhUdXBAv+DSb6rI1q533qMV888Eqghl3g4mo=":{"valueMac":{"type":"Buffer","data":"v4+EFN3ALShtlMDvsg+xpSejsvORKuCpw8W1dA9Rg3s="}},"UzZdCpCmnJVNbIYmC5iKV99CpBrubHIv8pxF/pRegoA=":{"valueMac":{"type":"Buffer","data":"cULmZ6eQSqCawKpoGGcG94O9o8xAJQQQAZyJ1a6Lvkk="}},"U/dM6zOb3k54OvDcT88nwzsq4v7ULkg2pS6pQ1dYNzo=":{"valueMac":{"type":"Buffer","data":"hWBTyGHRH8RdxErvDgrbmeRW7hpvUWjwSnQi3pM+c/A="}},"U/6aviWLNukLJYiQEBlGAO7+DGemXqwVZ4vQlG0Wg0w=":{"valueMac":{"type":"Buffer","data":"eJEeIjtA0WqIrKiFAL0cVk3noEXuHgFdqK1nYUKkAN8="}},"VW5YRNR6gsEHA5oncOxOft3ERF92RsYmtqrFQgXg/vk=":{"valueMac":{"type":"Buffer","data":"5espVYtmed3nqoEusDH2/z96xSSkoNDgmP9E40O/4ww="}},"Vlyi/FFyT46LMWNlFyJ+ag374RNaVUCwavSX4yN0E1Q=":{"valueMac":{"type":"Buffer","data":"NQ2MIdDQ4nBo/JOf/2E5ffWeqUfHIM0SD0pATvDvFYY="}},"Vz4euNy2dhqTW5NepdMl6doic4nPoziHZOy9qwUynLQ=":{"valueMac":{"type":"Buffer","data":"gY1kuPaxATNcC4vLA8Xa6fSDYL317NO69yITAwP05Z8="}},"WGdcxkhtEnYwdPr5eLxCbSEMG2v+ny0E6ddZef8rbT8=":{"valueMac":{"type":"Buffer","data":"MxC4jHMC1NEtnMXjxqLLy+sFvQFzXfcxpe1Plzf6m+Q="}},"WQpuU4+v4K0nlt3H4ZKjDteijKqz7haS5UEFmuPESdY=":{"valueMac":{"type":"Buffer","data":"Ne0ihuE6YIgViyhztYMS+g/hOahg/n3uQwhOkFw+DgE="}},"WWwon9W596au95W1sKCz/gcf4eF27DvEaPtyZP0PBOs=":{"valueMac":{"type":"Buffer","data":"eLoOzpazhHFwA7WgT5hd+gBk+WrrX5WaV+nbKjVfHjw="}},"WoLhWfKQaoBZ3edAFfLw6ZgV+gRvrTlthZL0dTRlOFY=":{"valueMac":{"type":"Buffer","data":"eDfDsqpnuuKCMRW/0A/LdbHYaOs5WIk+apSe3hXeokk="}},"XArkNbQ6GwTHi6tFeclc/gQNuQiUwlbn0HgrkkCr5LU=":{"valueMac":{"type":"Buffer","data":"N182/tFgVsCumVsmYbay3qgunPZs8WpahaVBhs/PXXU="}},"XCLpe74WbG4d7JYmyf04HdoW7+wczasttPkWJc3UlXU=":{"valueMac":{"type":"Buffer","data":"44YCAmaCvQZU0vVy7C70VEowP/E306RkAajlXL9d3j0="}},"XJGjBipjgTHUYMt7tHHNgpfKyqG4qzXl9xk9ebblADQ=":{"valueMac":{"type":"Buffer","data":"JmLJAkbE5NOqtn83Qi+f5qRKJc7vHVk3W7+woWL1j28="}},"XTLU+s9HU/3KWT93gyWJPr+eMHjOlgnt26WUx3yY6ZE=":{"valueMac":{"type":"Buffer","data":"RAslk3tNP2/b3G3ZbyJPmNgs6866OC9JFh/T5becVh0="}},"XWeGPwuIlJww6nXXLX8Qj6PO6N5tZfiZC36ZFnuvwRU=":{"valueMac":{"type":"Buffer","data":"JuJdmW3uC+VFB2yK2v7fR8r2vFD3QyJYTaGVyjG7qlA="}},"Xw4BGjF5Z/cDaW36YDBhait+yejsB2qGVoSCdD4uYv0=":{"valueMac":{"type":"Buffer","data":"KSk09uT73Y4zl9l67jIwjsGzyDxl8eMBRVq47dgE/pI="}},"X8Bltuar3BaSgolDSa20i/tqqyLYvLAEehuWz5/geuw=":{"valueMac":{"type":"Buffer","data":"8ZZ6K5/+Y6/8oT9KUiuJ456goTnOSvIBgOQ01LtsWlE="}},"YWv44ExW1U/SuvwBCm9+1AdjjiTG3IPgZif4kjl5Ylc=":{"valueMac":{"type":"Buffer","data":"9NPqse86MQHwoTuYiKtpLDaqlRgEVdU8pVGbiaD2wsQ="}},"YYSiqiK9myAYzHNVnidlVrW32EGY/czuyhQjqW2FtDs=":{"valueMac":{"type":"Buffer","data":"c9WVBzrexD6RjueR430gQ61Qr4owTnE+lR3FJT8WX3k="}},"YrUDN3FLTTBscyXKVqrce6Rm99wLT4t2m8ys5qV7Zz0=":{"valueMac":{"type":"Buffer","data":"KG9BkZyZgAPA15BJUyuKhXHywRf9XdoN1EZpWE/Lv7M="}},"YuL5b7u1fNcboho9le5HL81uu/WuRzEfuG9eFKvxb6g=":{"valueMac":{"type":"Buffer","data":"Yj/vJjw1D/Vn0RipqXAIxKltdlaXCH4w6C5W9IzqOWE="}},"Yx2g2ltDh352sES79tcnSVU8Vx4hOoprZJM9CnoHGOo=":{"valueMac":{"type":"Buffer","data":"y50FpdTqlRznxvJKBw+59E6+zs1UTjHAZEqkZcnqnhw="}},"YzZnzb99yH70mAV+7D4MHVqL8KltrrGGEwklRmoiSkk=":{"valueMac":{"type":"Buffer","data":"JIqJLdaXJ0wOt667RH/23wuUc5GLYlOaLUBgAXGp8o0="}},"Y3NVmAsoQm+a/j43czz4S16CFU3HNiaAE8vAz7Movzg=":{"valueMac":{"type":"Buffer","data":"skv4xTYW5i/5GVWyX2frPkazaGi/7Sa4ZJEu9nsaAxo="}},"Y/8rlW6AtXq6cnhGGVFWsxm9ic2SY4AkNmIbGefS8QE=":{"valueMac":{"type":"Buffer","data":"xTVHZtud19ENbuJP65fYqokkSwdP6ONk+wjEfN+26z4="}},"ZF8EJqGTfA5l58EyqEsoUnUBU8NlBfYQvETQk/Ly35o=":{"valueMac":{"type":"Buffer","data":"KD7hbapfbx1z2YzN5QzZc7t4h8eGAGd1D5A7VelqNc0="}},"Zo5qDMQZ593lpdySlq8DBsRyn9DSAJr8ZGfm9H2i3lE=":{"valueMac":{"type":"Buffer","data":"zhR8xn8/tMEaCOiIAlLef2CpIJRi7aRQHlbiN0/kB8c="}},"aE8aS/GDTouVdr0EY66FEntUM2QC/cPzF4qCbvKvY7k=":{"valueMac":{"type":"Buffer","data":"yuS1/13zds2viIn/IGov67u9gfRLNKM1fJKtapTpAEs="}},"aSepAwXxxwcF81Gyvnb+gJD4m2iemT51NgEQFj0zjGw=":{"valueMac":{"type":"Buffer","data":"aUfjZB0LFe65A9wr9jLo5KbKl9Ze9BedZ98wG12CX/8="}},"bBdefR7Ot7xntJcZCDh2nZosYNqQWU+YbrR2LEYhUxo=":{"valueMac":{"type":"Buffer","data":"O9f+mYK0qpfZLdyRKsE2OrMsNDIVV4gQYH5Ay6ccjxk="}},"bI8S/ZKMu9/uLiUvvGzwhA4ddJjMjLQ5/lHCc0p0at8=":{"valueMac":{"type":"Buffer","data":"C+c3Fg2yvtuU82p15kNga9yaJB3/nJ8SFTnj/alrqes="}},"bQjixeioako+i0Q5Y2KzEm5ZIYZogBkywkJg+6jN4rU=":{"valueMac":{"type":"Buffer","data":"gjw1nn8MaHDpR8CZ0PyU+7b+hj96jjHTzENfyb5zCcY="}},"b81foqiYtaIcEK/tVIGezQvro0wz4P3TylMR5hh9bAI=":{"valueMac":{"type":"Buffer","data":"vstwHMOyW9UQUwBHgUsNcmWHFfELD+Gb+HsH4CAjNKA="}},"b9btLGX9PxC9yrb019e2aV7wKpZGX90NHc3QHgefMFU=":{"valueMac":{"type":"Buffer","data":"Ad/8sSlnpbPcZOwLSr5UaYpJwZ/QnuJKxxhIkVxlulA="}},"cgkNcj2FEPFlCjsCzzhPHCUzJoD95rHU7G6BkKbEX8Y=":{"valueMac":{"type":"Buffer","data":"0nqfm5ijhlwX9Azs8aWRD3id1+rcHIYJYGUVb16ruhQ="}},"clkTcCFZNxDt/dnHFtP/JBmgPjjzEUKKVEq9apZuNfQ=":{"valueMac":{"type":"Buffer","data":"/ieaUckO654WsR9K6kPI6hjkq9LJJWWa64LRD2e49x4="}},"dGjSAB+4WWRfBQp8yt1hSKiDGvq/65cS6QbJIkYZxwQ=":{"valueMac":{"type":"Buffer","data":"Er8EONpz2XrnSSrHP9tdrC3kDdfOCAvcG0krnXnq4Dk="}},"dUaYfBvmncMxG0IpGT4M18CeHvGfMPX2lLKLiOmv/Jk=":{"valueMac":{"type":"Buffer","data":"EGvkgWgb2LsbdRchooc68M8uaUR1gMEHCT38Co53wKs="}},"dqVRbB2k4P0/fS5Gjud5CuWavkZ/sGFbvUcB5fDx7fI=":{"valueMac":{"type":"Buffer","data":"p+fGg3u410Xe4ZwzWDsZxcYKsnBsCYS5yyGUijTQO2M="}},"dtTR9OVe+ut7RQUlurkT4CYBJ6IUjbHIFZTaxeSP6Hc=":{"valueMac":{"type":"Buffer","data":"sD8CydayYtbAiINjm4AZGksJNJ7dWQCyBWhsHlCRqO4="}},"dydHS2G6eil9+vzmaxCODxJX3MxCpUE44w2s/r1RgNs=":{"valueMac":{"type":"Buffer","data":"RDecrVy43ghjBs0MVrd3JPYX5aLHnjPxdWJZkfYEU78="}},"d5ZK5jy1/dIJjxm+F1cN0Udtlxind03pcE6yx6JJfI0=":{"valueMac":{"type":"Buffer","data":"AMEwEMPqh4ekJGafYxVv2JOfwLxCfJSYa+24SYSvFQk="}},"eE/1nWaPgTOWWzzL8+A7QRDJNSAgL/01IDDDqSNOXbU=":{"valueMac":{"type":"Buffer","data":"IstmFVFstmhwsJqXLrpASy3vvBpz2e0vl7ut3lFOohE="}},"eSP69GiGQ6XRD8Jv8bE+GLBP7NHtTjA12GdENp+Cg3A=":{"valueMac":{"type":"Buffer","data":"coWeQsQTH+wH4FrGiZ4aacEHttxaMi+QUi5YRstTf7o="}},"eYfW+jyY7bT2ex+4b+GGvr8DHhmtk7S0JKp/7pLJcKA=":{"valueMac":{"type":"Buffer","data":"JRweMtHfN+iKOfKisxHjwz2ivcsEAJZf3sPoaFb2QvQ="}},"ebkntxCfynp6ugkCOm2rw/wk8EgEh43N1tH66VnuX0E=":{"valueMac":{"type":"Buffer","data":"uzRq/bDzSSoENsxtoQ0T0pxpfC0el+9QgTVgRB7ae2I="}},"edpPjY/Nn8t+H8x0CF1ouKMXl8rWYQPi9pCCEoh0eGM=":{"valueMac":{"type":"Buffer","data":"3h4QfY/rxaC/fNu47V9devW+AQ1iWW8Y+5K7BWuuVyc="}},"e1PFll9XyylW24P8pnrVYZlC9an6yACVgSqjRHFHsRQ=":{"valueMac":{"type":"Buffer","data":"PPhzB5gjl70k//0B8ibWRBwvlzjNSOKSFlk9GSrWz/E="}},"e+ut2WfPjH6wOkkSK/7G+fE3kZzHzMv224xnI7bX7/0=":{"valueMac":{"type":"Buffer","data":"Itg6ER1ebeuq9n+PPPuJC9g0vu/uJ7EmhM0UUVRR1yQ="}},"fFbX+yiUK2EFWfEnBB5SrTKTUqiDTKN6m+iyrMKb0Hs=":{"valueMac":{"type":"Buffer","data":"G/dfYvLseK/sQhUPFFUWR/RpyCrtbff5eCVEk/qI2rE="}},"fFvNnQTXkr1SfQ0AM758pFuEV5Szb+WdoyvsNP376ik=":{"valueMac":{"type":"Buffer","data":"99byiPmoWdJZVAV9VtOypL1xFCVDMfTDEeDbYArQpFg="}},"fKMRUgE0ui71cxEUZ72Pw6aGkm3ni8DNPOfS2l3jipY=":{"valueMac":{"type":"Buffer","data":"mHKhw+Qt6s3x593Z/LMAT+bbs/yV90cRf8QvkcK8mSw="}},"fLL1DiA71prM3jAbY6QHmYiSS4tKv3/gyw/vaMSnNoM=":{"valueMac":{"type":"Buffer","data":"65VAQK1Hu1F9sLWWN4GOIsdU3neCHKlNiTT52qAsY1E="}},"fg1FqLY4/B6OqRsDUWEsZKpgavE/Qv9LjQJyi+6+h7U=":{"valueMac":{"type":"Buffer","data":"tIYV9DvwemvMPpOTIVIrChzO73ODfA4NpYmIid8GdM0="}},"fprQMUepvaGZRNJxh0f6gB02BYJH/XvB3yRUrY6K9uk=":{"valueMac":{"type":"Buffer","data":"tn5zD94SZtHevQfdYGeCAYKmOuppomj6J8/AYbc5+/8="}},"f+6Q3CxfO6/vkvgFu1y0yrRNxmPqGq+jrhp/E8PaZ8A=":{"valueMac":{"type":"Buffer","data":"4wR+/ugVujxdwTdxzF6gjqbu9j4I3U59cjkuNEAZv7M="}},"gB4owBra7xy/V73RyU6bxsgVoxvXfzHXmKaSIgB0u68=":{"valueMac":{"type":"Buffer","data":"IGUxkHFntfgpU1q8jIeKzeJFpL7PFiBxHpH6p1DDaFQ="}},"gmYMqAn5N2jHfe5HnBJAcIzsKKoe9SZViAv+lR9f1jw=":{"valueMac":{"type":"Buffer","data":"gGpr5fEvxZnuwBctnMJrMcO0t37whL6kt3Riu0RPTrk="}},"hLUgWrJdXnYZEqNsJEoXdXUAxAG8FgboYYTxRiiYLSg=":{"valueMac":{"type":"Buffer","data":"tZObhINJP6Xw8A0gvUzNDl0zMaHtYCaOvit7QHSC0cc="}},"hzU5bc5Zbjt5+gf/eQ+0uZVxgU2MpxfR0Z8Dy6x3VkA=":{"valueMac":{"type":"Buffer","data":"VY9reR6+pCUdfAzPXK6nAGSyhhfHhlTYWi0w3NXlcZc="}},"iPvRzd3fpzM6vKVb7DdXs3bz24o7rKn1MGKpM3oj0n8=":{"valueMac":{"type":"Buffer","data":"po8SP2a5rUhrBuMoP9RojNx+V52wIsyIzTiAj13pAIc="}},"ino1MhzTlngwA9s2IF/z9x+7FL39rRR/aVtZgEpur7Y=":{"valueMac":{"type":"Buffer","data":"KtDGcIEK4mUUN+gNHkX90mg1RmDk8bBQeTAc9yoljnA="}},"i4NTSD9aaHx7VsIol1tEaY0SYbXdlgX6vI1W31gTdJU=":{"valueMac":{"type":"Buffer","data":"tP7m+tSqdjlwNAMprwUSHZsLpRrGxw3vdwt6ZdYx2ZU="}},"i6hwcKxl+fjs3ZZ0//1vg7qp6k0Cv7maEfb8dppd0qQ=":{"valueMac":{"type":"Buffer","data":"vtXE/3vj/AeQPpp1ybQ5pDSPZjO8TbyfZXXqFsc8m6U="}},"jGI6KLVI74PoqzqzJO4SItHolsBfVpMIbjp6my3IStI=":{"valueMac":{"type":"Buffer","data":"DVq1BMnLBI+tYndxwvKreJj//iLnFexaKxIZW858i20="}},"jlwfce4Qvm5mrI+Ft0vvS7GfdLllXP4bvfxLJzCgOPs=":{"valueMac":{"type":"Buffer","data":"V6KHKzo1Vot7v5zlmDv0Fy3J0LPciMpI+RoTUoy3sBw="}},"j3W1sE2gQeFIt4xdSQjvyBsWKieVCEtnIztW5v0uAmM=":{"valueMac":{"type":"Buffer","data":"Vr4fkAr3qQXbiGmEO5ca7scCUrYmz3yNC9Io9KZrqjE="}},"krK8NpCeEFarB4PETOkEQsuoO+In2Ybp6QunSz0nM0E=":{"valueMac":{"type":"Buffer","data":"7RhQVLLozIUmJ9tpIzFpiRnlVqoSc0v2eDLxB2FECKQ="}},"kwW1tZ74wkusiSHuNipMaq5hOLuKEbbDd9bEMiOM4hg=":{"valueMac":{"type":"Buffer","data":"lBGxW/LUwtnUdm05YT3eIy/0JYXOqZ08HL0itTQB/IY="}},"lON7z8JGMuZnZbGQP1F8qEkxGGSByKMzPLkGW1Yb+Js=":{"valueMac":{"type":"Buffer","data":"gyVICvzo+zXlkmXNxPnE5IEcIKD4AoF6nOwQGv64T3I="}},"lphuWI75f9jbz+DjsJQDAccTtbUi65+1NGHWj9mrtQw=":{"valueMac":{"type":"Buffer","data":"um35svvg9pfmkYS5iDBpoFiNZ8ctaHCfzR4pHWSBCLw="}},"l3SYaIDswhBsxt25bd+gHipwSALchfqOAqPtkczG3sA=":{"valueMac":{"type":"Buffer","data":"OO4Nqo27goU4M/gmdkOwrAwTkoLA02qbuVVn4lu45Pw="}},"mAEVPh2bysDJ3kRMe+Lad8RiGtcWAT5XYCssyrBKNI0=":{"valueMac":{"type":"Buffer","data":"guVh70c/E5I3QX/4oDq7K0Qr9l0QELCgoDGZ6oAK9BM="}},"mATuBZydd8IXZItPzDBItdNDT1uL86QZ39+3dngIf7k=":{"valueMac":{"type":"Buffer","data":"A0Nh29qaeWp3HWXLlUDUNoieMOp+xPxPA3GWzqbUQfo="}},"mBGG4Tezj8DVF7uYCfkfX70ipZkPt3eWBZrqi9CgLo4=":{"valueMac":{"type":"Buffer","data":"Un00rxn5muTzBZkkYmhtuqVfSAcKyyG6hz7aUZu1GB4="}},"mDzNOAyKWyiD2pANmNYA7XlfIT5PxUHxBJZbgps2bbQ=":{"valueMac":{"type":"Buffer","data":"XwwD/hnSelrdodbdSYEwC6QeqncbaSHecr6vzxS6KKE="}},"m3cAS0PNs1Zb8LO3L0AE3neOKvNxBrqcFnePMaqAwm0=":{"valueMac":{"type":"Buffer","data":"q6/yYBR/uNoLTSXzmVuQ4xdSba/cvFlEEoDSiFp+MzU="}},"nMP7pdHOi+qyjHN2vLXcMzjGmyhkDh4t6NzGgtp2ptU=":{"valueMac":{"type":"Buffer","data":"vDo0ThYQ/2jaWQE7LqkkbpBv30CtZ2frUrQzLNAPOj4="}},"noLF2+GqoJaR/TmLUr/pA8HE6TK4iOrMigwm+HJDDBU=":{"valueMac":{"type":"Buffer","data":"4lX4+081yaSU46d5W9oUUTEyybNsRLHT86MjFwu2ZVI="}},"nsY6EHUrr/rJI3wNBq15t+s/Q7zREAq3HeUi46ZaS1E=":{"valueMac":{"type":"Buffer","data":"FJdAPttLt4fJmNpbKZsrYkTajjXcqnwqr0laA0mK/34="}},"oC6R4vMZ563Qout/YFD0JBt+L35gOoRUw30MTho+RtI=":{"valueMac":{"type":"Buffer","data":"pwtwG406Lo+XI4R1Vq6Mt00KFDZkID6C9w8RCL1CDq0="}},"oH5icpCy9ssycCGTn/TUhCpvKAhi9b5YISA1diwfHRA=":{"valueMac":{"type":"Buffer","data":"crNQEHvsJeR5vqPqfUwkqF+LR17bBZy9zWC+b/bZ7SE="}},"oXDJYYW6/AoRsgzpIU81McgrLcmHgvK4gL2qY/Vg82w=":{"valueMac":{"type":"Buffer","data":"vI/NM7m+vZYgjiiTDDPrTacywp1wRgwNAQQFOFZ0kn8="}},"oeJf0hAbgHsX5a1nVzPPgyIJW0nSqdhBuRROd0Y+474=":{"valueMac":{"type":"Buffer","data":"qgw/n9hFfITmOjmhWQ28o1YUeQdRio1d2Cako/CbH00="}},"oi5ljNJyO4E0mo4TTz7Ld6mg3DESH80BuiCwlePoTVM=":{"valueMac":{"type":"Buffer","data":"WsHtKTU50ohKTu2F97Iqc9DyBS6sLjZo7Ye+Uho2kv0="}},"p1goglwWtPQORU/Nu89whiDg4XH9gNdp4tp+/7y4D5Y=":{"valueMac":{"type":"Buffer","data":"4JZRqDYHo2TGZPF6scISzVKI4vsDCwp/sj6TQ4dDe9Q="}},"p/ua0QbBk0ji6f2+SBXxvbLQXlK0hxw8YR6FyPLjPQ4=":{"valueMac":{"type":"Buffer","data":"QIaBgEdvG6+x1pUMM9JFGTtEet+BMPUMIqxvy65hPjA="}},"qECQfMrySOU2tZQWtO5lrH/+jQxFjwjYZz7Xh48H2qI=":{"valueMac":{"type":"Buffer","data":"Ju910OFMdNgCGZzztyNTT/DWMilp1FUkCuXayr/r8Mg="}},"qKRtGUkTwwpre7GlrHahxglCrdU0dNI9HMEBGXF59nI=":{"valueMac":{"type":"Buffer","data":"qWXz8nGPS6oYdJFp+pF/RNs/A7QIo0ziqLp5W9YG3Cc="}},"qjwNk9w+i07KnXZDphhhJQSio/upNCYYkQMs1tLC4Jk=":{"valueMac":{"type":"Buffer","data":"MtBOy4GGwwCTibBO7MYdy3sXsTuwoPuRftHR+3nZsv4="}},"qsbJTRBsw19yLVy3R10tGS86fRdJttr8HjqBORX5COM=":{"valueMac":{"type":"Buffer","data":"+mRzFWfENbj7lIOlxP4l6ij4e38gmE+sDWL9MRMORTc="}},"q03vWd8wWP3wLYdUWWcm9354REcO41yHmVYU/qyBBzQ=":{"valueMac":{"type":"Buffer","data":"7ddY3BS+Elwh9+mx4KGEaDSmIHHiT5gArWpC84NJ7UA="}},"rG5FFpmTFCccGuwjqcQLmDi/nHf+2S3VJF3RI2zQR8A=":{"valueMac":{"type":"Buffer","data":"i+LTTqsMJlWnzcEGreJIinqkpy+RTtoJ0Lb0bVC7WCw="}},"rUkqrgUNIuUo85tt61e08PSqL5ay8hVn+wn8/gr0C50=":{"valueMac":{"type":"Buffer","data":"7t7Z2RmAqmHyyT4imTcIaBd6OPSuje0tqjZDNswTFfc="}},"rVLIpfnJiQpT8HzcHn6OUEQhC3P/2SR62dytXSzy/Z4=":{"valueMac":{"type":"Buffer","data":"o4W4MVWE9zuA3vewh6IgUnQ2zlXhVkTVurs0FfK59j8="}},"rabiORBbr62U2E8p9jgGPpuiPaJOldKxByqd3+Ffwns=":{"valueMac":{"type":"Buffer","data":"wbOinxJFbT5SlfUygj8UlRb0RPQTn1vTg8evWnvCNtI="}},"rb7VqSJ5Sxk4P4lX3/DY+B0HSXfIh+43eawPJcCcaV0=":{"valueMac":{"type":"Buffer","data":"MDfX6GcgzAhw7riGJMFmT55jckJHAskR+JLJwgi+SgY="}},"ryLqU3JApF4vd11xs8NskURJApiyAjIMdP0sqS06+64=":{"valueMac":{"type":"Buffer","data":"/0yzqqNxJzZUxBbIALACo9sc3hsNk3pxHdohBcKaP00="}},"rzmboNq7LNtUkSo51oTTkUGS4uXYAojAARC9stGJjeE=":{"valueMac":{"type":"Buffer","data":"Z8F/V6ZZQFmh0USG9ClGSY05NCSpWWz3LmQ6pICLXEc="}},"sJeOPioiQ1sZUs0+jHY+WxuushDPLNkEGkVAiTCpqEQ=":{"valueMac":{"type":"Buffer","data":"DipQ9xf/uprk7i6ns3JYL7wbdRfsAfFDmZfRT4Mphas="}},"sUmYgfge5BSZ8+wOpEWNfez5FvSX/q2vnvI/QkdhABQ=":{"valueMac":{"type":"Buffer","data":"AJ89q4KlXHpU3LcUbioSp2RyiDezHxJJ1um9LSNE5PM="}},"shuW7NEtLJTpfayVFw7MDgcYXH6a7UuGVJzx5C65DaA=":{"valueMac":{"type":"Buffer","data":"WBX3XyzJkqW36RgAPRi297Y+KomdE/5qHKcw/SKgqnw="}},"s2Tos8qsrpAR6j03RpVSjRSKLKAW6zyqLHjIJGDDi0Q=":{"valueMac":{"type":"Buffer","data":"siO4/J20YxQr5MELBZDpTzjJUUfWSrIxuCmK+l4HLnE="}},"tCPJGD+HJfTxUpDwraKn3QbDIUzbF3zjeu6v3fwcKV8=":{"valueMac":{"type":"Buffer","data":"eDpePsmLvjyFSHLIAD/ba7F8mVlBugV+Xk+uCp1ni80="}},"tKHUZHlFyXOC2Wlj14jE66fKPyqb/XqZFABEAGd7j0M=":{"valueMac":{"type":"Buffer","data":"fvQeDUeiqQQsWCvwzWC7Fb9ajK0/U1+2/KQexLDVR8k="}},"tYOXZyBwz22JkM97+8yZ02zfARGgwnnkL/VE06OqQrc=":{"valueMac":{"type":"Buffer","data":"FcGTWj6feIgVDgmrvBY0tDEuiKkMvS47HL4uG+HmzQI="}},"taRbw67MecuUDEYc8nKpbPAWem2bpqBhzrPinvwjQ9A=":{"valueMac":{"type":"Buffer","data":"LdYDjYz3cEZx4X6tW2l8gzukfG9hohJ0dkss4lIl/vc="}},"tnARzqpFTdE8DhwwqMEX+E+KUCoJsep9lEij4QHT1Gc=":{"valueMac":{"type":"Buffer","data":"YZXihwkzCC+os7JbR2n9VDF+Ppi64aBwDh4roP6JSMY="}},"tpl302D9BLmcM9X6Lf54FhMiSM2zJ7fXfe/TQnkk45M=":{"valueMac":{"type":"Buffer","data":"nAXy08Pyx310jeu0h+7RtFpUaw4/3rtAXzE56O/JY6I="}},"tvzG9EZ0ov4pQ3uE8G7zQULtApEtg0uzQpQCjGLF5ZE=":{"valueMac":{"type":"Buffer","data":"AlmVxwKwenFqXBg4P7ZlTLOIUlDOYPUYAfKEWYe+FiI="}},"t3mPKHKxA1aOgHfRgsJYyI+wJJUfXtIaxkqCfi6c+88=":{"valueMac":{"type":"Buffer","data":"O5Dp8b3m7hQ2dCbHiEuk+ljCm24Ay2tHEXjmiKaMFZw="}},"uMnAcPfC0pD/gPXCcUhgvI/AHyUOI+v/lJl0Le646oQ=":{"valueMac":{"type":"Buffer","data":"YoTOlqo/FpoVIYBJ6rZVN7g5+6AAfwKPeTah1TrvZZo="}},"uOcnoFf9khIO85rZFZX5OHgH3v0S4kDDoBRNVTkpel4=":{"valueMac":{"type":"Buffer","data":"PkcfYww2pSaEMfDNxBylabcejt315lKO2Q9Fab1wE80="}},"uTDesp0+CkzCqTjEkrCGPGMN3bKOrDhoplCmvtrgECY=":{"valueMac":{"type":"Buffer","data":"qT4jIQWKHD3IH2ChVmvsm+S/Qg64q7XlKS1lcHcApoQ="}},"wRNJN94aOK3sJnXQXhXiKgiPeEQZGjpm6wHGziC23Oo=":{"valueMac":{"type":"Buffer","data":"72zDdj2mWBsYkMDrSqWMF67VvvW6Z+db8oxBSDHFoc0="}},"wed2oMoBtF97iIcE7ONYNg/KL7pQ33V1vfyODBnIyWE=":{"valueMac":{"type":"Buffer","data":"GUjX+uaHWLLWWRwlk6bFAqPDX51FZEvOG8tumsD3DyA="}},"wqRR/NKIuXtLDryM4hIZsLuT5jSD+NkBpPEcnGL6eFg=":{"valueMac":{"type":"Buffer","data":"spB7vmEQ1G6MPVDlcgAGdRCIXZYgPk7WkgEzsarMel8="}},"wqRVt4CPJAY7QeKjVv+bFzr3VZAYtzEh5i+zRXyDfXM=":{"valueMac":{"type":"Buffer","data":"kpVYk2U6Gp92fJqfiTCyf/MD9dxx5d6XgS3qWzZ6zQE="}},"wr4MyzDnauPZFT5CzVT47dQH9L3icoMwiaJvIoju5+U=":{"valueMac":{"type":"Buffer","data":"ZrxgA3MyhrVpT6aYVuN+kl5WvDsu5yZO79c3vjLauU8="}},"w08ChEENGPMZeg4Zr3y01YrhIRlgWXVbm6l7T9DRIo4=":{"valueMac":{"type":"Buffer","data":"qo05dmjTtehj9zwRD7yTR0Vm7DMZ/KDv40oTKv3YyuE="}},"w70AgglOS0xrsU8SncpZtCZXpfjvLF6FfyvQ8+nqUD4=":{"valueMac":{"type":"Buffer","data":"fyNhEKSHaI4yL9iMLE3TUVNoqd9X2pF5oMiOHbuSs4U="}},"xEyXktw0oIwoNcv3KG51j7xPv2faX/TqQITEhCA8KYs=":{"valueMac":{"type":"Buffer","data":"gq0SWG9LdFfXw1Q2fMjtqSgwVtOVSm/VS6cUC3BLoa4="}},"xMctu+rK9wNUAgtA7vlU2o3DIoANCSpi8LfsAYpHM+0=":{"valueMac":{"type":"Buffer","data":"fZizVCjH2Bs6DpxeyZnVVZRIL0gydNd2XjUq/ffq89E="}},"xVY1OTYK+Z1xmKCvaqUISJT/eEDWbqApQzDPqFUW+m0=":{"valueMac":{"type":"Buffer","data":"8xFLzL1VfgcWCniVn3mLgpKmLg0QaDSzgxZ6alSqT44="}},"xWRZsbS/hAv7nj8tlm4pRV/rtQ3TnswJJGwHZRDCo78=":{"valueMac":{"type":"Buffer","data":"85C0Y5u47aT56kTp3iLMfFXbUfB225Uf0pMsntAOumw="}},"xrJDTh8VCTB9WV2m0eEZq3I2O9A1TkEL3yPB2/C4jA0=":{"valueMac":{"type":"Buffer","data":"pcCAbjJ5ddkHb6ryz95UBl4DsqFPHF76fLt5JymRWX0="}},"xuY0aBHejzN98pNKiXAO1SgiQIcAZKMM9rAh+946xws=":{"valueMac":{"type":"Buffer","data":"RpGVElXNWZ2Qo+TM3qKBfhdDE1K6niZ7rvf6yKsaxDw="}},"yAtpkom0+2t8zmFMQe0CQkvy2/TjsHKw6OVYiRhFFI0=":{"valueMac":{"type":"Buffer","data":"Z2+JmAuvZTXSae5ZKKW9cvqFVwfhU4bgK1o7vAwDyeY="}},"yNRQ6iCWziyiL3KJ1eq9h0eBJhJt59hIQcKIJal8MwQ=":{"valueMac":{"type":"Buffer","data":"DVdpv23MR0gZ5A9pJj497uJ8QLM1W4W4kICY5PDXz3A="}},"yZlo9IGuqf1uHOfGCWKI6J1+BGHn9RB7mwSTyk4o8iA=":{"valueMac":{"type":"Buffer","data":"ViW8vnSJ9OwJNvV/NbCXYJgvqytd4TBqjYEgkXikIys="}},"yeEk9ax4vrbxsaxDhEMtrbgS4u+LjkRf5hv1alw2mzo=":{"valueMac":{"type":"Buffer","data":"HhSO1DEgjRgUstcJLxc1aniDZqlI3GvPX78jUrEYG+A="}},"yvHg0LRhpPTZ3PnGLyJoaPQ3chyIhlbMgYsA+d5ClRE=":{"valueMac":{"type":"Buffer","data":"pTyWYmKT3vZZeQEx+XGM3ihZV9oXWjd0h0GrWf/mUJM="}},"zFj3vhUNI7rzRyZInkd/OCheyZoAXy8loTIt0BAhjoc=":{"valueMac":{"type":"Buffer","data":"d3hgN8/oioRziSl5IKOAP//756rvnNQ13WghYRlIbQ4="}},"zQ1imDRltbKxpRwt1JxNF2hXHO6OFOf5a+MvsKj+nzQ=":{"valueMac":{"type":"Buffer","data":"lORDS2OU1iYeyjZR3HkwXvOB2MdOw54EIi+xwPvCgC4="}},"z0tmbJDose3tl1MGeiVibA2Mpt1QA1tCduIqdO+8x1E=":{"valueMac":{"type":"Buffer","data":"q70g50N5TGJeEh51p0DvCWSXpuWgdJmC+cW6JcTeOhU="}},"z4XvPxIG+ORVsHNykkkW0rKrwqpQnjaEHfWn2ip+P88=":{"valueMac":{"type":"Buffer","data":"fP6y8BYKvfp9JYNaccy6EMHFVEc6MZUeBtS88QsPFt4="}},"z61jJfF8zYFZIs+/c5Y6LM+HgFo3uqrM1XlbwO/mPck=":{"valueMac":{"type":"Buffer","data":"N88BbZ1NQaeOoky30dbNgePoEqu1aRRcmri85P4xKpk="}},"0RC3Vnes2N+bFabKWjWlDurw6HffODbOCuYDoSJ7UJE=":{"valueMac":{"type":"Buffer","data":"DVpHCMaocbW7BOPHzOOmJv615vDI/Ra456CfRARAlVU="}},"0dm6HUgC430wPzP9m5WEu4sP4X/DtlbbsmEkH0Fe0Ew=":{"valueMac":{"type":"Buffer","data":"Voap+YkqcxKExjv82TB2FJ7wCYft39HzB2RzVZu3sj8="}},"0r3cXAJYggngDg6XLp8HB45Js+4Tzi6xUg70LGzsmf8=":{"valueMac":{"type":"Buffer","data":"t5Gvn1FcTURlWdsa+FwBTg6pvY0OsRVQl5J7iVEk0go="}},"0xShEZ+kvJDWVlFmt5j9m9SkNbY94jKo27skwZENMFs=":{"valueMac":{"type":"Buffer","data":"YDGnn5BWQC4BVi/osyE37M2KWvopspLY7rGmo/PX894="}},"05lv46BMlOAvAtUXHC0+fk3emoDS4nbxZO1UmvT7sYw=":{"valueMac":{"type":"Buffer","data":"eHVhWkJUmvsvmmEthHI1LeHSpGRe5S+HGv/33mqY29Y="}},"1W+LHBTPsGzJtRWCv+YBoYP8KRz2jy0IJEpZ+mR2hkc=":{"valueMac":{"type":"Buffer","data":"91ActV+paJapsl8W0t2jSy7+O2Jon5cn9n3qyQG+Unk="}},"1bF9q01nCOg6A86mZrA2YyesQgVfxFT4BHlq7XgGbCw=":{"valueMac":{"type":"Buffer","data":"vDLYTmttcpcVR+jMA9yAwIFIgilmxUS4T6IElQpOlRk="}},"2OZsOt8VMGdPNAC4hasITFlpoz3MmH37VBZvXKOqJbk=":{"valueMac":{"type":"Buffer","data":"td4RtDWtYEpzVQ2uXPrljp+sgRyrdm6elFHEhmWIzqI="}},"2QJXFu84PrqKNAPVzGTj+f/mPFQ5F4AD7yjtm6AW2kI=":{"valueMac":{"type":"Buffer","data":"nnc1hi+p1PwoF3sauVYobnk1X5tVu3y57Z5xom24850="}},"2U8l3kBddHfaiNYYwhJlpPWvUfpLqUgI87u8IVKBkJ0=":{"valueMac":{"type":"Buffer","data":"F5mAPNjwEJ4O03IpA2vcRL/7CrvBqY1538HxjdOtsEo="}},"2Wk29QNstuK+o787xy5OOxL/EUPNx8ln/0B24OgqMVg=":{"valueMac":{"type":"Buffer","data":"bcU28pBAh77Bj1brLAUgri0n2GWIS6BbzBGO7QyRBKo="}},"2ZZRXVMl1HBmztO7CO2stLSG3sM1RzfIDmY5YlTwH0Q=":{"valueMac":{"type":"Buffer","data":"DTL/8dcnkpVedhBJiLGfhdYEBxrRWzkWfAZ9bfKfqVs="}},"2aEwfJ9ZgKn2rek56RzphijKRevgs9qI6M4War5sT0k=":{"valueMac":{"type":"Buffer","data":"GCjZ44XDHubS+riDLUIHcKMLnUGL0D+D0NytLmTwN8E="}},"2ivyoUb+clGc61KkSJxLVaAPEMvAJrVKkrWgp+W0TSI=":{"valueMac":{"type":"Buffer","data":"GVXA2m61nvyTSRnXDohikObqNVj5WTNwZVToEcOGgf8="}},"2031bIQ9V618CL1TRkXP9/tOETezi4D5WY0CGkYIs9E=":{"valueMac":{"type":"Buffer","data":"hyv7aWR9WENS/OHvYfnXPdninpGaNATNiPIhYdJ5PaY="}},"25ADhOedXMCl/64EY5OMYm1hrVT2mj5jfBoSAsLUDRw=":{"valueMac":{"type":"Buffer","data":"117ljN40xqg3Mb5gNBzzB80kRkQAmjtkT+59knV25Rw="}},"3/D10JMOnA+ypBT4cjyCHovlUh/Yj7ryy8w1y3qErjo=":{"valueMac":{"type":"Buffer","data":"+uZju7G5Ok/4tYlIBRvpwrkBXW8sSdQthnrRGVDFFns="}},"4HwxUQfDy+b7qAQOp/hmylTU6iLPkBKbKmNgSAPd9Hs=":{"valueMac":{"type":"Buffer","data":"yTxf3Vvj/+lLW/GHW66MCKucAAZdFOUXlAAJarXJ/IM="}},"4T/UZfkQD4MkhsKhcS5p15sKj/jPpoMXMMIH/XnucOY=":{"valueMac":{"type":"Buffer","data":"cvS+5Ua8ND6iPeoEG1S3qq0QkgUGeQMuB9T0AB62rpA="}},"5IgnMQn+r9dxO8tjljTrNDocwi7tmYpCon2TWhjF+ps=":{"valueMac":{"type":"Buffer","data":"Gy+dqBum/ssWhlzURLH+aUQWPmRw3wgCpMlXJ8jm4nQ="}},"5rRQJjwP2rx/Kyd/9+znxyqhS9D46tVfnmuyfrOa44M=":{"valueMac":{"type":"Buffer","data":"0llD4JS1ly2mHkMChfw2R9zltxXwBp5LeGNCKxneI/E="}},"5zCayA/SmUrISJ0I5Q2DZYQacG7Xiy/MEcrD+hzM1fw=":{"valueMac":{"type":"Buffer","data":"nLIcUmXKSs/LtIM5Up0n4uTKSh1vBt4i/qZhVaCaRbs="}},"6J+uZw4wSMnak/8pNTeV6Xtb5dtJobfHgrOfMoYohb0=":{"valueMac":{"type":"Buffer","data":"vFo4F6ScdbXTFIufy/YZDoC9JvsHZi5e3dleke6rVEs="}},"6spWUUAxKeG/fhamURucYIsPgcBQNir6e4tWrFHNhdc=":{"valueMac":{"type":"Buffer","data":"KtA4D/vjqJtwMyTum0JrvoJhkxrgIa4prKaAI+lGfhE="}},"7Lk4F0mSnS6dg8jKgZknKKRcIjE2Rg66cHbHab3JZwI=":{"valueMac":{"type":"Buffer","data":"x2MaX6uTWj5+suiSpNEvjda//aM3/sQsZwhs7pJ1C+s="}},"7NhyRXHJoGEkxVcks8JGm8t8PpAwXaU6TiOpYvgyGxU=":{"valueMac":{"type":"Buffer","data":"wv4kWtzia/ue4xMhzeQYl68RaZQcHdNFzzmgURbG3wU="}},"7tWtHhPFgJ5fhFMFeMgXsZfneW6i59APgdAwz+yu16g=":{"valueMac":{"type":"Buffer","data":"EU6CilGsKP9XRnULox72mATeCUl0iY4Q4Q7NHBlw2Bc="}},"78R5eOWv1fXdqc90wk3ApwQGKvAziUNanK7XPC05PN4=":{"valueMac":{"type":"Buffer","data":"hf8ihSr8AUnlJPPGVeYkR6mboSVM6NlVK5pyafVZARE="}},"8E1pnRON2Asxojimxcn+SE+6G0bEC49QNumiO/AgmCs=":{"valueMac":{"type":"Buffer","data":"HC1PBapRiCJCFIUSgvVX2uVjV4N/86G6vL5k3njkhyw="}},"8Hcu41ND3FXeDEHNmdM5PUWR03D579o7KIMUkIE7HV4=":{"valueMac":{"type":"Buffer","data":"r2A/XFt60rLDZHqJGCiUKle7PSg7rZDQdtAe8ZyAsJk="}},"8wAgfoLdRNc36KUnt8PRdi9OP18qBnDP5shXYkGh+8c=":{"valueMac":{"type":"Buffer","data":"vpe5aaZBtCFWC1aPon1/cfiVtjmoQZK5QEIWFHuS9Ds="}},"8xqBDXoeYETr0IhKydGo8rl16UE+CzkpNYX+679cQI8=":{"valueMac":{"type":"Buffer","data":"wgsNhKPQRlYsgqyN2CMSRFGzSI3ZbixI0diAuDDd7PU="}},"8+f4jkfWUVvwnRxvwSUpxdGTZdltxVqTNTvHDcBrU8k=":{"valueMac":{"type":"Buffer","data":"8HBhK+zdQcQdZw+8KAAGjvt0MvKxDW061LxSTSC43wg="}},"9FnqiV8V7sB5Ryp7sMieIbCvEH5ZhvTRex5uo35g+Mg=":{"valueMac":{"type":"Buffer","data":"EmL7sKuhA5KI5Np1EP/SShQMDGpy+0ywBjX2pJJYp78="}},"9xKhcQWOUB3mbYjH+FKauuq2afuFMJgYzabgI13uwek=":{"valueMac":{"type":"Buffer","data":"4wmvXp1daHO2ZDfOI5NV2H2RmQQtDy4VZerufzrG1m0="}},"9yBQHIm4d9amLGE5x4wtAF1tkD+DPpqpB1XRFbmEVNY=":{"valueMac":{"type":"Buffer","data":"8ptPPyeUAVuKp2Y5lLJjnuNM/VzQuLI+OeoFUTPMFVM="}},"9/IWIEPH7iz1K1fRONK5fzQKdaAEMRMuwmeX6mJ+HLc=":{"valueMac":{"type":"Buffer","data":"IRpAvEBU+h1FNJ6W4VZyLvqVYmYwNeLEfAF8L/i82i0="}},"+HGHN9m8BcdGoyghc4PfxrZrKDZ8UAtNkHa6+QEv8iA=":{"valueMac":{"type":"Buffer","data":"JLaMCjw6rnJ0pludRrpzY3HyxPVHm2KiP1p753YFFCY="}},"+Ow6fmlF34FXSv9upoNH5dG4l1vRZbjwjHh5OoI93qg=":{"valueMac":{"type":"Buffer","data":"bk201A9ZjI7AtszEV6gEXerlPFwABlB6AoX1iDiKudU="}},"+ZrHBru9y2me80K5sb0T110OnjpP0U3ZCHIlNT3JDro=":{"valueMac":{"type":"Buffer","data":"6qqWia+aKJr9v7f+v15e+h8ONdVtaHtVKE7BDcF6xrs="}},"+hjMek71sIXqZ45s0V/cQ6u/VduHvNTEU4W9pqzCXlM=":{"valueMac":{"type":"Buffer","data":"aPFzyEy35XBjD7Y5tyE4uj42Fe5sKxdAiH/uDESG4Mg="}},"+vIySWJ6yWnjLArAvo9U4RRBDNQxq4ivIlyszCEBzmw=":{"valueMac":{"type":"Buffer","data":"nC8RrlW1TCMByJLICaMtoGngphDKIeSHrAIXFsws040="}},"/g8WrWZO1uApwTl6/g4rqYG70H38D7Ovkmp9VXG018M=":{"valueMac":{"type":"Buffer","data":"CRlfUOOCH0VoRMvA1zqyhPvO7xRTfY5/MLmIwW4QCqo="}},"/7MrmDgymNvoq06b+lxgZIZeXsUSHgELAmct+T1C2W8=":{"valueMac":{"type":"Buffer","data":"GHfxQMzAhDGweVH1GTq9efiWnpzO03bii2eXMiAqLhI="}},"o1RdLUvNkEVQvLiD593o2SHfQKbHccGpKkFvtCfmdnc=":{"valueMac":{"type":"Buffer","data":"vv5WfJVKP28sgi2+lhf5jqckyZONmXVE9mZz78uxgqw="}},"mQTiLbph/e23Zn5QXyhH//TL0euMsUsgnB+rsrlek/Q=":{"valueMac":{"type":"Buffer","data":"4aLnrfqCxrxwPoL9R6RMgCcFMQMFrNrXNcMwZyLPVvw="}},"q4F0WvR2f7jDsCNWY7sZioedE/s/Bo49VCzQFJ0F3A0=":{"valueMac":{"type":"Buffer","data":"NyAMlQZEjbGcM77t8xwK2SZxTNyu44DMwwRC4oJNTCU="}},"Ac7fA4fFIJR4Q6AuU2gy/okkl+2DByFbsu1C5L19ZgM=":{"valueMac":{"type":"Buffer","data":"Yc/SXoM98Nr8fJIbg/+ofIOQGEV8JEZ0p/SM51obDAo="}},"pioX6f5vUmMb7nPPdL3+FnyETqkNUeGwARdRW2GMUWM=":{"valueMac":{"type":"Buffer","data":"jc6GML5F+GbHIMhezWErZN8lgSGtyScSmpKJfQlUlgc="}},"g7ixAzl2wjV1BBC/NRi37SWqs7Q7rSNXMp5c9LgrtYQ=":{"valueMac":{"type":"Buffer","data":"28K/Vek7R+jl8Y1sF6NgAarszHZk6+dH/S06MFmYpi0="}},"8Fyk05xImz8OksXAdN4FdVRfYe+WYYrMS4wc9/9kfIw=":{"valueMac":{"type":"Buffer","data":"ubE/+rEOSj9L0njFaNG49IuPR2jfphDqNBTady+4w+s="}},"RBJMc9oSGc8Y6XsThb+gc+wCPloCaCATM8y4aP4vxWQ=":{"valueMac":{"type":"Buffer","data":"KzWULF3S1FgTCKzGuGukHSGzHyx5WXMdcFGa4o8MfLw="}},"j9DThgQ19JrJiMZ/9ZhIfyV59RvUJkEtZIAd72w5U2Y=":{"valueMac":{"type":"Buffer","data":"Hag2LcplLbZvMjwf0MMsvehnXlYmf46F0/Smn7PbHsw="}},"ob/A7W2JaUjhbJiepibGRzYWdputggXAwY58ktIN+Tk=":{"valueMac":{"type":"Buffer","data":"Zy4pJt2U6ogxGW0WKKQicC2vlw8mUbAPEAMyEMUrRE0="}},"Tt2TS8ZP7LPpQQyp5ryX+jvu3FLmb9O0KUPD2Vyk7gs=":{"valueMac":{"type":"Buffer","data":"zvhSaTOJBIIFE9VMShBQvDdKrFCRZdPBkT2G2jydW5Y="}},"sp/SLi3XqRxOoDeH9EdY0I+erJapLFhQd8iqftGC5YQ=":{"valueMac":{"type":"Buffer","data":"Ej0Soet1Oo/l5eaplJ/HndEOiUjFj5AP836m6J3Khts="}},"w1HxkVCm0Vw1dVnloRNuCAmgDXs1NYeo8YlU8VCdzSE=":{"valueMac":{"type":"Buffer","data":"0GO/DWiQ5T/Cznqdto9Hleiehr/uhYtHRe9Qkhyhwb4="}},"qjYSArbaY3SMZAN8nXs5ZeCQG2DqZ8Hq3EMEm8Onb78=":{"valueMac":{"type":"Buffer","data":"DDCAkYoKgseoI+VMw566oVDQi+JoNQZGjFlvaIQRUa4="}},"0qYkVD3DMzFBcPpw2yp/0SFRcd8dNV+qthJ7YFPY0CY=":{"valueMac":{"type":"Buffer","data":"mv0px6OFpvn6fRUL02QPXK4vqi1PZVAiC7aSYeNXvDM="}},"jp5sC/8feGUpEFhV3vadacigd6Nvk62XzJ/qc1xccWE=":{"valueMac":{"type":"Buffer","data":"sK8RqnZpNZbfJuBxS7p1qE23SbSl1Ub6BUrRLILARuc="}},"RPBQ2xcV8tv2dTLLuTcuKJzvXkkKYNG86RKSBgUIIyY=":{"valueMac":{"type":"Buffer","data":"A6ubVOSaGDEMW3DaMm0fIQpNF9b4ZIANLtpHuNpIic0="}},"T2QXHVKcr4ntVt+LnEnqa+sOD0pV99WVEUsAmwOFF78=":{"valueMac":{"type":"Buffer","data":"cq9AwkpQPhSo+mP2WaqxwAE/EM+uRQAigfmT0Xp8ADs="}},"Kf+untKCGEoT1XfXkowtzy0+yIE8zVUKvsz7EASl6VE=":{"valueMac":{"type":"Buffer","data":"oTnGiFlDcswUNWQw7YCNLzvBON+DGStP1Iehz0X3piA="}}}}