{"noiseKey":{"private":{"type":"Buffer","data":"kP3fO3Ki2c0WaRYD3PPyHe0oKn1F6S9UVhMmcIxuqnw="},"public":{"type":"Buffer","data":"53DmKOL1IgO+zPZYxoD30IBbkYvF1t6n+Z680TcTJ3Y="}},"pairingEphemeralKeyPair":{"private":{"type":"Buffer","data":"6OnO8IfxA6pPK38mfNbiJ0uomVCPthx7rUQCPdq7Dn0="},"public":{"type":"Buffer","data":"y2MOOxzEDmUHhHB4a3U9/hSRIuZGEjuMXEO88WPv9ns="}},"signedIdentityKey":{"private":{"type":"Buffer","data":"0IfV7JRKiTToenfc4IaLpk3MJdSedSLPqXGLrxRq4GQ="},"public":{"type":"Buffer","data":"IkbM9tjhx1nBwXb9fNmohMo8zHhdDgA01gt6VNazyFI="}},"signedPreKey":{"keyPair":{"private":{"type":"Buffer","data":"yDRGqhRDD1BUwrpvZ0aY0RjyMYl/AJi6EKiAIti1s3E="},"public":{"type":"Buffer","data":"Zjw/ezc09fQHUG2rRYzmCasbADfm7+nrblPcyjdZ/Gw="}},"signature":{"type":"Buffer","data":"12nTkxccRdUi8OXuHl+cy796EeWmHX/Ta+FCXBUCgUHCp/hwZfRRqnKYF4jQ5JYgYPDBgZXdAqtTa1fbRVpICg=="},"keyId":1},"registrationId":65,"advSecretKey":"a2JIL6FRuKgzDSk+zvX7jW8+yiAGBkfNKEawZC5EVww=","processedHistoryMessages":[{"key":{"remoteJid":"62895433590601@s.whatsapp.net","fromMe":true,"id":"D6620114A375C000D9601A3F7087EDC2"},"messageTimestamp":1691245950},{"key":{"remoteJid":"62895433590601@s.whatsapp.net","fromMe":true,"id":"9EE84CA0941687DDA02E6A41ADDE1F18"},"messageTimestamp":1691245950},{"key":{"remoteJid":"62895433590601@s.whatsapp.net","fromMe":true,"id":"1ED75574FDB0171C1C90E8B444518ACC"},"messageTimestamp":1691245977},{"key":{"remoteJid":"62895433590601@s.whatsapp.net","fromMe":true,"id":"2369CBA6BBAC5EB85606036B14B872F9"},"messageTimestamp":1691245980}],"nextPreKeyId":143,"firstUnuploadedPreKeyId":143,"accountSyncCounter":1,"accountSettings":{"unarchiveChats":false},"deviceId":"aDNA39qrQqeKc7ZlOaINjg","phoneId":"93ca0518-9105-4414-a3c1-58520a5dea5f","identityId":{"type":"Buffer","data":"f50P/KXpagcCqGA1QG5OA0+fzgI="},"registered":false,"backupToken":{"type":"Buffer","data":"3iFdbH9cd6mlrsr5KR15d8IsbHw="},"registration":{},"account":{"details":"CLG6zqsHEOi6uaYGGBA=","accountSignatureKey":"ftaFX+ecVpOpkVYQYwdcrY4SQGTPX78RYbAWd4vYJFw=","accountSignature":"qxPky+PB3WhDidU/+KBb5oUpax+clT1rwzc3FVjXmLfp3nCMmd6mSd1qfu+r8jdrD2ZoWbnJrO35jzEEKNpcDw==","deviceSignature":"FNYq9lu+YFCxlQGU8uYWQU6paV1SOmVdKOnkzwUDH20Ii+Z/jySjhKAjKolQFUGpvulTsifaAW64OkkrAwcbAw=="},"me":{"id":"62895433590601:35@s.whatsapp.net","name":"Halofa"},"signalIdentities":[{"identifier":{"name":"62895433590601:35@s.whatsapp.net","deviceId":0},"identifierKey":{"type":"Buffer","data":"BX7WhV/nnFaTqZFWEGMHXK2OEkBkz1+/EWGwFneL2CRc"}}],"platform":"smba","lastAccountSyncTimestamp":1691972310,"myAppStateKeyId":"AAAAANq4"}