[{"senderKeyId":295571871,"senderChainKey":{"iteration":3,"seed":"lMAw28qnLTFgqpj4nXQHIdD6lpTQNlqg6uMkomXN6FE="},"senderSigningKey":{"public":"BardPGt88iIPVh46MH+610X0k1vmWQ5bMfPgcFQxQA4L"},"senderMessageKeys":[]},{"senderKeyId":1163701347,"senderChainKey":{"iteration":10,"seed":"Qy4WpQYhKrahE63d7ik2J1MVx1u1KB6fwTdERWcwTJU="},"senderSigningKey":{"public":"BcMOvrqs52NC25y5goobUEUGGj7uypRCkJdLlvfCbXAE"},"senderMessageKeys":[{},{},{},{},{},{},{}]},{"senderKeyId":1163701347,"senderChainKey":{"iteration":9,"seed":"yzs+fM7xWbdEs6AY5ovyRTkrLZjQ1Fe7owx/Jh8nGXI="},"senderSigningKey":{"public":"BcMOvrqs52NC25y5goobUEUGGj7uypRCkJdLlvfCbXAE"},"senderMessageKeys":[]},{"senderKeyId":2035567958,"senderChainKey":{"iteration":6,"seed":"XzSGqvxJajgQvINKsqsn2qteLL673O2RRl2C9oyqZG0="},"senderSigningKey":{"public":"BVqEyE1wXwpnwPS3SM7rl8be1MOPNDZqIxG11/Mccgci"},"senderMessageKeys":[]}]