[{"senderKeyId":410696796,"senderChainKey":{"iteration":2,"seed":"jsVbTA5XaaQFpuTMElBXLMLkNqwhDDv0OJij0Rg4nDg="},"senderSigningKey":{"public":"BXhPMY1kP/Nd9AnMcVVOUbmqDuhUwZK39t3//NtbeW5D"},"senderMessageKeys":[]},{"senderKeyId":487738763,"senderChainKey":{"iteration":4,"seed":"f2dzi+kP2z8L3NcbR7zgtYcNiKEHcA38nL1EmPBPuAs="},"senderSigningKey":{"public":"BRkj6ERuLA3/vaNpixIjxvglc2KJiS7FMZ/cpBDWE+cu"},"senderMessageKeys":[]},{"senderKeyId":138895340,"senderChainKey":{"iteration":8,"seed":"l/A7CyVb7J0vtBeB76IGxW9XbXJ/qALi+8x5eGV0goM="},"senderSigningKey":{"public":"BWoXSfceXi+6ZVibinyBq+b88yKTX5QHk6l89EqE/StP"},"senderMessageKeys":[]},{"senderKeyId":138895340,"senderChainKey":{"iteration":4,"seed":"EReQiSHBunSTdeklcLHj9KVxajl40WhMbUSe2yL9OBQ="},"senderSigningKey":{"public":"BWoXSfceXi+6ZVibinyBq+b88yKTX5QHk6l89EqE/StP"},"senderMessageKeys":[]},{"senderKeyId":1184574376,"senderChainKey":{"iteration":6,"seed":"MLhmuQaCzoYtg5vxjxppzZGm9mik2VxAct2Zmci3wTY="},"senderSigningKey":{"public":"BV5Y34ZnOzKf+MgpdrD8rq0epwMUPWpo2U6ccOkjdF4c"},"senderMessageKeys":[]}]