[{"senderKeyId":841123771,"senderChainKey":{"iteration":22,"seed":"8yKE0AQlpkUuZLBq6BJH0czt5Flx52Bt8GMBdlAQKxM="},"senderSigningKey":{"public":"BaceFDlQf5/hdEwn4GV5r9gTg79vQEeGMSO/rmNcLzIu"},"senderMessageKeys":[{}]},{"senderKeyId":841123771,"senderChainKey":{"iteration":12,"seed":"tVPvQBinb9ZJi4l1AkNO7JibQ7pU8PHi5L15G3OrCJ8="},"senderSigningKey":{"public":"BaceFDlQf5/hdEwn4GV5r9gTg79vQEeGMSO/rmNcLzIu"},"senderMessageKeys":[]},{"senderKeyId":855014986,"senderChainKey":{"iteration":11,"seed":"Y4dtN06ecDFi4z8bQLw327wjhnMUsBt2LYjAV95MnYI="},"senderSigningKey":{"public":"BbOxkHUuuyr0/UxXTlDxEjR71H/4Ns5Ls4x22smE/jIY"},"senderMessageKeys":[]},{"senderKeyId":340766804,"senderChainKey":{"iteration":1,"seed":"HTIcNHLmfOFjT1tlgYJzYjO7epTU1qnComxJnbiYwjo="},"senderSigningKey":{"public":"Bfi0nuE7yAWAz3QsUhXkKMKSXDE1Y4Zd/kBDc+sv6eln"},"senderMessageKeys":[]},{"senderKeyId":1982757613,"senderChainKey":{"iteration":5,"seed":"QkD/rvq9YKTW2HYJlgKZcoWmKIir0WUsB/xmzP0ju/g="},"senderSigningKey":{"public":"BV+RBv5cj7CXxcMi8uiBlU0aSLX6dTwx3KA+Q4GEEGgW"},"senderMessageKeys":[]}]