[{"senderKeyId":1201184192,"senderChainKey":{"iteration":13,"seed":"OaEYRYTPAqNIC12Nsx4kuWxdmsS5WPLoG0qYKJvuR8w="},"senderSigningKey":{"public":"BQXFmwvUN+/9+pwQHPbRFAteZEtO+85yb1XFIr3g1BIK"},"senderMessageKeys":[{},{},{},{},{},{}]},{"senderKeyId":1929472792,"senderChainKey":{"iteration":1,"seed":"ih85GYg7SAcpbvzSZhPuhmWhP21uQIa3C1EpAVUGMnk="},"senderSigningKey":{"public":"BRmZvS8/avd3icnSKMBiH2i/RepCgR0cBzXOusCvZXQ9"},"senderMessageKeys":[]},{"senderKeyId":1201184192,"senderChainKey":{"iteration":5,"seed":"t2AQP9o+uKzFi1bdcsCwAq28NIwh2ILuPtK59FXzB10="},"senderSigningKey":{"public":"BQXFmwvUN+/9+pwQHPbRFAteZEtO+85yb1XFIr3g1BIK"},"senderMessageKeys":[]}]