[{"senderKeyId":1333311772,"senderChainKey":{"iteration":69,"seed":"Ez+aMSxPutV39UXNJqCg9mIl/xaYhysiXNwuBB5JljQ="},"senderSigningKey":{"public":"BYufakk9D5pmykBJ5LOHO4u76m3LfdydwKDwEjVI84pL","private":"cF3YU8CfT1Xf496W+bbYGykltVnQGF+SuamlwQ5TMlI="},"senderMessageKeys":[{"iteration":1,"seed":"Zv2Hj6mv/eVbCQMll82oiWJP0unlatgaL+2K2vZV1vc="},{"iteration":3,"seed":"pjYx220RMyEsdTvGmkt/QhCpWEdSF9FoiXpMZOxO+1Y="},{"iteration":5,"seed":"6bBB25+H3E6w8/cf1IoM5BlyzRaoUr7WHvUAs46Klgo="},{},{},{},{},{},{},{},{},{},{},{},{},{},{},{},{},{},{},{},{},{},{},{},{},{},{},{},{},{},{},{}]}]