[{"senderKeyId":1919001803,"senderChainKey":{"iteration":1,"seed":"+2YQqxM7mfdl/NNe4CGA68n/nMqjjlN+ehlZDlvU5ic="},"senderSigningKey":{"public":"BWC3UR8jo4JpBXfzAEOd5j2V2VOyofhaMPzz7QAmS6Qg"},"senderMessageKeys":[]},{"senderKeyId":1397333220,"senderChainKey":{"iteration":1,"seed":"R2yuIKbREbE9ZsV8vTmc+WWS9NAK+96Z/+EAXYG+owc="},"senderSigningKey":{"public":"BZN7X6x4QjYBmGsK/OaC8va93cMUiE90BRx0sy5ADLZv"},"senderMessageKeys":[]},{"senderKeyId":606423169,"senderChainKey":{"iteration":0,"seed":"2Jxyn5Qj+N2pwlJXQIHyYXkAKOYWPQGFJiDukqjyurk="},"senderSigningKey":{"public":"Bat2X4KTrK33d1wrLlCYcaflt5ACMBYSI1oa9K5gJAcN"},"senderMessageKeys":[]},{"senderKeyId":1250517530,"senderChainKey":{"iteration":1,"seed":"/hntSWjzcgw7c06rJeVKnO01K+r116O2xy6N/QDtA8o="},"senderSigningKey":{"public":"BeQudtP2EQMJBSwaJK2fGWkyGyYJQreldhcSRmC8/Jh9"},"senderMessageKeys":[]},{"senderKeyId":517801748,"senderChainKey":{"iteration":8,"seed":"9Gojoy/TXL3bjzUZsymMpKjxqYBEV+F2IF+NLrAlr8g="},"senderSigningKey":{"public":"BVzf/yYvhvehTZC+i3Aw5v3gFA+9GmNiw5G1jaR98wcF"},"senderMessageKeys":[]}]