[{"senderKeyId":1777269523,"senderChainKey":{"iteration":3,"seed":"qpVpElW9X0H+KWAmuLeZ0hCmHykINA57QTmCJYsRJkg="},"senderSigningKey":{"public":"BfxvZVInMtOZ2PuAoSAMzXzLP6wBOjeg60pVFCyysRh1"},"senderMessageKeys":[]},{"senderKeyId":707396755,"senderChainKey":{"iteration":0,"seed":"5MOBNgKBN2zRiRU7tZifeEPSSViS5k7z/mU3aMaP4ts="},"senderSigningKey":{"public":"Bc03PjhHWjRIv+wwbBqj2Lm2jmEgiWIMe8lJqOmi6T4p"},"senderMessageKeys":[]},{"senderKeyId":234839334,"senderChainKey":{"iteration":5,"seed":"K0cDiVEtyrhnj2ctPeMHxUUuIXArmG86R88TJZwXDCY="},"senderSigningKey":{"public":"BSCCfG+yIZhqhbGaVG0ohx1NRQZEIR0Zm57JpZRM9clU"},"senderMessageKeys":[]},{"senderKeyId":2012883013,"senderChainKey":{"iteration":1,"seed":"0GSPoM8BbZ/yyme8VCMYZrfZmTg5ELggf2b9v4IVrHE="},"senderSigningKey":{"public":"BVxRkpnV8GpliCbE9+bUAzvEex6x//wL8P0BYpTB0J8c"},"senderMessageKeys":[]},{"senderKeyId":687968447,"senderChainKey":{"iteration":1,"seed":"eAPb2NUNuVa5YvDLy/jE+kkzjBq3qp+e3UZSTNZtVSY="},"senderSigningKey":{"public":"BTiKMsDIBWY76DqKxvVbaIFsNBsOFlAhCcKylLN2xlZH"},"senderMessageKeys":[]}]