[{"senderKeyId":737980459,"senderChainKey":{"iteration":20,"seed":"3gTCEh3IuF4IajXOBm4/Ybk7d7G+j+kzj34aoM55orQ="},"senderSigningKey":{"public":"BbOW2zHp8Sovzf0iZSlx2jjrAgI7GqtgjRgYAUdZ54F8"},"senderMessageKeys":[]},{"senderKeyId":737980459,"senderChainKey":{"iteration":8,"seed":"x0MhvVKuaHw2Zrg2H52GyG5IpGv/pSW7RYet1Ab2tGk="},"senderSigningKey":{"public":"BbOW2zHp8Sovzf0iZSlx2jjrAgI7GqtgjRgYAUdZ54F8"},"senderMessageKeys":[]},{"senderKeyId":737980459,"senderChainKey":{"iteration":17,"seed":"H3QU3KdjJ0rCd/nPRjyZMx3KZFh6MOIoriKgKdSiKWo="},"senderSigningKey":{"public":"BbOW2zHp8Sovzf0iZSlx2jjrAgI7GqtgjRgYAUdZ54F8"},"senderMessageKeys":[]},{"senderKeyId":752494462,"senderChainKey":{"iteration":10,"seed":"K06WPEyAwsm+Mlb13P206pxvleuAP24fw4bch0X9mYs="},"senderSigningKey":{"public":"BfiG17NXn+Rmg4f1iLD3eFYBKHJFh7Xlq/ptpCqimf57"},"senderMessageKeys":[]},{"senderKeyId":752494462,"senderChainKey":{"iteration":7,"seed":"vJ9LoiFLcjMXD494InrbuHeZQt7azxZxXXPJSRmlPfU="},"senderSigningKey":{"public":"BfiG17NXn+Rmg4f1iLD3eFYBKHJFh7Xlq/ptpCqimf57"},"senderMessageKeys":[]}]