{"_sessions":{"BSjbAw/Cwc2iwseLLGYL2hMjba23coixn2dNaHYutPs+":{"registrationId":1712270527,"currentRatchet":{"ephemeralKeyPair":{"pubKey":"BcBDAkBi8ilfGXyw1eJOYNDEX/SOXT1meZGRUT8atjok","privKey":"8FvePri020OG4WEGVoU9xTQN5qzbE6I88NW73Mg4glo="},"lastRemoteEphemeralKey":"BZDZHHBKRs4u7aHvwMjK+k6J59WFAVI06XQ3izPXM3hn","previousCounter":0,"rootKey":"onT9NkhjG+AjzuO+uSy/5PhhsgxeHxpqdseasDoW/JU="},"indexInfo":{"baseKey":"BSjbAw/Cwc2iwseLLGYL2hMjba23coixn2dNaHYutPs+","baseKeyType":1,"closed":-1,"used":1691247624383,"created":1691247624383,"remoteIdentityKey":"BalZOis3RKoEDHo7tBhI4LabXcSMTKUOIjk7Q7dMxE8M"},"_chains":{"BcBDAkBi8ilfGXyw1eJOYNDEX/SOXT1meZGRUT8atjok":{"chainKey":{"counter":0,"key":"mlRYoaWIVPLHNK4KmGgEODdQt5wu6BdFRUZJgYYH364="},"chainType":1,"messageKeys":{}}},"pendingPreKey":{"signedKeyId":3,"baseKey":"BSjbAw/Cwc2iwseLLGYL2hMjba23coixn2dNaHYutPs+","preKeyId":15283910}}},"version":"v1"}