{"_sessions":{"BRE4rWaEuDeGfWfK2cPXYgiEsr9hgXgToJ7A0qasjNAX":{"registrationId":276784960,"currentRatchet":{"ephemeralKeyPair":{"pubKey":"BfnpWo+TfGG0QPbCi6TerI5LAEDwwRhkcdx27V0aJTZk","privKey":"gEqEA+yK8jOb1HK/ZPTTKhjj5M6wYWxmH8zACTnNtkY="},"lastRemoteEphemeralKey":"BUhZFf9W9vjuevJmibBFlhOrl8v4j/PaJVHp9t4lDPEl","previousCounter":0,"rootKey":"/OZ3pGcVCiEOyK0Y1ZME72Pk+O7XKMiFUT9l4rkbxvA="},"indexInfo":{"baseKey":"BRE4rWaEuDeGfWfK2cPXYgiEsr9hgXgToJ7A0qasjNAX","baseKeyType":1,"closed":-1,"used":1691247624553,"created":1691247624553,"remoteIdentityKey":"BUUxJXJnB9W0O92VnHUT1itE5mgmUDmu2JyRjWY7fzAb"},"_chains":{"BfnpWo+TfGG0QPbCi6TerI5LAEDwwRhkcdx27V0aJTZk":{"chainKey":{"counter":0,"key":"DmTaqzpSX6nqEk1pypnO/d51LD4c2je6cW+QpOWW/RE="},"chainType":1,"messageKeys":{}}},"pendingPreKey":{"signedKeyId":0,"baseKey":"BRE4rWaEuDeGfWfK2cPXYgiEsr9hgXgToJ7A0qasjNAX","preKeyId":1878251}}},"version":"v1"}