{"_sessions":{"BWU8NtCwAYY4uCbI+6v2p/MMfJ5qSpXE0y3HYdLouIAO":{"registrationId":1084232621,"currentRatchet":{"ephemeralKeyPair":{"pubKey":"BRuoAnjwCrvI4WCZvu6gNyUS2/BbgRLYAYlpLvT2r+hn","privKey":"6EQJv4syIM2+dbjdJnjLOsqhNmik5mKsjjFa7Jojt0M="},"lastRemoteEphemeralKey":"BWttGk6xiGu8gHIzmcLqSacEe7QqxLZEoWLad8/FMId1","previousCounter":0,"rootKey":"LG2lhed4C5pOWHaTFlNLAYkv8KBwwFa8GDBJSMAfc+c="},"indexInfo":{"baseKey":"BWU8NtCwAYY4uCbI+6v2p/MMfJ5qSpXE0y3HYdLouIAO","baseKeyType":1,"closed":-1,"used":1691247624194,"created":1691247624194,"remoteIdentityKey":"BSPUbVjerxlFMbnM/umIpRiYs0L7WRSMHh3bG5iWjhk8"},"_chains":{"BRuoAnjwCrvI4WCZvu6gNyUS2/BbgRLYAYlpLvT2r+hn":{"chainKey":{"counter":0,"key":"4tkx+Yp7TX3uOof+huoU5dfW0FePuupS5Bd8JiP78J8="},"chainType":1,"messageKeys":{}}},"pendingPreKey":{"signedKeyId":0,"baseKey":"BWU8NtCwAYY4uCbI+6v2p/MMfJ5qSpXE0y3HYdLouIAO","preKeyId":11126577}}},"version":"v1"}