{"_sessions":{"Bb/fs5EVmPNdSb/858vqza4UZfbNTB/aemz5hiqt/8MU":{"registrationId":12781659,"currentRatchet":{"ephemeralKeyPair":{"pubKey":"Bbjda0BBqk9EzQ9Z1/b8DnaqtdXxwV701zzLnXSCv2cR","privKey":"0FxT6+rYpu8uR1T8Oz8+dztYB204hvuX6ZT9fD3j0Ug="},"lastRemoteEphemeralKey":"BXPOqCrjUd8VoQcm9yI6QGnrcU1gtNTcU4DNtJ4nPGE8","previousCounter":0,"rootKey":"pkz6SCZj0rFFyo4CJ3p0llYROPtxHfFU2dvYkgb5y6I="},"indexInfo":{"baseKey":"Bb/fs5EVmPNdSb/858vqza4UZfbNTB/aemz5hiqt/8MU","baseKeyType":2,"closed":-1,"used":1691623556510,"created":1691623556510,"remoteIdentityKey":"BaePs/HfmxirkTx7+Me74cbOExMjVCrTnTsgAZ/DhxsV"},"_chains":{"BXPOqCrjUd8VoQcm9yI6QGnrcU1gtNTcU4DNtJ4nPGE8":{"chainKey":{"counter":8,"key":"x8kM6M4Lno48Z9XiaLtq6GikwSLAd/QORWa8ExmzLlc="},"chainType":2,"messageKeys":{"0":"RZJiS1YbYy+tyxKgUD+dRJ7PbQTuxiNrDSnt78QTfcc=","1":"z7cYH7i4yiOSGoKt4YEKxc3NQJGaz8x5qT0pSnOZ7Ao=","2":"z0NW0tlJecIsHTc2OLJTdOhC9JPGhqaPRwKzjXkiLWQ=","3":"PUmXth8DfTSuS/j7MHZtN2TbBV0pGkHR8N92fdfVNGI=","4":"u8ViyXxWCxn1LCLHMEp1KG0HkUSN49Qe7wO4JoYoUxo=","5":"PkoaNlMRgt1DhyYhU6jecqgu1K0QPkvYhhdmKjmfoQk=","6":"9ONcekal2BtwLDbkspI4Y4YCV4WJ9LF27U/uZNAtFYw="}},"Bbjda0BBqk9EzQ9Z1/b8DnaqtdXxwV701zzLnXSCv2cR":{"chainKey":{"counter":-1,"key":"Hfpl+jKX38gM+3RHqPpzTSyIrRr77xs3/d/jkVS24Uw="},"chainType":1,"messageKeys":{}}}}},"version":"v1"}