{"_sessions":{"BRYl7xJNLJSbdr8ja+c7eU+fTibVTxLydFPDOImGPfcZ":{"registrationId":988025830,"currentRatchet":{"ephemeralKeyPair":{"pubKey":"BVWbP7VTNwkwY5mS9HaHpQa45CRxlbTIgTKdA/jkoutk","privKey":"6IKi7zJOpGXPLQbbWmiGs73yO2TaefsDKdyBwlnBK0w="},"lastRemoteEphemeralKey":"BSU0/xrKgH178bRXNRXhpT79h8q3XUJG4r6SNSvjfqMZ","previousCounter":0,"rootKey":"II69jURzamWI2prmnNu/85K9HHOnYy700KrFE5MVYUI="},"indexInfo":{"baseKey":"BRYl7xJNLJSbdr8ja+c7eU+fTibVTxLydFPDOImGPfcZ","baseKeyType":2,"closed":-1,"used":1691999492899,"created":1691975782236,"remoteIdentityKey":"BafK835OAVtgWGF2x4HkKY6lolgWRuED5YXWMd+06AYU"},"_chains":{"BYiQxZ28piyYQ3IdF/vYJ6hN5Rrz4yYJPDc+PcmQ69wO":{"chainKey":{"counter":0},"chainType":2,"messageKeys":{}},"BSU0/xrKgH178bRXNRXhpT79h8q3XUJG4r6SNSvjfqMZ":{"chainKey":{"counter":0,"key":"wwIOFcajsYPbfRLo9egJ+RFuVp8u+NsmTbORexTBdqQ="},"chainType":2,"messageKeys":{}},"BVWbP7VTNwkwY5mS9HaHpQa45CRxlbTIgTKdA/jkoutk":{"chainKey":{"counter":-1,"key":"6jLYuHYMJPmTcYKSs/jtS388OiwAOIo+GrfaeGEGWVk="},"chainType":1,"messageKeys":{}}}}},"version":"v1"}