{"_sessions":{"BcWZ7hsdzMgXxG0IPSaA0bwU/xFpEPNTHiWfwYWnWQlq":{"registrationId":1031601302,"currentRatchet":{"ephemeralKeyPair":{"pubKey":"BfEYkSbBwtxhVBrZ7JVt+dBEuMbPfiPdGwW/gR9qf6Eg","privKey":"UKzq43P5xVNT/PvnBt24+zC+PB/6LcxRCS4oXgPdmko="},"lastRemoteEphemeralKey":"BS0BfK+sVKecxCsVgG+i1RBZUKa6qYuhU2vPF5tQo094","previousCounter":0,"rootKey":"h44Mbp3BgFxnVsx4T/p5qIe/aWzXZ4RVyBHc/NUV5WU="},"indexInfo":{"baseKey":"BcWZ7hsdzMgXxG0IPSaA0bwU/xFpEPNTHiWfwYWnWQlq","baseKeyType":1,"closed":-1,"used":1691251432925,"created":1691247624690,"remoteIdentityKey":"BRlrFn/4DD5+9ePImsz4zn2O65rrFxOMcJuIWB72M9lA"},"_chains":{"BS0BfK+sVKecxCsVgG+i1RBZUKa6qYuhU2vPF5tQo094":{"chainKey":{"counter":0,"key":"9lT6yG2zbMGwBMdBLS3z/BoWhxicS5GVVwf+ppoJFZU="},"chainType":2,"messageKeys":{}},"BfEYkSbBwtxhVBrZ7JVt+dBEuMbPfiPdGwW/gR9qf6Eg":{"chainKey":{"counter":-1,"key":"aHzUVcZqVkvqWVX0Is2IE4jN7wy3z1qz4msTED+71iY="},"chainType":1,"messageKeys":{}}}}},"version":"v1"}