{"_sessions":{"BYgs13TGuLVr8aoohjkK0QAe7ZrXtv1RacFJKCOlfLMg":{"registrationId":2083577503,"currentRatchet":{"ephemeralKeyPair":{"pubKey":"BZeG+qOhEf16R3dYX5ZYYhsCLzDANak8PogbcaVCQy92","privKey":"qBAZCu6s1HbqhF2eGfR8O5kkCHSwzAK2jV+aKwtv1EU="},"lastRemoteEphemeralKey":"Bcrav4NNAoXe69CBMoOhzRaUO8J6oehfU7Q7aj77y0dQ","previousCounter":0,"rootKey":"sXxyiu0vguuHeChEkhWFsn36A6KG25f3YzDuWGc0LMs="},"indexInfo":{"baseKey":"BYgs13TGuLVr8aoohjkK0QAe7ZrXtv1RacFJKCOlfLMg","baseKeyType":2,"closed":1691972356171,"used":1691972325869,"created":1691972325869,"remoteIdentityKey":"BXo9LeJZ7qt1Ue7TkU2bloh5/nqPBPe173KLsVCwVnFX"},"_chains":{"Bcrav4NNAoXe69CBMoOhzRaUO8J6oehfU7Q7aj77y0dQ":{"chainKey":{"counter":0,"key":"BaeK535J6P7VwpG+Br8xK1qTq9D8GA7mLnTJvU+vVkU="},"chainType":2,"messageKeys":{}},"BZeG+qOhEf16R3dYX5ZYYhsCLzDANak8PogbcaVCQy92":{"chainKey":{"counter":-1,"key":"+NYz5D0q/MxgKHXspjexV790IKrVTt+MCgxhFOHmYrc="},"chainType":1,"messageKeys":{}}}},"BRccPJagDTXEhXTdrh6stAQfGwtH7QbR+HeCVpK2kXln":{"registrationId":152250118,"currentRatchet":{"ephemeralKeyPair":{"pubKey":"BXzpU1wMsSI0SZPo22K9O+4LH68GwCpAdwQzJOckevoP","privKey":"mDTnLJOvV4qStNKQBq+QyhBDxHtNpENkpmHOBGAwIGA="},"lastRemoteEphemeralKey":"BcNMrZycAXua46trykMKrPsVDiqhSLMui+iUfvIRJ55J","previousCounter":0,"rootKey":"QvvyVtC1q4BNMyAb6K/GH7c+cjw5SA6whe5Zy3fAzDY="},"indexInfo":{"baseKey":"BRccPJagDTXEhXTdrh6stAQfGwtH7QbR+HeCVpK2kXln","baseKeyType":2,"closed":-1,"used":1691972356184,"created":1691972356184,"remoteIdentityKey":"BesIW7SLWtwvEIHHlcVJCBHR2XFg44F6MNiSKigaQvh+"},"_chains":{"BcNMrZycAXua46trykMKrPsVDiqhSLMui+iUfvIRJ55J":{"chainKey":{"counter":0,"key":"3cJdVf7snE958AKjBAQQFcXi7FFnDFYyAfs4zlkSl3M="},"chainType":2,"messageKeys":{}},"BXzpU1wMsSI0SZPo22K9O+4LH68GwCpAdwQzJOckevoP":{"chainKey":{"counter":-1,"key":"yQbHkAIS2NYA43m7rqPYTvOn0gdlOPev4lD//IlxvfQ="},"chainType":1,"messageKeys":{}}}}},"version":"v1"}