{"_sessions":{"BT9S3HprnFWfEv/PXZvQDn8yoLt+HI7woxZ2uqtAtNws":{"registrationId":671146952,"currentRatchet":{"ephemeralKeyPair":{"pubKey":"BW4w5QFSZS3PqsPJmV4BCtSbV2lc2G2R2+FLlnIYxyQM","privKey":"yB+CRQNBv2TxgBh/rYtCxrA90YmNYKqubZjErMOzgUk="},"lastRemoteEphemeralKey":"BRf/SkRzvjRMus+4TGa0wii/BBTue5DUud8jGH36hIk2","previousCounter":0,"rootKey":"oqwugO9j10cpcm4AvLs2L23FA5SUiV2BvrV1I8NgZas="},"indexInfo":{"baseKey":"BT9S3HprnFWfEv/PXZvQDn8yoLt+HI7woxZ2uqtAtNws","baseKeyType":2,"closed":-1,"used":1691999490074,"created":1691999490074,"remoteIdentityKey":"BX3lSHi8mZRdJb7v0cQNlwQrp4myFHSizcXf6dSKdwQ2"},"_chains":{"BRf/SkRzvjRMus+4TGa0wii/BBTue5DUud8jGH36hIk2":{"chainKey":{"counter":0,"key":"Es0pxXrUiVM9q2UwQNrNs/rsaWzZE+MyrO4NX1SerCY="},"chainType":2,"messageKeys":{}},"BW4w5QFSZS3PqsPJmV4BCtSbV2lc2G2R2+FLlnIYxyQM":{"chainKey":{"counter":-1,"key":"0K0VYD3nH8RZ371JitxCoCaT3by1uL+pAhUSubtPdyk="},"chainType":1,"messageKeys":{}}}}},"version":"v1"}