{"_sessions":{"BV/pSHLEFATFFK6IiFDnO9kosWEdce2tWM/oPYkjNWYQ":{"registrationId":2045465148,"currentRatchet":{"ephemeralKeyPair":{"pubKey":"BRqh/ogMQ1xIr3xbSfG6N5I98tT+pZHvDtRhJI1Iryw0","privKey":"QOsSOGrH+ux8OxWZYKFnn/bHP+AJihPyB7QpFJc7f2M="},"lastRemoteEphemeralKey":"BXsyALF7tcyznmGMzexSWjHptpnEDRq8ynRRRAwu4uBR","previousCounter":0,"rootKey":"qs51ieE5PIwCtdCGbCB88uI1ynR9JQprq1PUXTocAkg="},"indexInfo":{"baseKey":"BV/pSHLEFATFFK6IiFDnO9kosWEdce2tWM/oPYkjNWYQ","baseKeyType":2,"closed":-1,"used":1691246976684,"created":1691246976684,"remoteIdentityKey":"BdicmnhwRoq5dpSzFVNFTlkVRjeMS1fc+UAk6Ul2QRc9"},"_chains":{"BXsyALF7tcyznmGMzexSWjHptpnEDRq8ynRRRAwu4uBR":{"chainKey":{"counter":0,"key":"UPeKYjjASS6QscUfKrcORNB52JLasrmWv1VjTJCmXQY="},"chainType":2,"messageKeys":{}},"BRqh/ogMQ1xIr3xbSfG6N5I98tT+pZHvDtRhJI1Iryw0":{"chainKey":{"counter":0,"key":"JkLRfEJ6TAzFi615UsSI8gyD15cVbvU36kaOBA0TGWo="},"chainType":1,"messageKeys":{}}}}},"version":"v1"}