{"_sessions":{"BZ7JBN/5H9G8epSo29kkUZAFQeQ4loyO65TxdXwgFuIU":{"registrationId":97,"currentRatchet":{"ephemeralKeyPair":{"pubKey":"BRkviNqDMvYf6or4COtH2KnQL3z2+/t2QaZISFJiStR0","privKey":"WCVnlzyKrPVjci/sI1PgNgdUgwEhign0DkoRjKKzw0A="},"lastRemoteEphemeralKey":"BbF8peUyR79jn2zBQeVfSw7NpXVa8JCgVas36Y+T5wpP","previousCounter":0,"rootKey":"Ta0j4Ey4vin6Yi/h1kFgLhl2TsYqwDSZN6LDm+BbMp4="},"indexInfo":{"baseKey":"BZ7JBN/5H9G8epSo29kkUZAFQeQ4loyO65TxdXwgFuIU","baseKeyType":2,"closed":-1,"used":1691999490000,"created":1691999490000,"remoteIdentityKey":"BeH9dfL2lneF7H7vVNI+eVK7uRf5uDsP0rgbR4tRyJ0o"},"_chains":{"BbF8peUyR79jn2zBQeVfSw7NpXVa8JCgVas36Y+T5wpP":{"chainKey":{"counter":0,"key":"/7ToZrUBZ6D39G8x5i4OkCJVO1RDNMu1PkSP6Gm4yOw="},"chainType":2,"messageKeys":{}},"BRkviNqDMvYf6or4COtH2KnQL3z2+/t2QaZISFJiStR0":{"chainKey":{"counter":-1,"key":"+kNLyTJyNqAwXJqZsqlZBRAEXfe4kSf4NJQqiCyEhSs="},"chainType":1,"messageKeys":{}}}}},"version":"v1"}