{"_sessions":{"BQzKVhSyo8ZeQbhQSYPyuy027cGCYA5c08G9+m9mMTJy":{"registrationId":1907929856,"currentRatchet":{"ephemeralKeyPair":{"pubKey":"BQ8/hDq0Yngdp/vKfGwHRlA2Kx5B/D0rU3w+Cx+klRV3","privKey":"AAFFXAomJulytYNLDbF25fVrtVUr8tuVRI9xoSNPp00="},"lastRemoteEphemeralKey":"BTJwFrcuDl0aOq3e7YyRAYl0H4u996Y6ZdHjWAPISs4X","previousCounter":0,"rootKey":"VkGSU3Qnw+33URCrwTWMWzdbI9PH+ApORE6Y9evP31A="},"indexInfo":{"baseKey":"BQzKVhSyo8ZeQbhQSYPyuy027cGCYA5c08G9+m9mMTJy","baseKeyType":1,"closed":-1,"used":1692011064768,"created":1691372056935,"remoteIdentityKey":"BbhvVDS3XjYOz/s3UTdwdU48bDyf9YmELbJSqXVShbNG"},"_chains":{"BflfFHETKBCYGzkLnOce9iOR0OX6dZNvPnBV+Z+jBmV6":{"chainKey":{"counter":2},"chainType":2,"messageKeys":{}},"BTJwFrcuDl0aOq3e7YyRAYl0H4u996Y6ZdHjWAPISs4X":{"chainKey":{"counter":1,"key":"aIyCAs29UJxCDnLvw+WdjdYhPKBvlVxxrf6hjhUE2uQ="},"chainType":2,"messageKeys":{}},"BQ8/hDq0Yngdp/vKfGwHRlA2Kx5B/D0rU3w+Cx+klRV3":{"chainKey":{"counter":-1,"key":"1Piv2OozUZCSqL6dX/ssyWv5tSwh6RZPwWMyMwTzA6g="},"chainType":1,"messageKeys":{}}}}},"version":"v1"}