{"_sessions":{"BTI+jrNaANeSo/gEAn70kIXqDC55upBGPfVM0aZwQuZo":{"registrationId":1086604273,"currentRatchet":{"ephemeralKeyPair":{"pubKey":"Bb7CwUiTULOOCG+SjaOeGmMjiXq3DvBSnzYNR3UaRB1y","privKey":"WEgwFjPKsigKs7+dy9YYW9Bm07BGXUDuPxvTp1SDpm8="},"lastRemoteEphemeralKey":"BQOXUAtMuYKrVX1qMpuvJ4En2fzIUb8WxoC7Mbr6lVBY","previousCounter":0,"rootKey":"qy2a1epxzL+HqgRxg3aFJVyZujp+GUxTcPrFg1kPqWU="},"indexInfo":{"baseKey":"BTI+jrNaANeSo/gEAn70kIXqDC55upBGPfVM0aZwQuZo","baseKeyType":2,"closed":-1,"used":1691246679437,"created":1691246679437,"remoteIdentityKey":"BdHXDjDfm5JDIjhkz1EThEvzvirj8r6bYajjStz9Kydj"},"_chains":{"BQOXUAtMuYKrVX1qMpuvJ4En2fzIUb8WxoC7Mbr6lVBY":{"chainKey":{"counter":0,"key":"T8wcTD14+nXsJgzmESRyaYM8TJWy+MuR3TMZ29vpprU="},"chainType":2,"messageKeys":{}},"Bb7CwUiTULOOCG+SjaOeGmMjiXq3DvBSnzYNR3UaRB1y":{"chainKey":{"counter":0,"key":"6KhrR1zYJ2OExtgqHjTaRUGvEHIVWc7p8GMCOhjv7Cc="},"chainType":1,"messageKeys":{}}}}},"version":"v1"}