{"_sessions":{"BfSBDqMGLf+zoaPad4/XKQgZuTSh4grlUNMio5I/chJO":{"registrationId":1408203180,"currentRatchet":{"ephemeralKeyPair":{"pubKey":"BWJ1ekLr9PoO/DNMHKUMVwatkuS37Fe21gv3ytnZY15u","privKey":"+IRosHv2J5QS75SpUAwB1iDdwzkjcf8wOW+rhk1cFm0="},"lastRemoteEphemeralKey":"BQPK5VyfL2PL93f86ONr8QDK7BSKfmtYyZN/HRoW3Rl7","previousCounter":0,"rootKey":"P8p57NNG7UZkCEE4HINn/DNe7QLjYMFWhETQ50uqQm0="},"indexInfo":{"baseKey":"BfSBDqMGLf+zoaPad4/XKQgZuTSh4grlUNMio5I/chJO","baseKeyType":1,"closed":-1,"used":1691253522143,"created":1691247624272,"remoteIdentityKey":"BQuFaDPvyEj/6ubzF2b5mDFLdXRAMrM95JyH9O1bab5B"},"_chains":{"BQPK5VyfL2PL93f86ONr8QDK7BSKfmtYyZN/HRoW3Rl7":{"chainKey":{"counter":0,"key":"3ukMHdd718kkywUUBM8BSbqe7s/oTuPrfsiZkI5bNc4="},"chainType":2,"messageKeys":{}},"BWJ1ekLr9PoO/DNMHKUMVwatkuS37Fe21gv3ytnZY15u":{"chainKey":{"counter":-1,"key":"kkIYESEq/9TlvCsR49bqUrcbyuPGdU13e1/XvpkSCBI="},"chainType":1,"messageKeys":{}}}}},"version":"v1"}