{"_sessions":{"BQF7Nf25FQuQnn6bFKQCDfFom4bp5l+kWErKZMY5DX1y":{"registrationId":797849920,"currentRatchet":{"ephemeralKeyPair":{"pubKey":"BZU1iKzDNlXhACt4mYOmolbM2k0bsU+L8cma7MjVrv1z","privKey":"UOQHz67BwEDwHGIpNU2oayw6P4uMJHkPhEDVeOTDN24="},"lastRemoteEphemeralKey":"BaSAv0o7Wa2tuPptB1qATw4VAC5cDZfGLvLBzGwj5f9G","previousCounter":0,"rootKey":"qG6f4PATJxK4J/Nad5+f961EP5/AKPzgF63NhZtxyRE="},"indexInfo":{"baseKey":"BQF7Nf25FQuQnn6bFKQCDfFom4bp5l+kWErKZMY5DX1y","baseKeyType":2,"closed":-1,"used":1691246754210,"created":1691246754209,"remoteIdentityKey":"BRwtPOr6uPIVz4X4k6vDdS/1jzmREPC7ESaQa21e+ZhJ"},"_chains":{"BaSAv0o7Wa2tuPptB1qATw4VAC5cDZfGLvLBzGwj5f9G":{"chainKey":{"counter":0,"key":"++Trl0D3FOJ/knwUo65doxlj/yYM+6KX6fyUUK4F6RA="},"chainType":2,"messageKeys":{}},"BZU1iKzDNlXhACt4mYOmolbM2k0bsU+L8cma7MjVrv1z":{"chainKey":{"counter":0,"key":"aDOo3oTmaKY3UnUrtee+1x0VibUIutBAOXVamjTbjuU="},"chainType":1,"messageKeys":{}}}}},"version":"v1"}