{"_sessions":{"BY1RxtQC94LBTtvKSOiQgLRrsv1qXpnvbsZ8Pv5Zs91q":{"registrationId":349667344,"currentRatchet":{"ephemeralKeyPair":{"pubKey":"BSexCABjIZnPIaP+G4kd4LJI7Z8xLv8CkvYLgimXytpU","privKey":"WFpXQGPxUeiAH2vStSEk1XAUtNYssT4kETENYNPBoH4="},"lastRemoteEphemeralKey":"BXytN71jwmV5A+BxPiTzS6MpWAe1H6N57uHBKzbQKpIX","previousCounter":0,"rootKey":"0Svfy2ExFLjyKv5qEdw17ePxKaoKAr5vxfhUjfPgZd4="},"indexInfo":{"baseKey":"BY1RxtQC94LBTtvKSOiQgLRrsv1qXpnvbsZ8Pv5Zs91q","baseKeyType":2,"closed":-1,"used":1691247111131,"created":1691247111131,"remoteIdentityKey":"BWbyfOAdrs4l8QFpaqMfdccK60l5slIAAS+TIqF963Zh"},"_chains":{"BXytN71jwmV5A+BxPiTzS6MpWAe1H6N57uHBKzbQKpIX":{"chainKey":{"counter":0,"key":"xFEB2Auv2NimYYKMvNsZNabkrNaCClH+PeEVoDBY8uo="},"chainType":2,"messageKeys":{}},"BSexCABjIZnPIaP+G4kd4LJI7Z8xLv8CkvYLgimXytpU":{"chainKey":{"counter":0,"key":"KfB1WqNq4cZTwLG5DvkEMQv7t6dHuWrhSReoZjX/RPc="},"chainType":1,"messageKeys":{}}}}},"version":"v1"}