{"_sessions":{"BTe9olOLDx1F1IMXV5Yarv+gPQyyyC6ffpM42K4/LRYc":{"registrationId":216,"currentRatchet":{"ephemeralKeyPair":{"pubKey":"BbXeXpLSW2zs8rxQAu2Zy5Lg770P1uEBTHdAlGDwmtBs","privKey":"4PLz0c5eb7ZKDgswsiyrif1a+Q9HEV/Djbk2t2KvIGo="},"lastRemoteEphemeralKey":"BY/L+5bZh++Q7sakVSA5M82/nSLKAyOwG40pCG43x54C","previousCounter":0,"rootKey":"Rw6FhOczg8U7jHyIK1zkaMRaRjKpVxL1xD+wqIczb90="},"indexInfo":{"baseKey":"BTe9olOLDx1F1IMXV5Yarv+gPQyyyC6ffpM42K4/LRYc","baseKeyType":2,"closed":-1,"used":1691404934961,"created":1691404934961,"remoteIdentityKey":"BfqY7kXLy0Y0bUSTDtiS6ZZ76NQlOKTZOZKGHQetOK4r"},"_chains":{"BY/L+5bZh++Q7sakVSA5M82/nSLKAyOwG40pCG43x54C":{"chainKey":{"counter":3,"key":"B0+UsHPhIe6BoDfD7gBnhroIVnJF9EWkR8mxAw2dERc="},"chainType":2,"messageKeys":{}},"BbXeXpLSW2zs8rxQAu2Zy5Lg770P1uEBTHdAlGDwmtBs":{"chainKey":{"counter":-1,"key":"UNJoekRhQR2HYYyRcGRhLa7FkIizVa9pDbzGOs//vIw="},"chainType":1,"messageKeys":{}}}}},"version":"v1"}