{"_sessions":{"BfN5v8o4ViTUOXpfYAcA6o30hf8oAnmF94zEuFX/c7Jk":{"registrationId":833805598,"currentRatchet":{"ephemeralKeyPair":{"pubKey":"BdeG7WAw8mOPAWgvLeusFqa4VWkd1iQV68eDZmZtZQhY","privKey":"KCDhmy4hY6yMakcHsPsDToZgeW95ihCBN+r35EZAVlo="},"lastRemoteEphemeralKey":"BYChYvKcdKzT0ZF5Em+H2wwjC4OEsbs+oiWcryal05NE","previousCounter":0,"rootKey":"eWLQhb4KrBwFxI2SG+zXGX0s54ZV8WWL0P5rU46OMHE="},"indexInfo":{"baseKey":"BfN5v8o4ViTUOXpfYAcA6o30hf8oAnmF94zEuFX/c7Jk","baseKeyType":1,"closed":-1,"used":1691247624076,"created":1691247624076,"remoteIdentityKey":"BQRK2yDbt14FVFAQL0Q3hzoBZCtdHCDIDXflbRXjutp2"},"_chains":{"BdeG7WAw8mOPAWgvLeusFqa4VWkd1iQV68eDZmZtZQhY":{"chainKey":{"counter":0,"key":"BPedbVlvc6RTdqmP9NtQu7FNVxuhJS3p8nmQ8uf/6gY="},"chainType":1,"messageKeys":{}}},"pendingPreKey":{"signedKeyId":0,"baseKey":"BfN5v8o4ViTUOXpfYAcA6o30hf8oAnmF94zEuFX/c7Jk"}}},"version":"v1"}