{"_sessions":{"BWSpNzyIXl1C+UWo6QPs8S09om1uJVS8X/v4GDzRGIsD":{"registrationId":637211538,"currentRatchet":{"ephemeralKeyPair":{"pubKey":"Bad/KQvphl/6+QOS6I+JA2mLpu5C79RHwB79QMaVlpUQ","privKey":"oLk5OHS34eSjXI/TprNHQ1+VeEV8RccKfBSXGubT2no="},"lastRemoteEphemeralKey":"BSSBCAjOFZp/h6XEUnLaTfStYWOLPj3vBKLNNp02YgdK","previousCounter":0,"rootKey":"d81Di1CIVvzQ457NcBIhf8Vyvej0wy+8YW4fTxFumg8="},"indexInfo":{"baseKey":"BWSpNzyIXl1C+UWo6QPs8S09om1uJVS8X/v4GDzRGIsD","baseKeyType":1,"closed":1691431700284,"used":1691247624094,"created":1691247624094,"remoteIdentityKey":"BSIPtsCwKeGpvbt4Sgjgo0ENjsKwvB8tYcs4Wulv3mEb"},"_chains":{"Bad/KQvphl/6+QOS6I+JA2mLpu5C79RHwB79QMaVlpUQ":{"chainKey":{"counter":0,"key":"lbfsuYS8BoP5ShlT1vlyA2FFl4AWMs2yncT/rywJQi8="},"chainType":1,"messageKeys":{}}},"pendingPreKey":{"signedKeyId":12,"baseKey":"BWSpNzyIXl1C+UWo6QPs8S09om1uJVS8X/v4GDzRGIsD","preKeyId":2863534}},"BUyU2+U1rjk0/axEHmPXXavLq5Ag874rB+LHuR2RI8lE":{"registrationId":637211538,"currentRatchet":{"ephemeralKeyPair":{"pubKey":"BaMz7Xke+8mjs27JyVw+STs+m9iP6lTZVU2YTbejDIEF","privKey":"QN0vfM/1eaq2Fa657sJxZW6Qxqjas99UF1CJox5q2X4="},"lastRemoteEphemeralKey":"Ba/uW36lGrbLj+a56k5Cfbd0xPBz2o+v5TMQReMOFXd6","previousCounter":0,"rootKey":"vyqNbGw7YF9jBr8/lhrRM3SQmKXhMCfvwlJJrj9gFoQ="},"indexInfo":{"baseKey":"BUyU2+U1rjk0/axEHmPXXavLq5Ag874rB+LHuR2RI8lE","baseKeyType":1,"closed":1691431711034,"used":1691431700239,"created":1691431700239,"remoteIdentityKey":"BSIPtsCwKeGpvbt4Sgjgo0ENjsKwvB8tYcs4Wulv3mEb"},"_chains":{"BaMz7Xke+8mjs27JyVw+STs+m9iP6lTZVU2YTbejDIEF":{"chainKey":{"counter":-1,"key":"Dtx5L6xZ6lS5RI5BGbwXVZx+yyJXBVTMB708EbDkDbI="},"chainType":1,"messageKeys":{}}},"pendingPreKey":{"signedKeyId":14,"baseKey":"BUyU2+U1rjk0/axEHmPXXavLq5Ag874rB+LHuR2RI8lE","preKeyId":2863301}},"BY55UWn5E61TVgG7ar2ChSplfGsNEoG9f6cgf6stlxhy":{"registrationId":637211538,"currentRatchet":{"ephemeralKeyPair":{"pubKey":"BTuEJBpBZEejUHz+Iiij/rWI8KDCwDfui8yvy7He4aZM","privKey":"uIT+YRc9GLjdjcRwsVgAGtC1lV0TC0xJTgrP5XzrSVQ="},"lastRemoteEphemeralKey":"Ba/uW36lGrbLj+a56k5Cfbd0xPBz2o+v5TMQReMOFXd6","previousCounter":0,"rootKey":"9DOZCApFz6Xjz7dOmW/1VhE7dkoRqcICEP5bHo90f7M="},"indexInfo":{"baseKey":"BY55UWn5E61TVgG7ar2ChSplfGsNEoG9f6cgf6stlxhy","baseKeyType":1,"closed":1691431711480,"used":1691431711024,"created":1691431711024,"remoteIdentityKey":"BSIPtsCwKeGpvbt4Sgjgo0ENjsKwvB8tYcs4Wulv3mEb"},"_chains":{"BTuEJBpBZEejUHz+Iiij/rWI8KDCwDfui8yvy7He4aZM":{"chainKey":{"counter":-1,"key":"OgO3sZRI62judH+YUO/L37dQx4eQjNzjjCVEpiGH5YI="},"chainType":1,"messageKeys":{}}},"pendingPreKey":{"signedKeyId":14,"baseKey":"BY55UWn5E61TVgG7ar2ChSplfGsNEoG9f6cgf6stlxhy","preKeyId":2862938}},"BQMpFAOjpp8b7wo0CByRck/M3/NoEBI+ZftjnIQShmIa":{"registrationId":637211538,"currentRatchet":{"ephemeralKeyPair":{"pubKey":"BZLOmaT21e8SOrv6l7KynH0PZhGe1AOaj8mULBYS1b4K","privKey":"EK4YlUU9fVDKrSI21rL9nyFn4TiYPMiRnleQwsN9SEc="},"lastRemoteEphemeralKey":"Ba/uW36lGrbLj+a56k5Cfbd0xPBz2o+v5TMQReMOFXd6","previousCounter":0,"rootKey":"ght8Jw3FoNXtdDG9LdZy5sb+rQRBGeECc7qFOU8Zi84="},"indexInfo":{"baseKey":"BQMpFAOjpp8b7wo0CByRck/M3/NoEBI+ZftjnIQShmIa","baseKeyType":1,"closed":1691431711902,"used":1691431711468,"created":1691431711468,"remoteIdentityKey":"BSIPtsCwKeGpvbt4Sgjgo0ENjsKwvB8tYcs4Wulv3mEb"},"_chains":{"BZLOmaT21e8SOrv6l7KynH0PZhGe1AOaj8mULBYS1b4K":{"chainKey":{"counter":-1,"key":"95vhOtjLth02ijAv/TRuNo4eTHYORklRjbu5egiHrs4="},"chainType":1,"messageKeys":{}}},"pendingPreKey":{"signedKeyId":14,"baseKey":"BQMpFAOjpp8b7wo0CByRck/M3/NoEBI+ZftjnIQShmIa","preKeyId":2862932}},"BaHCPCW4uq+LJVymVU9vjcu3dcgp2760sfdbBMpzmaEE":{"registrationId":637211538,"currentRatchet":{"ephemeralKeyPair":{"pubKey":"BZb0PuPDQKQYQz0CuCZmldaNAhQAWDbS35mDM6eUDNgX","privKey":"KOeT8Xk8XMv+84onHtnbY19jNOndDfp47IgJasG/f2o="},"lastRemoteEphemeralKey":"Ba/uW36lGrbLj+a56k5Cfbd0xPBz2o+v5TMQReMOFXd6","previousCounter":0,"rootKey":"msmKv5W8H8Z/ojOFL0g2TKtsN2vqku3/tmRpqkpSlx8="},"indexInfo":{"baseKey":"BaHCPCW4uq+LJVymVU9vjcu3dcgp2760sfdbBMpzmaEE","baseKeyType":1,"closed":1691431712378,"used":1691431711894,"created":1691431711894,"remoteIdentityKey":"BSIPtsCwKeGpvbt4Sgjgo0ENjsKwvB8tYcs4Wulv3mEb"},"_chains":{"BZb0PuPDQKQYQz0CuCZmldaNAhQAWDbS35mDM6eUDNgX":{"chainKey":{"counter":-1,"key":"OujO6wDnP2Tm+vOixFh9mnXRui4uHxm3j0Fb9cG2iDI="},"chainType":1,"messageKeys":{}}},"pendingPreKey":{"signedKeyId":14,"baseKey":"BaHCPCW4uq+LJVymVU9vjcu3dcgp2760sfdbBMpzmaEE","preKeyId":2863357}},"BWIwuwZLKB/82C6LOG4rELdCA0lzhl+Af9pgFW2gtAUe":{"registrationId":637211538,"currentRatchet":{"ephemeralKeyPair":{"pubKey":"Bc0Tp75VyKnJ4mJvzmAG0eZb28JRan3w6oPEEbJnw717","privKey":"QM+X/47GHyS981owHbmAbpPM+HqAsXPnUO1u7g/6pl4="},"lastRemoteEphemeralKey":"Ba/uW36lGrbLj+a56k5Cfbd0xPBz2o+v5TMQReMOFXd6","previousCounter":0,"rootKey":"xAT61F/8QQFXS6M9IsDuFq1FR7f+j97LUEBL9GZ+/XY="},"indexInfo":{"baseKey":"BWIwuwZLKB/82C6LOG4rELdCA0lzhl+Af9pgFW2gtAUe","baseKeyType":1,"closed":1691431712835,"used":1691431712364,"created":1691431712364,"remoteIdentityKey":"BSIPtsCwKeGpvbt4Sgjgo0ENjsKwvB8tYcs4Wulv3mEb"},"_chains":{"Bc0Tp75VyKnJ4mJvzmAG0eZb28JRan3w6oPEEbJnw717":{"chainKey":{"counter":-1,"key":"Cnhl3SL3THYR5W97C5L0Xc5RWEvcNtpincZkrVXBAEU="},"chainType":1,"messageKeys":{}}},"pendingPreKey":{"signedKeyId":14,"baseKey":"BWIwuwZLKB/82C6LOG4rELdCA0lzhl+Af9pgFW2gtAUe","preKeyId":2863147}},"BUiSQpUx3fy7wHyCOlHmFTZsiRoNVab5AR3Rh36oRaln":{"registrationId":637211538,"currentRatchet":{"ephemeralKeyPair":{"pubKey":"BUmNO6mBztwCYO5NNrDy/b6PlKZNA8ea2z7NRT59qe5q","privKey":"sAPK1CrBF5Zep8WtutqIkv1eiOo5zqoHOx0zFLag1Es="},"lastRemoteEphemeralKey":"Ba/uW36lGrbLj+a56k5Cfbd0xPBz2o+v5TMQReMOFXd6","previousCounter":0,"rootKey":"rBjVO0PbPwnCUjBFVggRMwYGywo6lKHP1fVj1sDuMso="},"indexInfo":{"baseKey":"BUiSQpUx3fy7wHyCOlHmFTZsiRoNVab5AR3Rh36oRaln","baseKeyType":1,"closed":1691431713280,"used":1691431712825,"created":1691431712825,"remoteIdentityKey":"BSIPtsCwKeGpvbt4Sgjgo0ENjsKwvB8tYcs4Wulv3mEb"},"_chains":{"BUmNO6mBztwCYO5NNrDy/b6PlKZNA8ea2z7NRT59qe5q":{"chainKey":{"counter":-1,"key":"f0mpHNOTpmko1nWdneQHNPr64XSxbIxrxaKnPPJnE8w="},"chainType":1,"messageKeys":{}}},"pendingPreKey":{"signedKeyId":14,"baseKey":"BUiSQpUx3fy7wHyCOlHmFTZsiRoNVab5AR3Rh36oRaln","preKeyId":2862721}},"BTvs8VP9Ytzb9DS2E4dZWz7BwlFWSLKyqKkArO/xF45I":{"registrationId":637211538,"currentRatchet":{"ephemeralKeyPair":{"pubKey":"BcfciR5JBoVHzNuLS6iEac562nK37LcEmdAZxD0gvyQP","privKey":"cFdhgx6J8w0AgAyTGswqbm9hKhwXpmwtTjn6IA5c5Gk="},"lastRemoteEphemeralKey":"Ba/uW36lGrbLj+a56k5Cfbd0xPBz2o+v5TMQReMOFXd6","previousCounter":0,"rootKey":"EKvQN8yGYvn/DQkspVJ5GjInAypqxi0O1KJUfar2V1A="},"indexInfo":{"baseKey":"BTvs8VP9Ytzb9DS2E4dZWz7BwlFWSLKyqKkArO/xF45I","baseKeyType":1,"closed":1691431713704,"used":1691431713268,"created":1691431713268,"remoteIdentityKey":"BSIPtsCwKeGpvbt4Sgjgo0ENjsKwvB8tYcs4Wulv3mEb"},"_chains":{"BcfciR5JBoVHzNuLS6iEac562nK37LcEmdAZxD0gvyQP":{"chainKey":{"counter":-1,"key":"CHzb5i0NGT/NrI50XbyCgUsrRNPQ0bsmdj6zof154MQ="},"chainType":1,"messageKeys":{}}},"pendingPreKey":{"signedKeyId":14,"baseKey":"BTvs8VP9Ytzb9DS2E4dZWz7BwlFWSLKyqKkArO/xF45I","preKeyId":2863112}},"BVR2qFiZSH1g6cY+oyLsduwOl5TfWmTC8uAM9LWHU6EM":{"registrationId":637211538,"currentRatchet":{"ephemeralKeyPair":{"pubKey":"BR7KRjI3cD4RqXOiYZKicw/1qaHeME9APk/qizTXETBU","privKey":"GMVp1uvZywezeFl7ZwNosw+LlR3QrRuVXTK0rcCE2GI="},"lastRemoteEphemeralKey":"Ba/uW36lGrbLj+a56k5Cfbd0xPBz2o+v5TMQReMOFXd6","previousCounter":0,"rootKey":"u6UzB3UlRu+o6RTnXYMG0XO3b/uOFj7e5Zq1tAB2rM0="},"indexInfo":{"baseKey":"BVR2qFiZSH1g6cY+oyLsduwOl5TfWmTC8uAM9LWHU6EM","baseKeyType":1,"closed":1691431714144,"used":1691431713695,"created":1691431713695,"remoteIdentityKey":"BSIPtsCwKeGpvbt4Sgjgo0ENjsKwvB8tYcs4Wulv3mEb"},"_chains":{"BR7KRjI3cD4RqXOiYZKicw/1qaHeME9APk/qizTXETBU":{"chainKey":{"counter":-1,"key":"RL4N9nWWmqsYK/zJ/sgOWMHcLTx0FsNzF+KdDhcZjZ0="},"chainType":1,"messageKeys":{}}},"pendingPreKey":{"signedKeyId":14,"baseKey":"BVR2qFiZSH1g6cY+oyLsduwOl5TfWmTC8uAM9LWHU6EM","preKeyId":2863416}},"BUXtVI/FKS9ANfSvVzpAIH6BheJdDOfbUMDk/WOpM0Qu":{"registrationId":637211538,"currentRatchet":{"ephemeralKeyPair":{"pubKey":"BfiEiZeUUlbf4WzPXzSpT335wRnSRMN985tcghZHlu0a","privKey":"uA1N9IzrUQCl9w1uz5ji7Yh631hm03bsNgjk4jOAVkg="},"lastRemoteEphemeralKey":"Ba/uW36lGrbLj+a56k5Cfbd0xPBz2o+v5TMQReMOFXd6","previousCounter":0,"rootKey":"rLWjxIq3evX2aKFvdd3bSKDf3YcshRkbM9ug97iztiI="},"indexInfo":{"baseKey":"BUXtVI/FKS9ANfSvVzpAIH6BheJdDOfbUMDk/WOpM0Qu","baseKeyType":1,"closed":1691431714583,"used":1691431714135,"created":1691431714135,"remoteIdentityKey":"BSIPtsCwKeGpvbt4Sgjgo0ENjsKwvB8tYcs4Wulv3mEb"},"_chains":{"BfiEiZeUUlbf4WzPXzSpT335wRnSRMN985tcghZHlu0a":{"chainKey":{"counter":-1,"key":"Xy7JQeW1KhRWpCVUWJ/QHET2pbi/v1hVuhbMyv1klNY="},"chainType":1,"messageKeys":{}}},"pendingPreKey":{"signedKeyId":14,"baseKey":"BUXtVI/FKS9ANfSvVzpAIH6BheJdDOfbUMDk/WOpM0Qu","preKeyId":2862940}},"Bf/K1gGIQgBfe40ms5mg/F2GmeO4LjQq4e714B/DsqJL":{"registrationId":637211538,"currentRatchet":{"ephemeralKeyPair":{"pubKey":"BQoIYm+3WcWrO49ln+iqDoK4c8CdK675J8UOMs0X+g8f","privKey":"qIS44H3TGeLoB0Pt2fZq+F+V0nX8Z8doMXJjMBJJjUI="},"lastRemoteEphemeralKey":"Ba/uW36lGrbLj+a56k5Cfbd0xPBz2o+v5TMQReMOFXd6","previousCounter":0,"rootKey":"GdiWxuY3gJ6plUDAOgikdlxMAEOZClCVEvYlRnq7IgE="},"indexInfo":{"baseKey":"Bf/K1gGIQgBfe40ms5mg/F2GmeO4LjQq4e714B/DsqJL","baseKeyType":1,"closed":-1,"used":1691431714574,"created":1691431714574,"remoteIdentityKey":"BSIPtsCwKeGpvbt4Sgjgo0ENjsKwvB8tYcs4Wulv3mEb"},"_chains":{"BQoIYm+3WcWrO49ln+iqDoK4c8CdK675J8UOMs0X+g8f":{"chainKey":{"counter":-1,"key":"M09LmFuqIWmN8/msojwX8qkC33yHDj0tJDz2ChNvggs="},"chainType":1,"messageKeys":{}}},"pendingPreKey":{"signedKeyId":14,"baseKey":"Bf/K1gGIQgBfe40ms5mg/F2GmeO4LjQq4e714B/DsqJL","preKeyId":2863382}}},"version":"v1"}