{"_sessions":{"BWV8wReEC238idhYdrJaQ2Zaih+wTDlp2kpoW9mfnOEf":{"registrationId":532531155,"currentRatchet":{"ephemeralKeyPair":{"pubKey":"BSW8IlDRLk21PLhs0zus564aSATI5T3iTXa36ERcGasF","privKey":"QAgA6rWLUkKLsG9ULw8xNu3ESzXV/ruXSA+qSIUuW3E="},"lastRemoteEphemeralKey":"BVAM1WCXj734R2rMIWm+PHSw3WCxdb6vvQ201yDN55Fk","previousCounter":0,"rootKey":"lusEtTw6XcH7FrEN/Zk8BfxpaS78DN6Zud1zTzV4bic="},"indexInfo":{"baseKey":"BWV8wReEC238idhYdrJaQ2Zaih+wTDlp2kpoW9mfnOEf","baseKeyType":2,"closed":-1,"used":1691972326370,"created":1691972326370,"remoteIdentityKey":"BfUtnf8IzFRjeICt8g6FUQ16bIDe7CHqR1UAHCFih+1/"},"_chains":{"BVAM1WCXj734R2rMIWm+PHSw3WCxdb6vvQ201yDN55Fk":{"chainKey":{"counter":2,"key":"CXTQFD2agqBkEGml12TrfdOAMQFrV7dW+O1X2u6WcQo="},"chainType":2,"messageKeys":{}},"BSW8IlDRLk21PLhs0zus564aSATI5T3iTXa36ERcGasF":{"chainKey":{"counter":0,"key":"wxRA/xG3wvCIzq3YzBxfMlP7Xz3TLIkMSMiKL3kOfRY="},"chainType":1,"messageKeys":{}}}}},"version":"v1"}