{"_sessions":{"BZ1Vrl7WVhZu6giQesO0HBaEy26k7/kzIeXLr6Pp8F08":{"registrationId":1089892636,"currentRatchet":{"ephemeralKeyPair":{"pubKey":"BeFM0f+c4HWIbRrqhX7iYbDr/pCGIgnv8P9eHtKMoBM3","privKey":"4Lvk1ioCgMaOg+r2Ugf4OoOIDK+Blyy0NbqaBhBPpGM="},"lastRemoteEphemeralKey":"BZQPewbIkanHGc8HxZON0NxOk+bFDVfiPu32gabZtPcz","previousCounter":0,"rootKey":"7/9jBBMHdk17TXSm8oh+2DNC+RPjRCSn9hHV9q0FWDY="},"indexInfo":{"baseKey":"BZ1Vrl7WVhZu6giQesO0HBaEy26k7/kzIeXLr6Pp8F08","baseKeyType":1,"closed":-1,"used":1691247623669,"created":1691247623669,"remoteIdentityKey":"BWI/RDd+w25TuzIYHliUkZd02rERWtsLhlLY2FFz6sc5"},"_chains":{"BeFM0f+c4HWIbRrqhX7iYbDr/pCGIgnv8P9eHtKMoBM3":{"chainKey":{"counter":0,"key":"7adjO6dLD57AlRVOahBOkc1wvwd7AePQ/UZOKYUpuM0="},"chainType":1,"messageKeys":{}}},"pendingPreKey":{"signedKeyId":1,"baseKey":"BZ1Vrl7WVhZu6giQesO0HBaEy26k7/kzIeXLr6Pp8F08","preKeyId":12647917}}},"version":"v1"}