{"_sessions":{"BRUPpc9aZh/HslC7T/YJMDB0gakODwQSpo4rM1R1jx4w":{"registrationId":842012080,"currentRatchet":{"ephemeralKeyPair":{"pubKey":"BZbGL7oSfwJQW7eKGaqUg+vg6IRn3EqFy9qP8fY5e8dx","privKey":"KH1WYTqUBso3cOJMWRFLipo5r26KEJcqFGW1k2uo3VA="},"lastRemoteEphemeralKey":"BVti24VU1jOxE83A+6qOLaP4wRF/+47jK55TLTT/OYxr","previousCounter":0,"rootKey":"Vh1aTPWkRVBn8BcF+hc539inYKzF0zu22g5Ygi6mRMQ="},"indexInfo":{"baseKey":"BRUPpc9aZh/HslC7T/YJMDB0gakODwQSpo4rM1R1jx4w","baseKeyType":1,"closed":-1,"used":1691247623779,"created":1691247623779,"remoteIdentityKey":"BZD8GquXEMZnmh6uMkkkdrPKKXxriUVjKHD1pBb3l/5k"},"_chains":{"BZbGL7oSfwJQW7eKGaqUg+vg6IRn3EqFy9qP8fY5e8dx":{"chainKey":{"counter":0,"key":"F/M8iq5ewEl0nnhkLDrPtYIJN11qzxFMKCgdU83t36c="},"chainType":1,"messageKeys":{}}},"pendingPreKey":{"signedKeyId":1,"baseKey":"BRUPpc9aZh/HslC7T/YJMDB0gakODwQSpo4rM1R1jx4w","preKeyId":11865958}}},"version":"v1"}