{"_sessions":{"BTvas6e6h4lvLLVs4wBMmzzKB9RhU1vjKAenruZ/87Yn":{"registrationId":1340126326,"currentRatchet":{"ephemeralKeyPair":{"pubKey":"BTGmLwXLTq3vpY5suMt6xrroYfmIyrXG34a5HW7eGh9i","privKey":"INUBz0v4No1Zg5SFvN4tkkFjxzzvVMC0tQpuTknscXY="},"lastRemoteEphemeralKey":"BdjHAkZBPTIPORXSFZXRb43toXNCr9a1tTjyo7CWz8gd","previousCounter":0,"rootKey":"kRSU48iRvQjwUQmMW6PnFRPO26OxBIH3pom4XgFG2iM="},"indexInfo":{"baseKey":"BTvas6e6h4lvLLVs4wBMmzzKB9RhU1vjKAenruZ/87Yn","baseKeyType":2,"closed":-1,"used":1691972336924,"created":1691972336924,"remoteIdentityKey":"BRLnYCLuNPqipe9BcW9apxepmH8a+d40LpHMMfpsRRhT"},"_chains":{"BdjHAkZBPTIPORXSFZXRb43toXNCr9a1tTjyo7CWz8gd":{"chainKey":{"counter":0,"key":"m5v2ACHZ2s+oPdDHGJlV8Xwuctj0tmzlCEP4c9yK7IE="},"chainType":2,"messageKeys":{}},"BTGmLwXLTq3vpY5suMt6xrroYfmIyrXG34a5HW7eGh9i":{"chainKey":{"counter":-1,"key":"RmqwZKlhI9LGCoU2175TY4gLnD4sO2Ij+TudKzSuub0="},"chainType":1,"messageKeys":{}}}}},"version":"v1"}