{"_sessions":{"BYpyprE3CPiaPFSlKeRJ9Ans20XUv9CbEJ+FjHwBGgcS":{"registrationId":172,"currentRatchet":{"ephemeralKeyPair":{"pubKey":"BVLBX/3djmwkyqOh1biAfLn2bA/wDcz8VfBoY7olafd/","privKey":"SKxhrlLDetOkD1YRbIXx3Zz6NuK2EUZshu+ENVyLBEM="},"lastRemoteEphemeralKey":"BY/MBVLQmxGDjEpLS2Z2qKgxfbAyQRjWxmnj93FmMfBq","previousCounter":0,"rootKey":"ICc5wY33Lahge1FH5qlfTu3ISwCpGB5skO0tuGswDV0="},"indexInfo":{"baseKey":"BYpyprE3CPiaPFSlKeRJ9Ans20XUv9CbEJ+FjHwBGgcS","baseKeyType":1,"closed":-1,"used":1691247273642,"created":1691247273642,"remoteIdentityKey":"BeANHz/2BqUvyD+VW7KGtQ7A5MSG9BTRrUh152tA+Icu"},"_chains":{"BVLBX/3djmwkyqOh1biAfLn2bA/wDcz8VfBoY7olafd/":{"chainKey":{"counter":803,"key":"m7+CkfVsUYHV/2Nz+2yN6Fxs9DPIwbas9yh/A/8Wcuc="},"chainType":1,"messageKeys":{}}},"pendingPreKey":{"signedKeyId":1,"baseKey":"BYpyprE3CPiaPFSlKeRJ9Ans20XUv9CbEJ+FjHwBGgcS","preKeyId":3}}},"version":"v1"}