{"_sessions":{"BSXdFRbzGpWCgbdXLJNVgtJh2NK/MVy7KR+CB0b4Xr56":{"registrationId":622382820,"currentRatchet":{"ephemeralKeyPair":{"pubKey":"BUBtMnE+2O+H2dluZmCLtNdQFtKfaPaHcCMeIl0msKJk","privKey":"mCLWoDmhmmYemsz4FB3GfYML18p18heglaeViPNFhXw="},"lastRemoteEphemeralKey":"BS9omf6IvL4r2V/9tswx1j6A7K0X2d/T+6nG5LORWfFm","previousCounter":0,"rootKey":"hacROrk2ag9PS+GRkNAbL116fvndDWbRooeKAUBP0I8="},"indexInfo":{"baseKey":"BSXdFRbzGpWCgbdXLJNVgtJh2NK/MVy7KR+CB0b4Xr56","baseKeyType":1,"closed":-1,"used":1691247624401,"created":1691247624401,"remoteIdentityKey":"BR5btJJc/YBd+6fULgNRYiikPoIjDb3DWlNU0F+acABl"},"_chains":{"BUBtMnE+2O+H2dluZmCLtNdQFtKfaPaHcCMeIl0msKJk":{"chainKey":{"counter":0,"key":"rrsiIA6iKDQiwGslEm7jS+UJyP6Te31EpHlSNn6lWKc="},"chainType":1,"messageKeys":{}}},"pendingPreKey":{"signedKeyId":4,"baseKey":"BSXdFRbzGpWCgbdXLJNVgtJh2NK/MVy7KR+CB0b4Xr56","preKeyId":16275799}}},"version":"v1"}