{"_sessions":{"BX4xT8wKRLv6EiLQWLa1/Tz3ZWdHNOicjSjh44j4cwsR":{"registrationId":1761136390,"currentRatchet":{"ephemeralKeyPair":{"pubKey":"BZyeMRSZwDMSVRIGiOAzmWc7TPgvH1tLHZuOSZdk39wm","privKey":"KM59x1wCQ8McaGxMsDbuH6aWZN5LyA52uK3mo4lXOW8="},"lastRemoteEphemeralKey":"BWSijupjsXKstWwRzerIm3LZtxrUT0uTekBMSGzCexIb","previousCounter":0,"rootKey":"kPKFbh/U3GdNbdDTjfnYFKiBwQCOGdb/roFWe8fGYx8="},"indexInfo":{"baseKey":"BX4xT8wKRLv6EiLQWLa1/Tz3ZWdHNOicjSjh44j4cwsR","baseKeyType":1,"closed":-1,"used":1691247624672,"created":1691247624672,"remoteIdentityKey":"BbC9Tg7LE71Pyjc3ttGIxE6Nq7Jtjf6rQy8JuMPA6Tlf"},"_chains":{"BZyeMRSZwDMSVRIGiOAzmWc7TPgvH1tLHZuOSZdk39wm":{"chainKey":{"counter":0,"key":"c3twIpe7tNt49R1esr2UYvrDSNHwqifcnZLunMziOe4="},"chainType":1,"messageKeys":{}}},"pendingPreKey":{"signedKeyId":15,"baseKey":"BX4xT8wKRLv6EiLQWLa1/Tz3ZWdHNOicjSjh44j4cwsR","preKeyId":16480635}}},"version":"v1"}