{"_sessions":{"Ba4HVsaI2lWAaQ8AOTgTthFQy3T5S5D6+31ZihL68C1H":{"registrationId":21011461,"currentRatchet":{"ephemeralKeyPair":{"pubKey":"BT3uQj8vQLlceDpBMgdU6pnJ3W3kk/P3MGzeIiui6kcF","privKey":"MDV20nkc2iNz6fJ71CfjoaYNdRpIlC7pA9N2FbwNmG4="},"lastRemoteEphemeralKey":"BUejMb2JTxylM07YrKEYi78CJTck7dH/CRADKO5/nwVb","previousCounter":0,"rootKey":"oTGtl/TJiu8azCxwLMFHwM8WzBk92Vkbel0HorV3z9E="},"indexInfo":{"baseKey":"Ba4HVsaI2lWAaQ8AOTgTthFQy3T5S5D6+31ZihL68C1H","baseKeyType":1,"closed":-1,"used":1691372056967,"created":1691372056967,"remoteIdentityKey":"BWlfrsDs0s9w8sluxhvqHYeH7O7wUlYQUOEk1Th8qwh2"},"_chains":{"BT3uQj8vQLlceDpBMgdU6pnJ3W3kk/P3MGzeIiui6kcF":{"chainKey":{"counter":2,"key":"Dqa+/T8tgCGXp16EgKYPurVPK0HaeJHfnJVP7myUlj0="},"chainType":1,"messageKeys":{}}},"pendingPreKey":{"signedKeyId":0,"baseKey":"Ba4HVsaI2lWAaQ8AOTgTthFQy3T5S5D6+31ZihL68C1H","preKeyId":16504899}}},"version":"v1"}