{"_sessions":{"Bb9Jfq2Jk6DB48vwxrobmFX/B++pwEJbIXBwvbQkE/Yu":{"registrationId":22,"currentRatchet":{"ephemeralKeyPair":{"pubKey":"BUMFsEkavwjQdiVwAiPLprqbWzPPO/f12ZNINm6bazZL","privKey":"eF/vP0QZq6bQCaNE5J0CusYiOaIyx3dSYlW76cTwbGQ="},"lastRemoteEphemeralKey":"BdYOwH1FEVNIipvZaYEmRNMepbpaBFPcGfn/6W7arXx8","previousCounter":0,"rootKey":"EUDZYqglcTNYfTYKKD6qRPbshahMno0Ft4NfZJFjo7k="},"indexInfo":{"baseKey":"Bb9Jfq2Jk6DB48vwxrobmFX/B++pwEJbIXBwvbQkE/Yu","baseKeyType":2,"closed":-1,"used":1691972355170,"created":1691972355170,"remoteIdentityKey":"Bd52FhX6ZEkpOIDf5mN6hh1f8zapktKXvsgIYf6Sdage"},"_chains":{"BdYOwH1FEVNIipvZaYEmRNMepbpaBFPcGfn/6W7arXx8":{"chainKey":{"counter":0,"key":"HDBbdSKcT8hCkbDpW/HeNtHVj97dB2l3zWj++dXhzQc="},"chainType":2,"messageKeys":{}},"BUMFsEkavwjQdiVwAiPLprqbWzPPO/f12ZNINm6bazZL":{"chainKey":{"counter":0,"key":"0nyIEypB0WiIkPhuChg2jYfAnVTniFzr2e+CuMj4yAs="},"chainType":1,"messageKeys":{}}}}},"version":"v1"}