{"_sessions":{"BbZkRHmvM2mfDuSz3Kexp/wLUnMaNj31wK1+uzls10cj":{"registrationId":1895033169,"currentRatchet":{"ephemeralKeyPair":{"pubKey":"BezQ8JwJTMUSNMlxcpr7jzp2MlvFLw/b1mpBzISOHyl7","privKey":"0Klspq4Zm3AU+HnIqLcrwrLS7h3NVffDlcBC7tzpplQ="},"lastRemoteEphemeralKey":"Bb7KZmCW4jXv5tPsAo5bjC5hWtTd9suqwau5DgmjckdE","previousCounter":0,"rootKey":"H8oDU5kfIDrfNR2tCk5KGG13VeYb7h7NCfSL/RoPZoI="},"indexInfo":{"baseKey":"BbZkRHmvM2mfDuSz3Kexp/wLUnMaNj31wK1+uzls10cj","baseKeyType":1,"closed":-1,"used":1691247624008,"created":1691247624008,"remoteIdentityKey":"BUb4unJD5OgT7ty78gWYyZdWvRty1JsCK3oq8sB52dBz"},"_chains":{"BezQ8JwJTMUSNMlxcpr7jzp2MlvFLw/b1mpBzISOHyl7":{"chainKey":{"counter":0,"key":"kZsnjE3wB99wG6x/S58pKnsypb3Ps5xvk5kqmy9LDAY="},"chainType":1,"messageKeys":{}}},"pendingPreKey":{"signedKeyId":31,"baseKey":"BbZkRHmvM2mfDuSz3Kexp/wLUnMaNj31wK1+uzls10cj","preKeyId":2198660}}},"version":"v1"}