{"_sessions":{"BdW56V3O1xZvU+vIPyNYMP12/yz6DKJKwkHAP8EdCoEO":{"registrationId":1513156948,"currentRatchet":{"ephemeralKeyPair":{"pubKey":"BVZv56WQYZIetFPVJOo2zkF/pamp/W7dns6Hy8l+n3Qk","privKey":"MHdgKZdM+rA+yxDjknT4ryCPfnKom1Jlj8NgOyb0SHc="},"lastRemoteEphemeralKey":"BQ+rZ+qTnnCYNRPgB4C14/dvaQ5jk6u7437eU89inPQg","previousCounter":0,"rootKey":"F7jCGLCXoJnuJCPf6uxIS1CL2rDuLCih1lSAidwdVhQ="},"indexInfo":{"baseKey":"BdW56V3O1xZvU+vIPyNYMP12/yz6DKJKwkHAP8EdCoEO","baseKeyType":1,"closed":1691279368452,"used":1691247624538,"created":1691247624538,"remoteIdentityKey":"BTzQcf4O01W9u+GcEzMhFwGB5aRYDu7xCMV0SxL/oms9"},"_chains":{"BVZv56WQYZIetFPVJOo2zkF/pamp/W7dns6Hy8l+n3Qk":{"chainKey":{"counter":0,"key":"Me5cr5Mt86IHNruSrlKAiNlosSTh0vEG5cUjR2NDA7A="},"chainType":1,"messageKeys":{}}},"pendingPreKey":{"signedKeyId":11,"baseKey":"BdW56V3O1xZvU+vIPyNYMP12/yz6DKJKwkHAP8EdCoEO","preKeyId":12887420}},"Bf6U82yehjKWAzqC/BQFec/aXa91i8UGOZ7hNSs6GSNX":{"registrationId":1513156948,"currentRatchet":{"ephemeralKeyPair":{"pubKey":"Bf6lQJPxxIaeo9x9Q85bKUBnc8xeGQunTG9IAvGbxXgG","privKey":"EOLqtFxv1tzt3Xq/sTmx95lqbSwq+MRbKBNZqpgvl2E="},"lastRemoteEphemeralKey":"BQ+rZ+qTnnCYNRPgB4C14/dvaQ5jk6u7437eU89inPQg","previousCounter":0,"rootKey":"oEcU/RCUIBCs40a1qvVRbE9kLDFJoRqwqfNP9cjRy5k="},"indexInfo":{"baseKey":"Bf6U82yehjKWAzqC/BQFec/aXa91i8UGOZ7hNSs6GSNX","baseKeyType":1,"closed":1691279368941,"used":1691279368431,"created":1691279368431,"remoteIdentityKey":"BTzQcf4O01W9u+GcEzMhFwGB5aRYDu7xCMV0SxL/oms9"},"_chains":{"Bf6lQJPxxIaeo9x9Q85bKUBnc8xeGQunTG9IAvGbxXgG":{"chainKey":{"counter":-1,"key":"7LBv4stJ3ELDV2HNB35yV90mWRZKtBAXjbS0MCksaPs="},"chainType":1,"messageKeys":{}}},"pendingPreKey":{"signedKeyId":11,"baseKey":"Bf6U82yehjKWAzqC/BQFec/aXa91i8UGOZ7hNSs6GSNX","preKeyId":12887376}},"BYvSLkdQ8XCwZpHrWFQml+FmmCOTZVs8obR99MhYas4G":{"registrationId":1513156948,"currentRatchet":{"ephemeralKeyPair":{"pubKey":"BQzPmB2apIrRBKIKTT0m9GbuZ5S4pSmT0AVjzrb5M3A9","privKey":"WEdktqVUucNuSmyDbJ2t9r4xBWOq61OV2wWPIG9aqF8="},"lastRemoteEphemeralKey":"BQ+rZ+qTnnCYNRPgB4C14/dvaQ5jk6u7437eU89inPQg","previousCounter":0,"rootKey":"vP8Des0Gbq/FVKZlHiPRwvR3tQp0kPybmpCuF9KIZJk="},"indexInfo":{"baseKey":"BYvSLkdQ8XCwZpHrWFQml+FmmCOTZVs8obR99MhYas4G","baseKeyType":1,"closed":1691279369460,"used":1691279368929,"created":1691279368929,"remoteIdentityKey":"BTzQcf4O01W9u+GcEzMhFwGB5aRYDu7xCMV0SxL/oms9"},"_chains":{"BQzPmB2apIrRBKIKTT0m9GbuZ5S4pSmT0AVjzrb5M3A9":{"chainKey":{"counter":-1,"key":"IzC4NstA2PKiMYOprAKcGJ0Sij5F/nWHEyHbNWXYdIc="},"chainType":1,"messageKeys":{}}},"pendingPreKey":{"signedKeyId":11,"baseKey":"BYvSLkdQ8XCwZpHrWFQml+FmmCOTZVs8obR99MhYas4G","preKeyId":12888135}},"BZD+FLUD1kP6lJEA6K9lPqUa1HyLz1C1b4uA7H01OOA9":{"registrationId":1513156948,"currentRatchet":{"ephemeralKeyPair":{"pubKey":"BW4L5TpU+DQoo3e+E1tek7iFQmKQN7YJ05v4fslql4UI","privKey":"0CoSuEqzOH26t7SBNVPVYErbfjNqgGuOYVOWXHse+Hw="},"lastRemoteEphemeralKey":"BQ+rZ+qTnnCYNRPgB4C14/dvaQ5jk6u7437eU89inPQg","previousCounter":0,"rootKey":"7W47CUdl/fQohibHkH6oBgJo3p3hWVD/rm5Ly0AEcho="},"indexInfo":{"baseKey":"BZD+FLUD1kP6lJEA6K9lPqUa1HyLz1C1b4uA7H01OOA9","baseKeyType":1,"closed":1691279369951,"used":1691279369446,"created":1691279369446,"remoteIdentityKey":"BTzQcf4O01W9u+GcEzMhFwGB5aRYDu7xCMV0SxL/oms9"},"_chains":{"BW4L5TpU+DQoo3e+E1tek7iFQmKQN7YJ05v4fslql4UI":{"chainKey":{"counter":-1,"key":"wD88blwz6hNpS3gcRcuHHV6I6vGsU+e6IUpi2eSaiOQ="},"chainType":1,"messageKeys":{}}},"pendingPreKey":{"signedKeyId":11,"baseKey":"BZD+FLUD1kP6lJEA6K9lPqUa1HyLz1C1b4uA7H01OOA9","preKeyId":12887449}},"BVm4mt7zHjJwFS/JZSV5df6iveZ3FrHXKkjh9KIlhPk9":{"registrationId":1513156948,"currentRatchet":{"ephemeralKeyPair":{"pubKey":"Ba2l8iD3+2IpMLxp97pBQlP02rLa6voZJ7Ovwihz7Z98","privKey":"QCH3ZZwm1WJcsFS93AAlo1fgHkPoL1zhkQLLRpv9MF8="},"lastRemoteEphemeralKey":"BQ+rZ+qTnnCYNRPgB4C14/dvaQ5jk6u7437eU89inPQg","previousCounter":0,"rootKey":"ju34XeEAupZPXkb1YcxZ8MPuSUCsaIAR9TFP9Q/X/TA="},"indexInfo":{"baseKey":"BVm4mt7zHjJwFS/JZSV5df6iveZ3FrHXKkjh9KIlhPk9","baseKeyType":1,"closed":1691279370458,"used":1691279369941,"created":1691279369941,"remoteIdentityKey":"BTzQcf4O01W9u+GcEzMhFwGB5aRYDu7xCMV0SxL/oms9"},"_chains":{"Ba2l8iD3+2IpMLxp97pBQlP02rLa6voZJ7Ovwihz7Z98":{"chainKey":{"counter":-1,"key":"ZwSJ+DHiVv8zBkeus8qnQ1cHXTHbLclYq4BSeesJetY="},"chainType":1,"messageKeys":{}}},"pendingPreKey":{"signedKeyId":11,"baseKey":"BVm4mt7zHjJwFS/JZSV5df6iveZ3FrHXKkjh9KIlhPk9","preKeyId":12887470}},"BebWIbzyYtpOhrMZN1AOb2itUQe5dU4QEPpRPm3c6a54":{"registrationId":1513156948,"currentRatchet":{"ephemeralKeyPair":{"pubKey":"BUpccdLKUI7GWp4SSughPIM57c9JrCzHZPapazeMyYBM","privKey":"kHuijb9sbvVFFTGQiec/HGuz6ueiiSYquFjlB4qMqlk="},"lastRemoteEphemeralKey":"BQ+rZ+qTnnCYNRPgB4C14/dvaQ5jk6u7437eU89inPQg","previousCounter":0,"rootKey":"VwEuSZCTfe09WQ8j8CzHsbNojLPeGTXFz06P2xNKu78="},"indexInfo":{"baseKey":"BebWIbzyYtpOhrMZN1AOb2itUQe5dU4QEPpRPm3c6a54","baseKeyType":1,"closed":1691279370966,"used":1691279370445,"created":1691279370445,"remoteIdentityKey":"BTzQcf4O01W9u+GcEzMhFwGB5aRYDu7xCMV0SxL/oms9"},"_chains":{"BUpccdLKUI7GWp4SSughPIM57c9JrCzHZPapazeMyYBM":{"chainKey":{"counter":-1,"key":"WMp623uO8Dl4Kth+epK6fwshX1I9/7EBkaLuElAXr84="},"chainType":1,"messageKeys":{}}},"pendingPreKey":{"signedKeyId":11,"baseKey":"BebWIbzyYtpOhrMZN1AOb2itUQe5dU4QEPpRPm3c6a54","preKeyId":12888086}},"BQvbAJTtlUeHVTDUeJVoYdBDmpPerFJMIxR+nKXSCtBE":{"registrationId":1513156948,"currentRatchet":{"ephemeralKeyPair":{"pubKey":"BUdemC776ygtwe/7ftA0CGP0N7jkpHnTxPjjxQsS6Wok","privKey":"8EQb8j9GDjnDN9okQh+mBfy35qCUn1kd2EYTqeYOwUM="},"lastRemoteEphemeralKey":"BQ+rZ+qTnnCYNRPgB4C14/dvaQ5jk6u7437eU89inPQg","previousCounter":0,"rootKey":"o/1H5SMsLKgVt56B5gjQT3kxWWb2ntsudHwYsRojddI="},"indexInfo":{"baseKey":"BQvbAJTtlUeHVTDUeJVoYdBDmpPerFJMIxR+nKXSCtBE","baseKeyType":1,"closed":1691279371594,"used":1691279370955,"created":1691279370955,"remoteIdentityKey":"BTzQcf4O01W9u+GcEzMhFwGB5aRYDu7xCMV0SxL/oms9"},"_chains":{"BUdemC776ygtwe/7ftA0CGP0N7jkpHnTxPjjxQsS6Wok":{"chainKey":{"counter":-1,"key":"4lQce2ulUu7QZLkKyuWDW8xma38CIBgZqXQtEofCr9Q="},"chainType":1,"messageKeys":{}}},"pendingPreKey":{"signedKeyId":11,"baseKey":"BQvbAJTtlUeHVTDUeJVoYdBDmpPerFJMIxR+nKXSCtBE","preKeyId":12887396}},"BSMe8qrxfdzVMTUr6hO34ejvOKiI4mrn9YzKNfeCwokL":{"registrationId":1513156948,"currentRatchet":{"ephemeralKeyPair":{"pubKey":"Bbgg/YgbB4neTcTFIOKwV8MhNT3Cipg9IrNZnDJ8tLBU","privKey":"AA0OdsiF7I8/Cy7Zklt3jZ0BlebU7p54Tpp1I7oCt34="},"lastRemoteEphemeralKey":"BQ+rZ+qTnnCYNRPgB4C14/dvaQ5jk6u7437eU89inPQg","previousCounter":0,"rootKey":"tY/7SSDZj0Nd4n8rWagcbmJXbxrKph+T7j1xwGFi/9w="},"indexInfo":{"baseKey":"BSMe8qrxfdzVMTUr6hO34ejvOKiI4mrn9YzKNfeCwokL","baseKeyType":1,"closed":1691279372057,"used":1691279371514,"created":1691279371514,"remoteIdentityKey":"BTzQcf4O01W9u+GcEzMhFwGB5aRYDu7xCMV0SxL/oms9"},"_chains":{"Bbgg/YgbB4neTcTFIOKwV8MhNT3Cipg9IrNZnDJ8tLBU":{"chainKey":{"counter":-1,"key":"ZwqFFwHMovstt31C3G0LilMApQalnIgjITHWpzxVxVU="},"chainType":1,"messageKeys":{}}},"pendingPreKey":{"signedKeyId":11,"baseKey":"BSMe8qrxfdzVMTUr6hO34ejvOKiI4mrn9YzKNfeCwokL","preKeyId":12887386}},"BUTcD2029cqSYQgkkSBvwWnJzmNn9s2XUUbTOwwrCYUI":{"registrationId":1513156948,"currentRatchet":{"ephemeralKeyPair":{"pubKey":"Bf9NczUyb+1xzEHOn3dqVt6qn8pRllIeXRZ3kA6DN/Rh","privKey":"UMUwVWH8yFdnUulunUze4wfkerNGYLWAv9hVdvpf0VU="},"lastRemoteEphemeralKey":"BQ+rZ+qTnnCYNRPgB4C14/dvaQ5jk6u7437eU89inPQg","previousCounter":0,"rootKey":"Yirgc8oGu7jV9OWHmF5QnjG2/MrqhQ8yMXnj+kErDkg="},"indexInfo":{"baseKey":"BUTcD2029cqSYQgkkSBvwWnJzmNn9s2XUUbTOwwrCYUI","baseKeyType":1,"closed":-1,"used":1691279372046,"created":1691279372046,"remoteIdentityKey":"BTzQcf4O01W9u+GcEzMhFwGB5aRYDu7xCMV0SxL/oms9"},"_chains":{"Bf9NczUyb+1xzEHOn3dqVt6qn8pRllIeXRZ3kA6DN/Rh":{"chainKey":{"counter":-1,"key":"oglUabnWDz5+THv9w9+m01mSaNhw3kt0tx/MGkd0L08="},"chainType":1,"messageKeys":{}}},"pendingPreKey":{"signedKeyId":11,"baseKey":"BUTcD2029cqSYQgkkSBvwWnJzmNn9s2XUUbTOwwrCYUI","preKeyId":12887471}}},"version":"v1"}