{"_sessions":{"Bbta+IFGT/LCxLumVE50TcZyudpYAx16XFeQmKm1i5d2":{"registrationId":232,"currentRatchet":{"ephemeralKeyPair":{"pubKey":"BYD5P5Qi/nZK5xVoxOA93FnJlYFqh6qV72BhZci8xn5U","privKey":"+NA5yPEmhyOYIm4MKIGyC8S3V+tFrYaLkQOa5DvfnHM="},"lastRemoteEphemeralKey":"Be52oXsw1u/iqEOYtKj1k/Zej3NMSnXjDDGgDu8mA9lc","previousCounter":0,"rootKey":"SJtEz1mhQkn7d0NYcyRqHFIks62JZhE+3bvBCRXuOmk="},"indexInfo":{"baseKey":"Bbta+IFGT/LCxLumVE50TcZyudpYAx16XFeQmKm1i5d2","baseKeyType":2,"closed":-1,"used":1692004680055,"created":1692004680055,"remoteIdentityKey":"BVhffVdsuowMErtftPGvU8CVjPKSXouxxIEsFV61u3E3"},"_chains":{"Be52oXsw1u/iqEOYtKj1k/Zej3NMSnXjDDGgDu8mA9lc":{"chainKey":{"counter":1,"key":"pqqzhhA81Nxq78p4Rg3OVEWKTJG7EuuWvUQHch2UW9I="},"chainType":2,"messageKeys":{}},"BYD5P5Qi/nZK5xVoxOA93FnJlYFqh6qV72BhZci8xn5U":{"chainKey":{"counter":-1,"key":"mPybHioKqlBKgbBQsA1Hwl85hVeoOzXcoa2TGdpLJug="},"chainType":1,"messageKeys":{}}}}},"version":"v1"}