{"_sessions":{"BQTVOilEAV/X9h8F2tYTE/1lzoapeh2sq9jODdpJsnhQ":{"registrationId":12297,"currentRatchet":{"ephemeralKeyPair":{"pubKey":"BcGsUe86qTBt5qacbaqBCb5Mela5fqUPrrcQB4eFGUkL","privKey":"+J4ln1WRHxQyC2Uf+13g/ArcdMgQwlPbO1joviyNHWA="},"lastRemoteEphemeralKey":"BZgtcsISJq1fCZ3ahXkZZFCY5VsTJwVXrjxylalfRB0b","previousCounter":0,"rootKey":"HRWOyTORgxeLbPX0lO34HBclKxeGdYR5KsvaFZYdf8U="},"indexInfo":{"baseKey":"BQTVOilEAV/X9h8F2tYTE/1lzoapeh2sq9jODdpJsnhQ","baseKeyType":1,"closed":-1,"used":1691247623549,"created":1691247623549,"remoteIdentityKey":"BUXtzbpjx0MEhsOFubqtMFXD7DbQUEOweBrwwFCQmpJA"},"_chains":{"BcGsUe86qTBt5qacbaqBCb5Mela5fqUPrrcQB4eFGUkL":{"chainKey":{"counter":0,"key":"8bO1J51ds65X4s73TePbJDtQoc3qMoVYxlt/wrdYWug="},"chainType":1,"messageKeys":{}}},"pendingPreKey":{"signedKeyId":1,"baseKey":"BQTVOilEAV/X9h8F2tYTE/1lzoapeh2sq9jODdpJsnhQ"}}},"version":"v1"}