{"_sessions":{"BYaXrxsKJes2+JylPUBqgrcNMxA68+gK4z8xeU55C7U7":{"registrationId":2224,"currentRatchet":{"ephemeralKeyPair":{"pubKey":"BdUboFFu181l4ULe/0xGpxXg56dX3vc2bi5VqfZSEnE2","privKey":"QCL4lZW61e7ICR5aznWMrwJBZXV2AU+C4MUChwaLmGU="},"lastRemoteEphemeralKey":"BQaiy78+gcGMK7yp8C7XJOAEoJSRsPZNJTCLY5tutmNo","previousCounter":0,"rootKey":"E/Vq//HyPIQ/UOz/jrP1UBA3aEiuGSPQxCT1PGYpdI4="},"indexInfo":{"baseKey":"BYaXrxsKJes2+JylPUBqgrcNMxA68+gK4z8xeU55C7U7","baseKeyType":1,"closed":-1,"used":1691247623637,"created":1691247623637,"remoteIdentityKey":"BeKvDry6X9YV++7cma/DLskiqDKuxFcVP00CHKcqjFYT"},"_chains":{"BdUboFFu181l4ULe/0xGpxXg56dX3vc2bi5VqfZSEnE2":{"chainKey":{"counter":0,"key":"oyCdawnzp/TR1Dz/P6kgV0S/TbnlI/0UE3Ce1SOpuW4="},"chainType":1,"messageKeys":{}}},"pendingPreKey":{"signedKeyId":1,"baseKey":"BYaXrxsKJes2+JylPUBqgrcNMxA68+gK4z8xeU55C7U7","preKeyId":477}}},"version":"v1"}