{"_sessions":{"BSF8bYozugIwjzdmuJzyLPToaVs1zSGExikPNiSQlXRU":{"registrationId":50,"currentRatchet":{"ephemeralKeyPair":{"pubKey":"BeuNs8g9x3CBVF2VO3HQccWsfQlOvnUkirnGnOP6bBRX","privKey":"ML7duYBqPmW9EydMQNDn+u6f85lX/72cWDEknIjUS0I="},"lastRemoteEphemeralKey":"BTTkpKqNVCLxr6d4+RbSBxCseRvVZU1DUvUCsUOK7HkQ","previousCounter":0,"rootKey":"ZWNk5CbiYiVPOe0i6Eq2vw3wqXYnXjPCJUtIhrPtjoQ="},"indexInfo":{"baseKey":"BSF8bYozugIwjzdmuJzyLPToaVs1zSGExikPNiSQlXRU","baseKeyType":2,"closed":-1,"used":1691972326398,"created":1691972326398,"remoteIdentityKey":"BWW/S+0aSnbSfljBrqiKLxlCPPVabK29v2cG15aRTg1p"},"_chains":{"BTTkpKqNVCLxr6d4+RbSBxCseRvVZU1DUvUCsUOK7HkQ":{"chainKey":{"counter":0,"key":"JAOldvq7pYCGfhK83hjwtuqZ7PX4DtRJpRULw+ZCrMQ="},"chainType":2,"messageKeys":{}},"BeuNs8g9x3CBVF2VO3HQccWsfQlOvnUkirnGnOP6bBRX":{"chainKey":{"counter":-1,"key":"9O9m7R+5Ng/1gZZKzjzNtwRXQvUTM/jgX2fHtcXvE3k="},"chainType":1,"messageKeys":{}}}}},"version":"v1"}