{"_sessions":{"BVRTyib6ykJNpgezVt/qQg9YXFH5N21IXu8a2MCCEsBR":{"registrationId":892993802,"currentRatchet":{"ephemeralKeyPair":{"pubKey":"BU6fCsNb8eBNgf6hSY0Vub1UVZUaxmfyZ2iUZJYS9kAA","privKey":"wPt59o+vCBNAY9ljruCIXGbkniCQBZFMC+Wzh/vnT1U="},"lastRemoteEphemeralKey":"BY3yI3EXeJiGDw4Kcr66UD30XQ9Xu2az6icqYghP0gYw","previousCounter":0,"rootKey":"odMWyuO7DdibqEredqdXrbMcqc+nALMksEGgot/lPA4="},"indexInfo":{"baseKey":"BVRTyib6ykJNpgezVt/qQg9YXFH5N21IXu8a2MCCEsBR","baseKeyType":1,"closed":-1,"used":1691247623816,"created":1691247623816,"remoteIdentityKey":"BbwrNxxs5gQm9eG1WakBvDWR2h3mKiz4n/AVof5JBpZS"},"_chains":{"BU6fCsNb8eBNgf6hSY0Vub1UVZUaxmfyZ2iUZJYS9kAA":{"chainKey":{"counter":0,"key":"/Dw+3ouGiTqoM+lTem4Iy6uJvp5QmNbzcMqq3I/s5fc="},"chainType":1,"messageKeys":{}}},"pendingPreKey":{"signedKeyId":3,"baseKey":"BVRTyib6ykJNpgezVt/qQg9YXFH5N21IXu8a2MCCEsBR","preKeyId":483910}}},"version":"v1"}