{"_sessions":{"BW9jWf3IV3xrUe1YQ0wRfucvKbc5bKyj7kPEg/QJ5CE/":{"registrationId":352663511,"currentRatchet":{"ephemeralKeyPair":{"pubKey":"BV1a8gMxUJwkv6mkPaEYievse3ddkwcvxb56nfdurX5w","privKey":"iGNce7rF9eYOGcdSx+zgqgEKEr/WB7J0soXD6iuwvn0="},"lastRemoteEphemeralKey":"Bc+y7b7bK3aGs354iqmfkxFAfEi3KUPYI7LkQMKleONJ","previousCounter":0,"rootKey":"T+JGAuHJ+OzaIn4UMbTLH8X2UWcDOmz4sFrQHTbzdU4="},"indexInfo":{"baseKey":"BW9jWf3IV3xrUe1YQ0wRfucvKbc5bKyj7kPEg/QJ5CE/","baseKeyType":1,"closed":-1,"used":1691253407247,"created":1691247624163,"remoteIdentityKey":"BQoY7pyrGHMW6spY12PnPNcweUu2/Wene0lYs7KxYCBt"},"_chains":{"Bc+y7b7bK3aGs354iqmfkxFAfEi3KUPYI7LkQMKleONJ":{"chainKey":{"counter":0,"key":"uWitc+BrXFMRApTHN7hd+fy8lsi36mQMvHyyprU3c7U="},"chainType":2,"messageKeys":{}},"BV1a8gMxUJwkv6mkPaEYievse3ddkwcvxb56nfdurX5w":{"chainKey":{"counter":-1,"key":"ndg+4y/CMlLyA13Jfd9KfbogK3PyA4xW7v/Ej1MEKow="},"chainType":1,"messageKeys":{}}}}},"version":"v1"}