{"_sessions":{"BWrny/QBAF15v3I0hlwJr5eA7febyh+sMm8xA8lPC80y":{"registrationId":232972081,"currentRatchet":{"ephemeralKeyPair":{"pubKey":"BR+XHLijqPbvkP+ymSHE7UcvJ8IkyuhPVnFIZ5Il5hxT","privKey":"cMd8wlVABqAChE5wUSF6fueZsjHvMBzUj19RX3UR8Vs="},"lastRemoteEphemeralKey":"BaQZMH1oP9xJ/FfDQdp2hYkfLqLKucJPKBxXWAll04tY","previousCounter":0,"rootKey":"0Gkbohdv1L13GSSkZw+S7hXfSg5thYwa+0PYaDJgcMc="},"indexInfo":{"baseKey":"BWrny/QBAF15v3I0hlwJr5eA7febyh+sMm8xA8lPC80y","baseKeyType":1,"closed":-1,"used":1691247624288,"created":1691247624288,"remoteIdentityKey":"BRToV3TwRj+CxqYsnrkcYpukCn4v9DVW4OWpp/liXEN0"},"_chains":{"BR+XHLijqPbvkP+ymSHE7UcvJ8IkyuhPVnFIZ5Il5hxT":{"chainKey":{"counter":0,"key":"UGrbf/F6QLsSo6wQn7djO2QxMlzMUshw129/2BPM2Rg="},"chainType":1,"messageKeys":{}}},"pendingPreKey":{"signedKeyId":21,"baseKey":"BWrny/QBAF15v3I0hlwJr5eA7febyh+sMm8xA8lPC80y","preKeyId":6632108}}},"version":"v1"}