{"_sessions":{"BVIjd7DScOxlUx8QJZdO1qNuGY3/ghSWzfDLvPueADBf":{"registrationId":4028,"currentRatchet":{"ephemeralKeyPair":{"pubKey":"BXcPJR4IYMWubSlmCrpBbNhTnTvEsfhA8JxeEnlIR7J4","privKey":"8DeSEOEnvfTYu1NjmfMAYUVPE6sbDZfAQhDMTyia3WM="},"lastRemoteEphemeralKey":"BcPiWgUMERksUHiVQI7xDGM+gDZevuFwTiEzXPdJdKxc","previousCounter":0,"rootKey":"++cllijGWMibajVNeF/p6HyDSo5pqBulYt7DRvfR2Yw="},"indexInfo":{"baseKey":"BVIjd7DScOxlUx8QJZdO1qNuGY3/ghSWzfDLvPueADBf","baseKeyType":1,"closed":-1,"used":1691247623508,"created":1691247623508,"remoteIdentityKey":"BX7kf2dhxLemfm/8RZ+rWKe3CleVgqTE0hKuT9e5HCIr"},"_chains":{"BXcPJR4IYMWubSlmCrpBbNhTnTvEsfhA8JxeEnlIR7J4":{"chainKey":{"counter":0,"key":"vof4gnkY154E3bQjD2KD/RSVfltvzSL7SNtUvjlVtmo="},"chainType":1,"messageKeys":{}}},"pendingPreKey":{"signedKeyId":1,"baseKey":"BVIjd7DScOxlUx8QJZdO1qNuGY3/ghSWzfDLvPueADBf","preKeyId":261}}},"version":"v1"}