{"_sessions":{"BaeuFsHNSyB+wKrG6ccDy9KIt6WFUKfDNJhNykEyDAUg":{"registrationId":215,"currentRatchet":{"ephemeralKeyPair":{"pubKey":"BZa59KrqWIaJgehHyFtCoOHUbqU3JZXDo7e2hKVPEEdN","privKey":"GEpUoCX9XkmxqbWU2XYRr/WH4VuaZW7wiuGgzhdwH04="},"lastRemoteEphemeralKey":"BTA3qETRIhsCTDX2JwkIozwcMI5E/kURQmmGonnsKw5x","previousCounter":0,"rootKey":"MlUZZYxv6mnqkY7CzKUofsa1eCHMNAkZq+3UlgSuCqQ="},"indexInfo":{"baseKey":"BaeuFsHNSyB+wKrG6ccDy9KIt6WFUKfDNJhNykEyDAUg","baseKeyType":2,"closed":-1,"used":1691401795455,"created":1691401795455,"remoteIdentityKey":"BTVeAm+abPufcbmMLUYUdVSC8qr+YXod/V/sItT5mGdZ"},"_chains":{"BTA3qETRIhsCTDX2JwkIozwcMI5E/kURQmmGonnsKw5x":{"chainKey":{"counter":1,"key":"wWB5O0twLJwIOrlEkDzs1/mq585qzMF0tbP7lXPPDUs="},"chainType":2,"messageKeys":{}},"BZa59KrqWIaJgehHyFtCoOHUbqU3JZXDo7e2hKVPEEdN":{"chainKey":{"counter":-1,"key":"dRzFygA4ZZOsvVOdeKat7A1SJMNExST1l1SFuVfihXo="},"chainType":1,"messageKeys":{}}}}},"version":"v1"}