{"_sessions":{"BSiIHRiebxn/a+1r/hZPxvJ+Q0+ooE05mBGu9g3u48ZS":{"registrationId":588159965,"currentRatchet":{"ephemeralKeyPair":{"pubKey":"BZkoNnfw0Ei/BOSymjIR3lSXt5rdmnjP252GWYTCtQkx","privKey":"cHagmHMMBGrNvWY3D64cO/tUosWEN+8tHvHwjJgRHVM="},"lastRemoteEphemeralKey":"BThs1MhadYS6CivlhK/jO96JR3olNzeaWvC7gmtML0Zv","previousCounter":0,"rootKey":"7Rv6rHKhGFUDk9WHs8zbLaDVJonxMESdhpGigdB/HHU="},"indexInfo":{"baseKey":"BSiIHRiebxn/a+1r/hZPxvJ+Q0+ooE05mBGu9g3u48ZS","baseKeyType":1,"closed":-1,"used":1691247624522,"created":1691247624522,"remoteIdentityKey":"BX8kUXYwd2cjr1lSdE8lSa3vxy0Lsu/89PFj54Xxqg9u"},"_chains":{"BZkoNnfw0Ei/BOSymjIR3lSXt5rdmnjP252GWYTCtQkx":{"chainKey":{"counter":0,"key":"UGR2E2VoAzlaZdpcSDvMTPZhu8PU57wlYowsUuWwdI4="},"chainType":1,"messageKeys":{}}},"pendingPreKey":{"signedKeyId":2,"baseKey":"BSiIHRiebxn/a+1r/hZPxvJ+Q0+ooE05mBGu9g3u48ZS","preKeyId":3872060}}},"version":"v1"}