{"_sessions":{"BXjzyxh+ECEMiNk+JaOQNaW490HBfpPXte5sPpxMdqV6":{"registrationId":1947822243,"currentRatchet":{"ephemeralKeyPair":{"pubKey":"Bd8upG0onEvlrouxMDw7SDn0+mbld1gQOCs21xrLUVx0","privKey":"CHSnnkpRqKh3teBQp5f2yYwFas3Oewo2ps9HJ+4F+E4="},"lastRemoteEphemeralKey":"Be9t9cV7MqgGlDJtnFE4ncqNQDAcAxeSCALm2jZvJaBx","previousCounter":0,"rootKey":"mormhEJKY8bs2nNXfMIlzaCa/QyckH3aKK5JXVm7GwQ="},"indexInfo":{"baseKey":"BXjzyxh+ECEMiNk+JaOQNaW490HBfpPXte5sPpxMdqV6","baseKeyType":1,"closed":-1,"used":1691247624304,"created":1691247624304,"remoteIdentityKey":"BfiVuSXsCii58x2wLv/n8L0pvZohvHutQWhj/irgMj5z"},"_chains":{"Bd8upG0onEvlrouxMDw7SDn0+mbld1gQOCs21xrLUVx0":{"chainKey":{"counter":0,"key":"C7OLzGiJTO2M6YJ3Oln3yjM5gAJd6HJagH/iGfkSZ9M="},"chainType":1,"messageKeys":{}}},"pendingPreKey":{"signedKeyId":3,"baseKey":"BXjzyxh+ECEMiNk+JaOQNaW490HBfpPXte5sPpxMdqV6","preKeyId":4175938}}},"version":"v1"}