{"_sessions":{"BbnyDW8+dTSZxKDTd3Z5jNi4zZrb0c0EQQSdQeWl/IFw":{"registrationId":152,"currentRatchet":{"ephemeralKeyPair":{"pubKey":"BUKQjeWs+5K538VVQHKORRyvzYFjb31md9up7COKV8AV","privKey":"iCOcF+o7BqzTo3D3lLNAYOe5TmpyfUKud2Ybzvt33V4="},"lastRemoteEphemeralKey":"BRQJvr8IHGkZ+NZ3sEygYQ3Q83XjnkW+As9OR9xEAo9M","previousCounter":0,"rootKey":"exzqNHjyRRAT0w5koe8tY+j2fmVadtsEG8yh/9trVoA="},"indexInfo":{"baseKey":"BbnyDW8+dTSZxKDTd3Z5jNi4zZrb0c0EQQSdQeWl/IFw","baseKeyType":2,"closed":-1,"used":1691972355437,"created":1691972355437,"remoteIdentityKey":"BSo5XzwaaOvyDTnhogLm8p7XhSxR+Wo97RoRQyJfvboV"},"_chains":{"BRQJvr8IHGkZ+NZ3sEygYQ3Q83XjnkW+As9OR9xEAo9M":{"chainKey":{"counter":0,"key":"bnQC6KMxGUh3ipbVAWX4Ya/gb98kYpAQef3zzjdyUsA="},"chainType":2,"messageKeys":{}},"BUKQjeWs+5K538VVQHKORRyvzYFjb31md9up7COKV8AV":{"chainKey":{"counter":0,"key":"HEa6+X8s4dygrlV76HOqhd9/6Jdq8AYFHDqq25I8wpE="},"chainType":1,"messageKeys":{}}}}},"version":"v1"}