{"_sessions":{"BcSBAHhBwW9MhfD+WUm6QKm1AnaDdAQfbn8yIg2NVs1w":{"registrationId":9097,"currentRatchet":{"ephemeralKeyPair":{"pubKey":"BZncqbHCPNzWm3K7yIQx1WvOhLIwJYZ0iOB4zhHztYQS","privKey":"wKwOmPJ9pPKPUvc6jQndhew3X2S/D2khQoWsAU2la00="},"lastRemoteEphemeralKey":"BTu1tq9MC49s1RP056TDXunpy9hOWUgIqrElC5cVW916","previousCounter":0,"rootKey":"NV5uO49+uMxEtgu0j2tP23nPDDJveUKvSNeWEbX0efA="},"indexInfo":{"baseKey":"BcSBAHhBwW9MhfD+WUm6QKm1AnaDdAQfbn8yIg2NVs1w","baseKeyType":1,"closed":-1,"used":1691247623492,"created":1691247623492,"remoteIdentityKey":"BaJkd0dfqIrpqX7k7BnzM6Z5z1SiYmvYoBq2vLQsjE4j"},"_chains":{"BZncqbHCPNzWm3K7yIQx1WvOhLIwJYZ0iOB4zhHztYQS":{"chainKey":{"counter":0,"key":"8vzgQUDomPScAv/VEIyCmhmKLTQGDAJcdNSgoOEEp8I="},"chainType":1,"messageKeys":{}}},"pendingPreKey":{"signedKeyId":1,"baseKey":"BcSBAHhBwW9MhfD+WUm6QKm1AnaDdAQfbn8yIg2NVs1w"}}},"version":"v1"}