{"_sessions":{"BZtIWx52R3AtdHrwU99TmHN2s1uajQzIQBGS1fbukmUm":{"registrationId":1229482046,"currentRatchet":{"ephemeralKeyPair":{"pubKey":"BW2q/JzbmnGolEDg3sj+h8dNl/bmAksQN92Q36wqojol","privKey":"6Ep1XVDzoI8Gtdy4HeVIousq841tLo9X7XyBtnyWQkM="},"lastRemoteEphemeralKey":"BYI2GWTrqgqUpoDW1enPn+/wYxmYJLbesAg6sMUTJPZx","previousCounter":0,"rootKey":"fv0ohSnpAWS92i39QCHCT422a67c/jP0x2piwsGADs4="},"indexInfo":{"baseKey":"BZtIWx52R3AtdHrwU99TmHN2s1uajQzIQBGS1fbukmUm","baseKeyType":1,"closed":-1,"used":1691247624654,"created":1691247624654,"remoteIdentityKey":"Bc9HBpheEKh1wvH2/JHHQbJCnbWbhCKJmZuDbnZ8vKJj"},"_chains":{"BW2q/JzbmnGolEDg3sj+h8dNl/bmAksQN92Q36wqojol":{"chainKey":{"counter":0,"key":"Vnmd3jAtT/r6SY7bkluikWBx9JdyaojGJ4+0VsjSfOI="},"chainType":1,"messageKeys":{}}},"pendingPreKey":{"signedKeyId":2,"baseKey":"BZtIWx52R3AtdHrwU99TmHN2s1uajQzIQBGS1fbukmUm","preKeyId":15274909}}},"version":"v1"}