{"_sessions":{"BSyzvTbS/7UgHSYORPud8vRVBJ82tirbUl9nzXE4rg0o":{"registrationId":1830310274,"currentRatchet":{"ephemeralKeyPair":{"pubKey":"BXIK+ZEsYmxhV1zslnQSQR5lFfHHayvZG9dIxBoyklkX","privKey":"IPe85uWrpzxtPPA7iYfQe5EPGqGXRuGbtFKGncIbuGA="},"lastRemoteEphemeralKey":"BRJBeU21r14LmBJHzuX2eqXbQWxkoJheoBBJPHJq4zk7","previousCounter":0,"rootKey":"V12lu+G41plZ9+bNCSFNWV5oRTJ++bgr9MjdLbJjB+Y="},"indexInfo":{"baseKey":"BSyzvTbS/7UgHSYORPud8vRVBJ82tirbUl9nzXE4rg0o","baseKeyType":1,"closed":-1,"used":1691250600340,"created":1691247623927,"remoteIdentityKey":"BQzDp3H+Dn3VhbAtDQ0Ofyhe6/P3E9m8gy55OGcSEC9X"},"_chains":{"BRJBeU21r14LmBJHzuX2eqXbQWxkoJheoBBJPHJq4zk7":{"chainKey":{"counter":0,"key":"jV+P3FX2jZxhsWqDjpKcHCBfnRbhiSivht5vDZ/ayCg="},"chainType":2,"messageKeys":{}},"BXIK+ZEsYmxhV1zslnQSQR5lFfHHayvZG9dIxBoyklkX":{"chainKey":{"counter":-1,"key":"BN+A4YViy6sQ9i/4HgMP0r05IiyScbDSH3MegekfAaM="},"chainType":1,"messageKeys":{}}}}},"version":"v1"}