{"_sessions":{"Bf4tECCDCf5zTZ3ePGd+mtOy4SLFBaj1fcJX4ywZVSJv":{"registrationId":18,"currentRatchet":{"ephemeralKeyPair":{"pubKey":"BT6SzhbKiXCajSuKO1NjNm9kShzYwEvEwExdokJimr9N","privKey":"EJMHWVvYZ3xccW2T3LxcgJMJ006box3FXiZaMBuGcU8="},"lastRemoteEphemeralKey":"BaW+3ccwcHybxN63JMuvpr/AOJvBByTL6myrLeg1SNUe","previousCounter":0,"rootKey":"TOS8MmzSTPtrEmnc+f7QX9fz47JClLYhoApCFc5SE2Q="},"indexInfo":{"baseKey":"Bf4tECCDCf5zTZ3ePGd+mtOy4SLFBaj1fcJX4ywZVSJv","baseKeyType":2,"closed":-1,"used":1691623572957,"created":1691623572957,"remoteIdentityKey":"BVPN/A0iYIDlMmB6bf9jkBv/32YDTUU1PHXnHasHgqFB"},"_chains":{"BaW+3ccwcHybxN63JMuvpr/AOJvBByTL6myrLeg1SNUe":{"chainKey":{"counter":2,"key":"YLHRy26sKp+TA054PnCwcMGb48LwHnRr9TM8Z37qSnI="},"chainType":2,"messageKeys":{}},"BT6SzhbKiXCajSuKO1NjNm9kShzYwEvEwExdokJimr9N":{"chainKey":{"counter":-1,"key":"BpOZXlVwk8/8/9HAK9UGbo2euePHJSSxggcJlvdtcMQ="},"chainType":1,"messageKeys":{}}}}},"version":"v1"}