{"_sessions":{"BSVJ+q7nd7D6frOANSMeYdVndDbPhANc3eJH+np18ysa":{"registrationId":155,"currentRatchet":{"ephemeralKeyPair":{"pubKey":"BaMXZzuyMbArCTCSZ2mx/fM7cOn32yDyQonTD5riIVsF","privKey":"cBed1N427VzX6Q5GVCgBlqKj+LMlw2ksDbdW+uajhFE="},"lastRemoteEphemeralKey":"Bc7cYNKQBbHAv/8vKMZDKVB7Nzqw+jzJ7XrE7svmpNtl","previousCounter":0,"rootKey":"1gPY54mK4mmobD/+4pE/DwMndZgwq1sB8c7ZTeGVA0o="},"indexInfo":{"baseKey":"BSVJ+q7nd7D6frOANSMeYdVndDbPhANc3eJH+np18ysa","baseKeyType":2,"closed":-1,"used":1691972325799,"created":1691972325799,"remoteIdentityKey":"BUpsLiIstkY3NVTGLiyS52oZ3GcK81TD48+Rr1u7v5FD"},"_chains":{"Bc7cYNKQBbHAv/8vKMZDKVB7Nzqw+jzJ7XrE7svmpNtl":{"chainKey":{"counter":33,"key":"HzR0Rieb/W7gH6IQQHRp3zvL+taj8uWhu9rtilvytu8="},"chainType":2,"messageKeys":{}},"BaMXZzuyMbArCTCSZ2mx/fM7cOn32yDyQonTD5riIVsF":{"chainKey":{"counter":-1,"key":"lHl1C+kN5WvP6cf1TqvQAy+rKqw8hHIhud1E30PJg70="},"chainType":1,"messageKeys":{}}}}},"version":"v1"}