{"_sessions":{"BdMLPWsxcIHrcZQMwz6nzze3Vk0qMWfkU7H+jxKhMF0S":{"registrationId":2119755661,"currentRatchet":{"ephemeralKeyPair":{"pubKey":"BSd4rtUxsUBdrfw8tycAXV35VAWqXOIrDkbU6IEH/xxE","privKey":"yA8X4t5Yb7XYfgILkD3jCsZZxeTrUOySfLawV/syD3U="},"lastRemoteEphemeralKey":"BZs+sjpZnTAOg6YdumRcWVzqKpDgexpN5dXwm2/5sF0Y","previousCounter":0,"rootKey":"gZozk7qZpZKayl0pX8TF1LX2VaEwXs9t7I5VwG32jv4="},"indexInfo":{"baseKey":"BdMLPWsxcIHrcZQMwz6nzze3Vk0qMWfkU7H+jxKhMF0S","baseKeyType":2,"closed":-1,"used":1691376101471,"created":1691376101471,"remoteIdentityKey":"BX37HQfwTjSPFpWusncFjqyMS+dlLBdDbRyGwt57MoUA"},"_chains":{"BZs+sjpZnTAOg6YdumRcWVzqKpDgexpN5dXwm2/5sF0Y":{"chainKey":{"counter":0,"key":"hHol/lqPp1nMstwwgIvzcPfrRTDqBVA6b9aPeUguXdA="},"chainType":2,"messageKeys":{}},"BSd4rtUxsUBdrfw8tycAXV35VAWqXOIrDkbU6IEH/xxE":{"chainKey":{"counter":-1,"key":"f3Ik9qEV5HzT1AodFsrURIuo30oHw8vZvvEK1K1fdOc="},"chainType":1,"messageKeys":{}}}}},"version":"v1"}