{"_sessions":{"BaayeO7Z/QYc1AxXJpa51lKpO2xUcjmQZP7F7V3909Z6":{"registrationId":1219011275,"currentRatchet":{"ephemeralKeyPair":{"pubKey":"BXaqQ+gicbIX61VOrxDXBb7QldF9eWzvOuZ1CqTTaTcq","privKey":"sJw7AjrINsANKLVgJj+Sw58luw9CWTFdvksoASn+zVw="},"lastRemoteEphemeralKey":"BToiFagz0u/7Vl1p6u8OfUT1fpe3kU6AG8HrKzD0pmoV","previousCounter":0,"rootKey":"IFfxwwL7rfI+yQTdOkEirfCIN66m6WrLjP+NDXH5vec="},"indexInfo":{"baseKey":"BaayeO7Z/QYc1AxXJpa51lKpO2xUcjmQZP7F7V3909Z6","baseKeyType":1,"closed":-1,"used":1691247624367,"created":1691247624367,"remoteIdentityKey":"BYMM2Q7xGeYVOQ7xAjZ08QbWyAakBcagaL/rX9LfyRBQ"},"_chains":{"BXaqQ+gicbIX61VOrxDXBb7QldF9eWzvOuZ1CqTTaTcq":{"chainKey":{"counter":0,"key":"cGwY5M+bEEM+MZBHTUaliWClvR8rL67Sjr8r+0fDMQ0="},"chainType":1,"messageKeys":{}}},"pendingPreKey":{"signedKeyId":0,"baseKey":"BaayeO7Z/QYc1AxXJpa51lKpO2xUcjmQZP7F7V3909Z6","preKeyId":14154448}}},"version":"v1"}