{"_sessions":{"Bcah8BHFt4hNxkxJosvOQ9mprfBdVhR7i51uSj2+Su5O":{"registrationId":2089757533,"currentRatchet":{"ephemeralKeyPair":{"pubKey":"BXGa2m5zgWuVYRZwQ0dIg2au0rsjHz5A9oFL24qblyQa","privKey":"AGKStmuHr7daUTHsSe3atkqxiGCI42NRgtm9A2/w9m4="},"lastRemoteEphemeralKey":"BXelTB2WWht3W3YlDce20D+GOiumNDBI0JWq82PI+dM6","previousCounter":0,"rootKey":"A3s+Xr4RQM2eDic4HkrLpqrug5dSRrFVuiU93P+GtTI="},"indexInfo":{"baseKey":"Bcah8BHFt4hNxkxJosvOQ9mprfBdVhR7i51uSj2+Su5O","baseKeyType":2,"closed":1691999489882,"used":1691408232501,"created":1691408232501,"remoteIdentityKey":"BfoAO/P0RLg8A0Orl0O/dT1lkRn4ZEFMNLtu+TwoK7cW"},"_chains":{"BXelTB2WWht3W3YlDce20D+GOiumNDBI0JWq82PI+dM6":{"chainKey":{"counter":123,"key":"L9W4dIrIHqDpP8GlfSp6S2gHqoaqgth99JXdiQPoTTY="},"chainType":2,"messageKeys":{"0":"XqNkOMqHV4skpPymM0Va5JMnI26ALcPMI3utSzBD13I=","1":"WhD8HKOFTLXl1llM21OTYMZxB+OyU8rClLVe1GRjhQ8=","2":"hQN6mz2Z/UA5jmPZOpuT/NNkcgDREt0dppuUdGWQwyo=","3":"SFtHZpGPjuX+do0uDen6OIA60MTVggO8A1utfxnxr5M=","4":"P0NMDOKAq2cPa/N9VLMRLWw4z3OQ2wc/issyMvjdCbo=","5":"cSYCaXXFy+Wsyo0QlaqwqDOhkCtaCBaak1+927xwrBw=","6":"T1L4D3qbiI+VfRlIDvZZuWGA2CJij/vDWsNk1anIvTI=","7":"XIyQvchpblqeVvzZdh3VN7F8hDlIG0PltOl3VO8Fl7Y=","8":"u0qaMMwe3238a4wKBiWFORFKE5RSsp3VeiuhbPLMTkE=","9":"yFO0EX8acjZyOj+e4wYOgmQxHR5jt05lsKCUW/57i4w=","10":"sk/OYeyrd8ZtkBfci5loGxBm9Jpb54nqAB5XJaag48U=","11":"swQztvvKSsmeS6TQDln1k+X/QjnZv+8deZ3EiUWxBk8=","12":"RcTB68kW3YpOhXJ1LcvawnbQCS9GhKpp7ECkqaPYlc8=","13":"XIBAobAnPKtSqqbQbuzRM/yXFhufjO85zToTUVjrQhQ=","14":"2wF1BiEji8ynkWUSgZ0eXe9/YyVqNfXKtGe5nH47hVc=","15":"/DZsJ8QPSSHYnEbIK6zp96Ik5Q+yjJC6Au/k3vMKxAU=","16":"L3PMxiGnmFXUToMyWTLa5yKgs+WvbRRLO6GV8RwKqmM=","17":"xBsdvyu8aGyuPlq+oEeQiMHMn1z0WlrHQ+LvxU2in84=","18":"iY2uhgSy4UA1PCWlkThob5jC6aqeDE+xsn4fHd2jgmA=","19":"ffJFQJQv6MNuz9ne/osqGxHDqC+Y2Fb38bFnQcHSnUI=","20":"fguA8goj/4UrfJAQJztsi2WJ1EvKxvVGmSm/wGxoUW8=","21":"qf5z5hfqvtmj3S+R/acn6oMko+crtPzqxY6elmTv6zk=","22":"5ukRLrQQ2swzgdVQ2OKw4a7+4bCt/cuIQAETP+kyd3k=","23":"/dtsf/kJhIjiMjWvOF20J49xkYZ7PLgxc+yJsHtm6OI=","24":"ZCoDlx2CLne2u3rWBqN12MfkAjMDYA2gkMu73JOFLhs=","25":"sFM3CPQgIajhAOe5dxyL0LxjhCGbj6Gs23VvbxRSigg=","26":"5dXz7+rH6jz7VzhQBvMYPQXYbjH1trGwPd1gLsI3/DA=","27":"InZtASe1EmzzP7UJj0z2c4KN6HfZjStSqgjU4/RMLjI=","28":"DhgY2SW4/iTCGgVzMvVBjaqCXg3FA3lkD2iz5N169BM=","29":"ZfOcg6hkWcIF1Tvfr3Ny3lQ4MNznd+lNM7DLFnf/16E=","30":"N17JPdgEHqOnIFbxrcXSgdm2uziuRyEXcEgQqSiNUPQ=","31":"9VuV7+dcS4ZGWIgzjtF/wIgsKaX+00WKbPw6exxns/k=","32":"ZNLTU6I5iU4vt52SPpyjzD+ZH6Puw21v7B8Z76464SI=","33":"Diz2cQQQe114MKJ8BJStjFbc7wlWqKjItk2Qw6YAO80=","34":"DAaxr1vGv8ta1MSOXFZx7IHD5XTr59aOX+qTT/YjAk0=","35":"LDtzpiGDqfPhpFf4GxXOuZQFqka3VJHDp2LoK1ddlYM=","36":"1arViZ3BBIwDgwM3IM4urMTWeyFQr6YO+fGfBmxB2X0=","37":"GOztC9FueFcWF+hej6ojIji2jR05Ll9pSa4U0LXv6fg=","38":"JXxN4hOjwdmp4K6I0lQWqo9m2s6SVsWLNdYfRG8ZPT8=","39":"pfrlwQiQsUkU62kO6FKqriHlvPIiSHjZvaFmG4QYcoo=","40":"EW1eyugg0vQYv41mSWM4C/NTj8dKacT5/oWH6h1PTWA=","41":"woeJyUtZfuz/5F5yOQPOGDNmUMPB1SgWDQ3mxWwbLj4=","42":"wTOVXPynHDzhFtr0ngtZKqp4rTvuHbWFDrpnSkCqm6g=","43":"JeW7/2llvfCmAXBcAcbDBz8cmVMURQXUxFF7VkTXfmo=","44":"lQaH+OB1lpW4g7c6lY+9reoemswaVpMryqUl78YdF5o=","45":"CgKxJ781e0iH0FmyrN7TihM6knrqdNK+j3dnU8o2fcw=","46":"nnYb8DErkzkxzcHjoM8Hoe3urUOrAAfSBBjHjGLOjAA=","47":"SB35Gjb9mZvUkVgKZVkK0VLUHoTHumRMG0CWOPMKkAA=","48":"MIsef//fQpsvOwzyT1rnv8DDyWjmcBowANk0UdH659w=","50":"L2k6ZRvAgMYx0Hq6XjbeDswCnvzly/XLi1UPppCy/EA=","51":"hw4xPRd0qP2CRr2sAYc7M03YLQVK3DAFAwyEGP08z9c=","52":"MDPDjeneKioYL/Qxr4Wvg043AfUViaFUqk6p2nY5HGY=","53":"E5gUvFhigHMaTWSwJKjmPgFs1VBjzQIH18OWTJ4EcGE=","54":"C1VUykusLX+6DBGmFrAS3cBKWcaoJRf7dRJNROT2GoQ=","55":"yntE4GQ/sYcutLYeA6PHO7jvhygncnUcNfIgwx0jcW0=","57":"kMpn+SkDZHsJWdPYrAfUtEDr/Zww45enJiO+T3TS4Vs=","58":"cHZfN31otqG1b0bFJ1QFexypDqKKJ1VLldOXZ4/nPAE=","59":"LGmNmuHga/ZZqXDWqddEzzqq5AbL1Eb04lPhnss3Zz4=","60":"2BCFH4eJjj/yAywy/j4aUWUxk88/16YSMHylSsklec0=","61":"SlxeSi5mknlv0920tiiask1AypNW+IRVkOXVD8ThDx0=","62":"hdlwEPvnesZ/aRGMJNmBfpGeygj1PruOYRxfsN6idrQ=","63":"kwms60MG/AGrqOylj8MLwJCEdnn1n7bIpo+WwPPnSV8=","64":"A87N4ofZxBSr7gjCMrpu7sERU0kjsdtN4hfJ5i17UGo=","65":"3hftvz4G5yoetllkXphHhnlApIh1iswcyMsEoU26HpI=","67":"8P8Z+khvdpTRn4BjlX44xva3qgN5keyY4w7Qtlj8Itg=","68":"zedH0EK1Am5rd9gNZbkvyyZJ9PYEHXAplb6g/WixED0=","69":"0vrHOqVZoptF7Yq506Zlo5uhz5jjD/wkOhWpW5atyJk=","70":"wnRWU/c+kgE7qs9NiRn8y243S9dIztcsfK7r5RR0yd0=","71":"FVX3bM6cybFSzHzD1SQSRziCZzg+yDAKEond3W+2nTw=","72":"1mMyLfL4/ipu4r/BTvstz6xHxlj3yAWLYjUArSpptVw=","73":"yqKroe8UsJJ1SJ5bKobIvX2kXcO78Wi8pXcJJMLdZa8=","74":"p3PEVAsRPXSOcEQiyhbnvMsAy17DgArC1DfYBIGOFwo=","75":"+0hvWfa2Cb0/8S+nbIzmep5ZIeOCiKYfMmeVQNy39zk=","76":"gISnh7EwkRz0BqC3GE3/egYh9ZFjoEeZNSMAaBt+MzI=","77":"XMpAjJyo0KSto9gHQrhTniypVHSUg+47P2wlo19naDw=","78":"mTLuoCL4/5t1JtbKU86bXkh0GaH1Qy9ptnTnegxTxWM=","79":"qVQXLNAfvuA4A9SRqsrHqJjJypoLNYtMLlMSjgzq96c=","80":"STRZnLPVXzBisPgkmgsWVdDmoW3BBw0euUSA6GsBZS4=","81":"Kob60eFCCVkV6fQGEd4bu+9AT9pm8aexWFBqz6bmv/w=","82":"K2NQsvpstvLXNdSmUFyw9p+t8at6lmO92JcYnF0yRY4=","83":"Hj09dRY7rsQU1etQu++e9ilvGA0C4PpP8WL6k3xZHKs=","84":"ER2GYW8WJvyyPe+WCUooE8/cZb7kmRumUejjr82v0k4=","85":"Jy926ojV5C6F2vgMZjNVwd9gRvnBU5p+HD2xV++nlBw=","86":"OGVZdGtdbYocPSQ/Pee2Z+0v5i130BUODBUs4ATpMQs=","87":"mPVoVI8sP2Fu16NXXkSPkSmcd9grWe2Z1nvFZOa8V84=","88":"aZR26ZvE3wTe1QjtpN3pkufsKFnymIGW7ejcO6915WA=","89":"7VepzpQYZQ9m6WfpYA+sSLsv7l9ZjwcIkXpWsy0FjsU=","90":"6pC/gY842UwzfTH6WvLkP0sz74VCB0JwfpUZwOymn/s=","91":"6lw37LBTkgOVXMbpHRTuPgM5zr0MMbrJJM6Jm22sn64=","92":"ZDNNX0QBM3iFyBfZhfj/nNHcNq3PVE/IfEFUWgvv7ns=","93":"ZwuM2Yc/XL/5sJekISihs87GdgGcTb3OISjOw7BNorU=","94":"F2o3nJ5+si0pXyRes/pYmRsybomcUsoTHKYS8Uby5P4=","95":"D/VJicAcV0PSvOaCBo7Cs7OA2woT5fPw8vrHQlHeBvE=","96":"yVlWYZJPxTZZ1WJe5P6x5i/VWJLgJZft3qLY9+V5nUU=","97":"Xg9tFKbVg91b2V4XkHW44wGYco5tVtgK6C8GYCxXvUQ=","98":"bnXx0ZAU3tEOoRVaRg5oes54xcLfm29zpkcticcy4Sg=","99":"SjEAuiOTSVhuiwrrt/wM4MLAe5Sff1BlanSEdFELWdk=","100":"0UcOkjVDouLzj7Ki2sleazMgDiPK8wYe6Sa3xgOQ6Po=","101":"Zr3Ypd0b/T2vx+EjKVAcW7u3nj9rlKl1GFKuvYjwy48=","102":"+v+eBjjGFu0Anrznxai59to7KDckz/RjPMyE7cH0zNI=","103":"9h0BGg6kFE9WVMpp83UgBAl7fa43e6esSDSilVwL2rM=","104":"PjoayKS6V0x40HFsdMZeCf6l7BjvEtcTET5NqUR7ouw=","105":"MXdje/WHg2LHcgxO4NrC8K96Z3ZekbQNb7whRJ3iy5I=","106":"55/+0eoQSs4Yw+TrvJNb3CmS85nt3piBnpV0RRehj8A=","107":"Y0Io0/44+Wak4RAeVw54w5vdpmIWgDQErh80ccEnGF8=","108":"VQOuU5OOO2RVhlzxX3FcBblXWcSwln89NhyfdWtL4HY=","109":"iQ+h2rQVlE06hZLf1P8RPo9PiJDfk70pGdxolNlTVfY=","110":"10XGaHzAmEv8cbZeSFFkFUXbgkyvhe7DdFa3wQhbLOg=","111":"TTXWDPTcfPj2/xcKBgqOc7QvBkdshVNKG0g2xlprgLg=","112":"RAP072D6r7XS+v2rc0X7VlvKqSRnREmy4HpDvkn2L7g=","113":"1ut+j2Qnjgtcyt5+YMHXk4tD2/0PI2ZhuwGpr798IB0=","114":"5HXyCepAgT+FZi/iyhu1KYwT19HrmqF1oocw6hmK7t8=","115":"BA/gIMiR2LCf58Pew8o190aeoqQi0RU4Hw54H7QrDv0=","116":"YstUb6wbUwjyJ70xglmqK+Dek0cagU9Ab2nREYVhwXw=","117":"6WntymcUeGhN5HPPB1dbSSBH75BUpM12kS/wXwqvZSU=","118":"XSIYjLBDxBBBKAxl00KKxQ9+XDS9Zo4DwrjXgtbj2go=","119":"SDsJYVmRaHSG6aD4kZ3WGaLEXTHf+zy9/YZ9jTuzs7c=","120":"zfNWcG5p8OqzzDZ0M/7xqFDVPQEDOMEIBmSMPpbqz5c=","121":"LE0Qa5O+xcG5+7Vk2pOrFEQtpskB4NsXXyTSojpyMSY=","122":"l4Q5SW1kU+u5HtAQaBaFm6kJb7Vs0nbe+u4ca1PbmGo="}},"BXGa2m5zgWuVYRZwQ0dIg2au0rsjHz5A9oFL24qblyQa":{"chainKey":{"counter":-1,"key":"jGDmsczNSzG45grVIjdCW+bb+HOAnYdJoWwRP/qDB48="},"chainType":1,"messageKeys":{}}}},"BcN7Qa7l8zW0JEGCOtmDPUk61l2eLpgManOWHNG0CQdM":{"registrationId":2008096323,"currentRatchet":{"ephemeralKeyPair":{"pubKey":"BY8xAtZZwDj3R17eTocKwsGb3qG9tpPMSysORAl/sUUi","privKey":"oHOWJoFi2psRPOiZEdeC7nMDJS0+obVd1lmmqBEDu2I="},"lastRemoteEphemeralKey":"BXneIO0Elb0vW/oVkMjlP+N4THHnFoVqKrsSnjDX34Vt","previousCounter":0,"rootKey":"lf1xkB2sQWPeCmvasV/DgtIGznaxusEuL0jGUb//ncQ="},"indexInfo":{"baseKey":"BcN7Qa7l8zW0JEGCOtmDPUk61l2eLpgManOWHNG0CQdM","baseKeyType":2,"closed":-1,"used":1691999489904,"created":1691999489904,"remoteIdentityKey":"BYGeu1x0WJ1ExMatKUDVgH9t77Iny/plFQrLLMIan2Mb"},"_chains":{"BXneIO0Elb0vW/oVkMjlP+N4THHnFoVqKrsSnjDX34Vt":{"chainKey":{"counter":1,"key":"lmT6RRO7rfPuzvvJrTRY58srCSnKP5KVzLuJjPcQkZk="},"chainType":2,"messageKeys":{"0":"7yiizU2oOF1SbWGSuQJEXEPRNPdsvHVFo81EPW74SK0="}},"BY8xAtZZwDj3R17eTocKwsGb3qG9tpPMSysORAl/sUUi":{"chainKey":{"counter":-1,"key":"DE2+5qfF9MFwldb6EaNuM2IrSa40ivcLh71Jb4qQs5A="},"chainType":1,"messageKeys":{}}}}},"version":"v1"}