{"_sessions":{"BSNajHqulzKVK/G7Vlj817Vxl8h8LJBfALYWPT5VkE5X":{"registrationId":466921500,"currentRatchet":{"ephemeralKeyPair":{"pubKey":"BfnGKTNXdN8ZT0fQn8VTxZYDGVpk8yBKrnmeFTW/FQ1c","privKey":"cC1CLjhYkElQ88ZiEWEz+INwSzIxucN7e9oJeaQCinM="},"lastRemoteEphemeralKey":"Bazto/NoPQVvlJ/GHhxuZsffxm5xIiL0tebqVXEB6FMY","previousCounter":0,"rootKey":"4rtksbzFJtBkVyHdsdRcmApq82u8IGn0EhqA7eqMVR8="},"indexInfo":{"baseKey":"BSNajHqulzKVK/G7Vlj817Vxl8h8LJBfALYWPT5VkE5X","baseKeyType":1,"closed":-1,"used":1691247623908,"created":1691247623908,"remoteIdentityKey":"BVFK35o01umL4xrAeC/3zOSOqYWpTrj+Zxtix8QCBx43"},"_chains":{"BfnGKTNXdN8ZT0fQn8VTxZYDGVpk8yBKrnmeFTW/FQ1c":{"chainKey":{"counter":0,"key":"Q5DtuIVni2v+1sPEttT0ekaII4i4HTvk+Tt82d5NV/k="},"chainType":1,"messageKeys":{}}},"pendingPreKey":{"signedKeyId":1,"baseKey":"BSNajHqulzKVK/G7Vlj817Vxl8h8LJBfALYWPT5VkE5X","preKeyId":2183223}}},"version":"v1"}