{"_sessions":{"BS2Qt0gV7Bt8IViHxiJxUWupKsYrpl3b3m09eIUqs5wk":{"registrationId":37,"currentRatchet":{"ephemeralKeyPair":{"pubKey":"BX5FBGCHkecJqt+hHUjvL5zayxPCJtMFaYG+BU4QAOcf","privKey":"OG3b7V74E20MTO5SuCArX1PpUNFacyqouUbWTgQMlV8="},"lastRemoteEphemeralKey":"BSNqOiC1sqTGUpnyo8oFRjEMldQG1xjmxOWlsPYL32Z9","previousCounter":0,"rootKey":"QxlxlsaagJdQnCqA57EjOFz4OuyMVWiLY62yQNhPkmU="},"indexInfo":{"baseKey":"BS2Qt0gV7Bt8IViHxiJxUWupKsYrpl3b3m09eIUqs5wk","baseKeyType":2,"closed":-1,"used":1691433796998,"created":1691433796998,"remoteIdentityKey":"BYUd3es8U/q5NMOAcjzZCV00Tw8RNAsI7GUyTKJ29Zhb"},"_chains":{"BSNqOiC1sqTGUpnyo8oFRjEMldQG1xjmxOWlsPYL32Z9":{"chainKey":{"counter":0,"key":"XspREAHiCAcnqtbQbSiWaJgfOXdDBXbjVlLM2Ep38Dk="},"chainType":2,"messageKeys":{}},"BX5FBGCHkecJqt+hHUjvL5zayxPCJtMFaYG+BU4QAOcf":{"chainKey":{"counter":-1,"key":"87WRK1piAVIhq1jbTH8R8nmMzzE5z+NXJ0CbwHo7fs4="},"chainType":1,"messageKeys":{}}}}},"version":"v1"}