{"_sessions":{"BVNZdQ/4udbZuI48tHdFUrCvq/TOfMVAqO2gSuzhoMYi":{"registrationId":21,"currentRatchet":{"ephemeralKeyPair":{"pubKey":"Bezg6NnbwMXCOR7UQquYCVmcokB9EW4gN9+ePwYdQitq","privKey":"2KTalyVpI6Bnbo5Fb+tSYfijb/IpUKVi73MqTx6NxUc="},"lastRemoteEphemeralKey":"BbXrdugqYLc5lhVhi8Nejg4Hh3Ykex3uEHswiHKcFvlG","previousCounter":0,"rootKey":"0mS4fh44la4Px7OdHju/1ASL4zHh1JUyRBR4B05l0xk="},"indexInfo":{"baseKey":"BVNZdQ/4udbZuI48tHdFUrCvq/TOfMVAqO2gSuzhoMYi","baseKeyType":2,"closed":-1,"used":1691972325240,"created":1691972325240,"remoteIdentityKey":"BRnnEqLlETqI7uGz+z2XxpmnctcHIixZRRcab6i3PHl1"},"_chains":{"BbXrdugqYLc5lhVhi8Nejg4Hh3Ykex3uEHswiHKcFvlG":{"chainKey":{"counter":0,"key":"DV4pgAXwJKsFTzOgBYIoJzU8oPuOMp6382RqnL1rb2U="},"chainType":2,"messageKeys":{}},"Bezg6NnbwMXCOR7UQquYCVmcokB9EW4gN9+ePwYdQitq":{"chainKey":{"counter":-1,"key":"hk7m63Qeqgrmi7jrgEOGOnXs7wcv/8U7wcEI4x0v8HE="},"chainType":1,"messageKeys":{}}}}},"version":"v1"}