{"_sessions":{"BYqO5uxEPPg5WS0K9b6Q0n6Mn7rHtmSSocDmucd3MSdL":{"registrationId":5,"currentRatchet":{"ephemeralKeyPair":{"pubKey":"BfietOnRMUTxOtIHMdQ4R/429UPM4MVF1i0F735uSFU8","privKey":"8HVbLlTm741TYK8GfNK7CtCKxbLbNJmSQ3H+5NhpGFk="},"lastRemoteEphemeralKey":"BZnUp6Ywt1TMHk9F761CskNQ9q0UJqY2JtcdcQ1NPRVW","previousCounter":0,"rootKey":"9l+qWluVtFiz0aUKv9bxihMJGiXCz3UGHgnTT01LVuY="},"indexInfo":{"baseKey":"BYqO5uxEPPg5WS0K9b6Q0n6Mn7rHtmSSocDmucd3MSdL","baseKeyType":1,"closed":-1,"used":1691372055957,"created":1691372055957,"remoteIdentityKey":"BWklyqnFnS+2ikX0s0nB3pAA3WEoWSaX3nY/GHXTmHll"},"_chains":{"BfietOnRMUTxOtIHMdQ4R/429UPM4MVF1i0F735uSFU8":{"chainKey":{"counter":47,"key":"UjStNMPDy0FA/LbeGBuDZcQh1tBoRX24pr4WIIz9iK0="},"chainType":1,"messageKeys":{}}},"pendingPreKey":{"signedKeyId":1,"baseKey":"BYqO5uxEPPg5WS0K9b6Q0n6Mn7rHtmSSocDmucd3MSdL","preKeyId":172}}},"version":"v1"}