{"_sessions":{"BShoiY0w+jKdkyWaneZ314/64smNcEK8Sz1Wb5RZdgE7":{"registrationId":11862,"currentRatchet":{"ephemeralKeyPair":{"pubKey":"Bd/c+PgUFTxfyzuPuta/Q7oFHJzIgcRZ/6Oyt8HB+shf","privKey":"eKmAK7Urs7/WeezWkeMFjDdY9xPD/dyEEN4/IG3vcHE="},"lastRemoteEphemeralKey":"Ba8mv7FfUFiYYdO9g7ww7S00JbCBWWM00wwm2rqZiNAT","previousCounter":0,"rootKey":"E/lR7ad3zhe208EmAvnF6Rz+cXnJu3HjE/oVHdgClko="},"indexInfo":{"baseKey":"BShoiY0w+jKdkyWaneZ314/64smNcEK8Sz1Wb5RZdgE7","baseKeyType":1,"closed":-1,"used":1691975785494,"created":1691975785494,"remoteIdentityKey":"BX0JyoZ6NbYpPvVu+WFdJYxZQ5TYu/aqbQtvypbRBWVE"},"_chains":{"Bd/c+PgUFTxfyzuPuta/Q7oFHJzIgcRZ/6Oyt8HB+shf":{"chainKey":{"counter":0,"key":"D8OEbEDeuswC4iYczV1PMvhQ5bufIg4iMuwKhrQhnQk="},"chainType":1,"messageKeys":{}}},"pendingPreKey":{"signedKeyId":1,"baseKey":"BShoiY0w+jKdkyWaneZ314/64smNcEK8Sz1Wb5RZdgE7","preKeyId":3}}},"version":"v1"}