{"_sessions":{"BfhvtQXchA8IOQgB48Gk4YZcnd4vhPXbMixEjsLhnEdX":{"registrationId":1181021981,"currentRatchet":{"ephemeralKeyPair":{"pubKey":"BQlaq8rjptecvXWliuLkgPgK7Hm5b910aNpTufjdS2Qx","privKey":"gHZ9T/w8SxOn1c2rc5CwV5+F3c00l0Vb/6vTiJSHh24="},"lastRemoteEphemeralKey":"BWHcA4ROefV1JRnYV9NKmInLmrUKQDTlnxCaXbv44DcO","previousCounter":0,"rootKey":"jHH0zTJBptngVnwZr6v/JYi+WKCiAnDi31kqjN5M74g="},"indexInfo":{"baseKey":"BfhvtQXchA8IOQgB48Gk4YZcnd4vhPXbMixEjsLhnEdX","baseKeyType":2,"closed":-1,"used":1691640395693,"created":1691640395693,"remoteIdentityKey":"BYS5NlgnSS5xvqaCSSFOk2Nm6QUx1m761+QbVyQLnw0Y"},"_chains":{"BWHcA4ROefV1JRnYV9NKmInLmrUKQDTlnxCaXbv44DcO":{"chainKey":{"counter":2,"key":"Fn8sX+3kYUTAv401ihyR2df5NojqTOimLoPmcPInMOM="},"chainType":2,"messageKeys":{}},"BQlaq8rjptecvXWliuLkgPgK7Hm5b910aNpTufjdS2Qx":{"chainKey":{"counter":0,"key":"Rbze0L4nrupx7/b2lidY6yWMDzoLy0lFrmEyaZLmq78="},"chainType":1,"messageKeys":{}}}}},"version":"v1"}