{"_sessions":{"BQ74No3cnDAQpthvH7gomBpKokEWE7ejSzGEkSlSbR81":{"registrationId":228,"currentRatchet":{"ephemeralKeyPair":{"pubKey":"BdlPzLA/hCO7bOA2vG3PvOJu4Fj+NxNW4NFHPvyHc+k3","privKey":"sD1y/qFO777eqSH/1bvrIwdCOUeHwMB8fjdvshpCi0M="},"lastRemoteEphemeralKey":"BXl6HDarwtksoAfNcIt9/UYQQj+ZIb2JMPpx3a1HyCpH","previousCounter":0,"rootKey":"x9sUa3BNJ2ILDrMSrm7iEpVCZePvsZf+0wGXVtUqN1o="},"indexInfo":{"baseKey":"BQ74No3cnDAQpthvH7gomBpKokEWE7ejSzGEkSlSbR81","baseKeyType":1,"closed":-1,"used":1691422133184,"created":1691422133184,"remoteIdentityKey":"BdOQP7o3rgTElVZLFeIqYk/Z66794ISIn4J/Lu4I74Eq"},"_chains":{"BdlPzLA/hCO7bOA2vG3PvOJu4Fj+NxNW4NFHPvyHc+k3":{"chainKey":{"counter":35,"key":"9JTXT99PK0nx+ivnoJzgDHzumL3skt+BNEyx4Yhq3Vc="},"chainType":1,"messageKeys":{}}},"pendingPreKey":{"signedKeyId":1,"baseKey":"BQ74No3cnDAQpthvH7gomBpKokEWE7ejSzGEkSlSbR81"}}},"version":"v1"}