{"_sessions":{"BSedpdeKlzpn3FmmcLoxxJ9bkCF4NVVG2jEPvpxp++IF":{"registrationId":1266036589,"currentRatchet":{"ephemeralKeyPair":{"pubKey":"BaCVShggaf2QMNhL99M+WlTaTtPyjDdaDfCF94uyz8ES","privKey":"wBQzZ+hUbJhDy0cOSBh7vwPHj1DgOAo6XZEuVHHq30Q="},"lastRemoteEphemeralKey":"BXAQ5rxSM3TB9mOSyUGBPnl+2JwKSiYYVDA57pY91dVS","previousCounter":0,"rootKey":"Lq7g7Rl6y+FQReDTAaQWdoLIM0Jg6J6ZipVRcR8xsQE="},"indexInfo":{"baseKey":"BSedpdeKlzpn3FmmcLoxxJ9bkCF4NVVG2jEPvpxp++IF","baseKeyType":2,"closed":1691623559402,"used":1691401795642,"created":1691401795642,"remoteIdentityKey":"BZoiCdDLXvh6ATalO7W7rST6QUolvm0h5P/rimevVIhK"},"_chains":{"BXAQ5rxSM3TB9mOSyUGBPnl+2JwKSiYYVDA57pY91dVS":{"chainKey":{"counter":5,"key":"1Ws0D0GWFKeTG7dsUGff9k3k2pDxhRY9mkUcR/ig5ws="},"chainType":2,"messageKeys":{"0":"s3SoTFeJ3spE7FkCZ0TQIqL9F6IWL1vuz7wYAI8Ar4k=","1":"hsy7+VOq8IT9ZDtvOjPT3AhH97f+HPgFhCLc0YjT7ag=","2":"TnX+Y/dlJtUEAvHBm1ogx34kyTtN4GQz7Mes035BRlM="}},"BaCVShggaf2QMNhL99M+WlTaTtPyjDdaDfCF94uyz8ES":{"chainKey":{"counter":-1,"key":"1q/1ypEsiDMln9Rmm4U3RUZMzMDLVgW+GgnLxAsiv24="},"chainType":1,"messageKeys":{}}}},"BYI8nY+OzSYUsJnTPSngqSFwwZu4qV/00xkxBajjniJr":{"registrationId":368925556,"currentRatchet":{"ephemeralKeyPair":{"pubKey":"BXTSUqmjK1AtF4DNOK44o6pO8yvwz6+UhOeJuFPut5Ag","privKey":"iPWt+aDDxiZV85UEwTJ8P/3cZvn1q8+zSakc76qwWGc="},"lastRemoteEphemeralKey":"BbBUb7yZ38Vo5FV3UdWIZ/6Nvuk7q8OCtJPfkS9StlVz","previousCounter":0,"rootKey":"TCCE4W5zvPET8acmxNPEGC7i2VOlxWiV0oy+tAxTWY8="},"indexInfo":{"baseKey":"BYI8nY+OzSYUsJnTPSngqSFwwZu4qV/00xkxBajjniJr","baseKeyType":2,"closed":-1,"used":1691623559416,"created":1691623559416,"remoteIdentityKey":"BR5e9ZeowFWDsnXs3HYkgtsyAQJ/0KQqS/3oroo7eecC"},"_chains":{"BbBUb7yZ38Vo5FV3UdWIZ/6Nvuk7q8OCtJPfkS9StlVz":{"chainKey":{"counter":33,"key":"ACc1JljK/Wk3FSVzEtsaLFq0JuHSLhB7sGa3lBSuaBA="},"chainType":2,"messageKeys":{"0":"d85YfzWFYpScOZqmELIjVaV8zltj8WHXnU4jaf5Zbq0=","1":"qOEGnck96tw7w+f/cnGY6dPe9L5UEI3ugABU+P+wotg=","2":"yF8O86N/9I015v76D+QanRxcXnHaCevqpTHglB6PyZE=","3":"9sDxBt8/7i8gkF+s+xzU0JxaiLMtt/o2wwwr+m1H/xM=","4":"8pGLDOJ9brUyp/7i/zkqontk9HatEFum1VKteyFdV7c=","5":"P7YPKV7LFqPPG0J9obz864TqdUsxfhxOPDHiHJTYwv4=","6":"VtFsHfC2XIXOKDWrmr3TGD+bFb6v9bwluTGNh1BoaFw=","7":"o+OfJm/811YPJaNuGHYr0FWKrhHoeK9Z/RO1SDIdfzA=","8":"+ThHQ0KzBWlP6sEUtK9ldaYqr0lOt/jDNw5VWeMrYlU=","9":"edQzGHbWGvQuIUvdaROQrmGkRAQA7OHpZ38C6VJQ218=","10":"/cfAcasbHuf6UvS7qZnpbWBPTzH+S6aqHy1g34jahBc=","11":"Vl6UWReImyTDg1Iw3lEoWevLF3KrHFEXvpH7TIBIpZ8=","12":"wNcUOOxXvtJUSXZ7GkFuhbX0kwIL8QboMBg1FF1mb84=","13":"bGimgekLmwjFH2qMhjHPr7fn0yJOpUMVL4odpzPKQvQ=","14":"fGjkukEbgR9kwl0XYme9gFgTGkv90ySrXhG4WKefDG8=","15":"2F7Muly6yBAPiq1BmhXHWfoTIAV9rK+iuUO6lLDALHg=","16":"2cvsEilI/Bu6J5wrMT7BcUmi87701383bj74SDGFc9A=","17":"kBm4oDQYmPoeWV2XjJUtO7z9/vyGQ11p201N+9Gnqds=","18":"tSd4ztpbWES5WZ+a5lxEVMWT5HN5l3NnhDTRozK+CII=","19":"iCWp8jIM86EnZLGy7+kxZyiyvrpIiNfQXMvFz4i9s1A=","21":"q/zCBLxc4q1PXswST0OyAK3TVQshTGieKQiXFrcPBTw=","22":"gwXS2LYkLmJJJAS6lElsQPDA7agIstywmiait/Imoy0=","23":"xz5uMJYF8j+n2lc21UA8rHCNoHeC4dOyugXMNrk3n/4=","24":"gqOYSCG3Vuh/bSt+m/iPm8oxuwwOBIOH+6xAIZCU60Y=","25":"HTPH5ggQLPlRlK7CIEY3RhsrSCleZAchwOuSw4IQtNA=","26":"DRNccw7lgquI2URCbP3tpVm/SOrGuHuwtPHXvlnitUc=","27":"tYyMzhujprDXhJqud/wwlh2UKwi2f8wzh/PIvNxiLO0=","28":"T3+PxHE2mh0ikl9vOS8dFGX/i6InZSdFSYZuyTQdDh8=","30":"89n9RAuZhyR4pYaqRZz7eUKUvuByzTnNfrXF2PGe/r4=","31":"pTWAojRaz7xwf9eXiOoUJhDyxqpODhVADGxL/jdgnaE=","32":"RhwxgV6UDV2l72do9X4Ee14VulvzmwzrnRWZM+rRiVA="}},"BXTSUqmjK1AtF4DNOK44o6pO8yvwz6+UhOeJuFPut5Ag":{"chainKey":{"counter":-1,"key":"eMjDckb0hIEnXn61mGBYNpUyuk9v/carGMjVkDu6HN4="},"chainType":1,"messageKeys":{}}}}},"version":"v1"}