{"_sessions":{"BWCr9v6M05f7EQ1AMMsMI5/TyTkOQguxFDh0BRbKeI0e":{"registrationId":9953,"currentRatchet":{"ephemeralKeyPair":{"pubKey":"BSLoYjqwvwb3Gci742n+gG5zX+9792Qfb1MTSkIzWUoX","privKey":"WO0f07487C6s6xZxHfIL0IcMI+9KCIHstomkeSJTF1w="},"lastRemoteEphemeralKey":"BWR9xvrMtXqOdznt8PQ9gxiuhy6cGv4LkebHvx7Kql1g","previousCounter":0,"rootKey":"rdwj/dkFz/JF00tE3u3QHiRUgM01h8dLRs+hbmyVDEY="},"indexInfo":{"baseKey":"BWCr9v6M05f7EQ1AMMsMI5/TyTkOQguxFDh0BRbKeI0e","baseKeyType":1,"closed":-1,"used":1691247623522,"created":1691247623522,"remoteIdentityKey":"BQFDtduzB5Qt4JwhFGPOzDFbCeFtW9AQkEVTYJhgFgw7"},"_chains":{"BSLoYjqwvwb3Gci742n+gG5zX+9792Qfb1MTSkIzWUoX":{"chainKey":{"counter":0,"key":"PaZM6qG8GNwvi/ek1VBzTrYGP+abVCs6jczFJlCDI70="},"chainType":1,"messageKeys":{}}},"pendingPreKey":{"signedKeyId":1,"baseKey":"BWCr9v6M05f7EQ1AMMsMI5/TyTkOQguxFDh0BRbKeI0e"}}},"version":"v1"}