{"_sessions":{"BcnAHHRID7iijDaJvpFsInYTt3d2ASPcoqePRT9WSbpv":{"registrationId":48216714,"currentRatchet":{"ephemeralKeyPair":{"pubKey":"BWWREw1uxJmX9CtyPXP9MOcDfCQGOS0i8bLq93XrPYVr","privKey":"MG0xf/wRAS4d+BLCWmOgdDT+nWOjkwBNIVFCjpbHNG0="},"lastRemoteEphemeralKey":"BV2cmxfQNns1YCkFcTnOS4R4bXQhyTuuFlwpHy7TBZkJ","previousCounter":0,"rootKey":"jFHVIdvVt7kPBK87QtXX9B4v7K8FUoCSpVZKm4w/hck="},"indexInfo":{"baseKey":"BcnAHHRID7iijDaJvpFsInYTt3d2ASPcoqePRT9WSbpv","baseKeyType":1,"closed":-1,"used":1691251432389,"created":1691247623983,"remoteIdentityKey":"BXcuDXIISjtUbTyWJ7UeHW5mGzxuhXIO1y+JjFZfdOEs"},"_chains":{"BV2cmxfQNns1YCkFcTnOS4R4bXQhyTuuFlwpHy7TBZkJ":{"chainKey":{"counter":0,"key":"nNrdxCjgHNXBxKgDOYvK6azhfFITcmBollp3VM/4tmU="},"chainType":2,"messageKeys":{}},"BWWREw1uxJmX9CtyPXP9MOcDfCQGOS0i8bLq93XrPYVr":{"chainKey":{"counter":-1,"key":"+1HctELaVfLmHUCiwi8xY4xlqAdtATmsDYJDaO7wYhw="},"chainType":1,"messageKeys":{}}}}},"version":"v1"}