{"_sessions":{"BbVX2UfM9l39Ygx3c+jPL7bfcD3F8hcnROpnhzhUkKwP":{"registrationId":776155976,"currentRatchet":{"ephemeralKeyPair":{"pubKey":"BWxiDDleg+QCMP0AbZYPdfOcz4Nrj1SiteQd3mYoJZFg","privKey":"qD+Ud0n0VAYWiIUIQhC8vMyidZV5hO/n/Znm6AQqXkk="},"lastRemoteEphemeralKey":"BdmzSZOV+svvVRVSFCHBxF0UnkICYz2xqJOnLo3GGCQk","previousCounter":0,"rootKey":"8SY/8OLXJKZMVjdw/q9P8zuUOXGY+Puc1vGIjcxJCIE="},"indexInfo":{"baseKey":"BbVX2UfM9l39Ygx3c+jPL7bfcD3F8hcnROpnhzhUkKwP","baseKeyType":2,"closed":-1,"used":1691972336879,"created":1691972336879,"remoteIdentityKey":"BQ1oQ21nMlal0nvFwBHbVAniAF5NWYeTNWxyHmXS/vNi"},"_chains":{"BdmzSZOV+svvVRVSFCHBxF0UnkICYz2xqJOnLo3GGCQk":{"chainKey":{"counter":0,"key":"LcUJi8UHtOOYtieGop0R6kf9bOKnZ/yZgkn+6sYwX38="},"chainType":2,"messageKeys":{}},"BWxiDDleg+QCMP0AbZYPdfOcz4Nrj1SiteQd3mYoJZFg":{"chainKey":{"counter":-1,"key":"xqbyijajItOn/I+/zUlahlTznh7BcePn+0s2EwcD4XU="},"chainType":1,"messageKeys":{}}}}},"version":"v1"}