{"_sessions":{"BWIzedG2h+R8g+167+fP9XOkK0vxLRZHjCiP+veEZTgN":{"registrationId":777296222,"currentRatchet":{"ephemeralKeyPair":{"pubKey":"BUiU84leNq9BuvkBkS6FVZcOjvSvER+d9qfL7+2ogH43","privKey":"eC9Znu95yk/99JzMxuOJhzYKf22xmPibW3HD61G+yWA="},"lastRemoteEphemeralKey":"BUzOeLm/He92VDG4t2w+FB36iRSsRASMUmQg22JcSjsU","previousCounter":0,"rootKey":"0Tb5ohD34JdRFOOrzpbYPaDzPIGnRxzSzYHilJJTTzc="},"indexInfo":{"baseKey":"BWIzedG2h+R8g+167+fP9XOkK0vxLRZHjCiP+veEZTgN","baseKeyType":1,"closed":-1,"used":1691972335631,"created":1691372056952,"remoteIdentityKey":"Ba/vvOGZmgab0Ju9R9j+zYNAKtUeRcwZp8HQMbh9O4I1"},"_chains":{"BQ9GU8VTfO6/BxP2u807DxyiDOGpOomsz2K/4MyKH891":{"chainKey":{"counter":1},"chainType":2,"messageKeys":{}},"BT4xV8W6x7JbcsyzqBGhJPnm4TRvcaNz3tMpNcIy+Qk0":{"chainKey":{"counter":0},"chainType":2,"messageKeys":{}},"BfHd9c0rbBnpCxL7ulGzhPQnvCxGcSnwhf+Wn8SlIH51":{"chainKey":{"counter":0},"chainType":2,"messageKeys":{}},"BX23p5Wz1SuKlDMNJiMo49GHOYLGE9eipzB3Jfq7PWJa":{"chainKey":{"counter":0},"chainType":2,"messageKeys":{}},"BV+jgQn9wy+5xDc3NxIkseh/7rQrKgh9Rz6iUKP0pRQh":{"chainKey":{"counter":0},"chainType":2,"messageKeys":{}},"BT8und4Qi/3cZjbrIXE74sHx29D3L7VOw1hJNZuFcnxG":{"chainKey":{"counter":1},"chainType":2,"messageKeys":{}},"BaBC3mChT9ZrektDply1UQltz5vfETRCyWlImkhdP1pw":{"chainKey":{"counter":0},"chainType":2,"messageKeys":{}},"BReoRcKIITtlKGEo9YrUEt1DxKdEhImskzNm4unKaFZA":{"chainKey":{"counter":0},"chainType":2,"messageKeys":{}},"BezNe+dkoR1mmSsV3vLLj8qpRg3tPrdDKEYALE8wZ4sx":{"chainKey":{"counter":0},"chainType":2,"messageKeys":{}},"BUd8X9ezJoxNR6d38rcQ6N0r5WkjoLW4xBI4tqnu2qQI":{"chainKey":{"counter":0},"chainType":2,"messageKeys":{}},"BUEM1e257dl7bu048zJkX31p3T55t/i3bLhtvS+BglkG":{"chainKey":{"counter":0},"chainType":2,"messageKeys":{}},"Ba12BmP6g+QIzi9GU6+zt/WSSXqGBAHsq0bGZ0IIBY4F":{"chainKey":{"counter":0},"chainType":2,"messageKeys":{}},"BUzOeLm/He92VDG4t2w+FB36iRSsRASMUmQg22JcSjsU":{"chainKey":{"counter":0,"key":"zOskpwNMDih/j6Ao6De1wh7WBIQMXb1Wim+g2Vd+Zis="},"chainType":2,"messageKeys":{}},"BUiU84leNq9BuvkBkS6FVZcOjvSvER+d9qfL7+2ogH43":{"chainKey":{"counter":0,"key":"u0pSCbzEc8XEpp9JKvFdWSDWVpgYkSylRtJ7L1mnEKw="},"chainType":1,"messageKeys":{}}}}},"version":"v1"}