{"_sessions":{"BRYlY0gecj/oWXS9j5WqL5LCjXJQPY5U8hp/wGeQee12":{"registrationId":142,"currentRatchet":{"ephemeralKeyPair":{"pubKey":"BXjW6uRH1hiPSi92vFfsi+ZZ5Bh4Z00QJKu7DOQ38eo2","privKey":"2O34OSJA+9+be8t3CCbzFeInGiq8it4sv5HcZIZIC3M="},"lastRemoteEphemeralKey":"BX0LoR/BfBITIklYxOCfnXkYRzfXxOJL5ca00kwisJx6","previousCounter":0,"rootKey":"uy7ASW85UbYgg3U1e7J4Kdv/xUiWVAB/4t3wPXED9Ig="},"indexInfo":{"baseKey":"BRYlY0gecj/oWXS9j5WqL5LCjXJQPY5U8hp/wGeQee12","baseKeyType":2,"closed":1691972355520,"used":1691972355347,"created":1691972355347,"remoteIdentityKey":"BRHCbPizc9BnfoncJTPhmYst1vI68mp7RWzSYfl+oAsd"},"_chains":{"BX0LoR/BfBITIklYxOCfnXkYRzfXxOJL5ca00kwisJx6":{"chainKey":{"counter":0,"key":"eLsY8oAKab+BbKLKBuHPJO7Dfgc3EHaREUyTk+IZI9o="},"chainType":2,"messageKeys":{}},"BXjW6uRH1hiPSi92vFfsi+ZZ5Bh4Z00QJKu7DOQ38eo2":{"chainKey":{"counter":-1,"key":"TnMODr2uLa9gtD2V45XS2hSJa+zMHxzXGWd7BxBBBJk="},"chainType":1,"messageKeys":{}}}},"Bb61o9IzNoSxpj3Vk+5Sv1bZvWokhDeGx2aTyCsGAJhS":{"registrationId":142,"currentRatchet":{"ephemeralKeyPair":{"pubKey":"BQ+bf+FliPJ7knvhQtZdCVE34Fsil7fSLqzyQAcEoywK","privKey":"ADQM+2TnEoYku2zKu9SSnsaWo7/3bxguFogNo5J80mo="},"lastRemoteEphemeralKey":"Bc7xYRkGNCo9loSSL4BdgTIrAYnAOf44Y8EH/eBBnS05","previousCounter":0,"rootKey":"0kn1TBUyv6auCsvkbBUoaAxb6KawX6jJtexbDVRg1Us="},"indexInfo":{"baseKey":"Bb61o9IzNoSxpj3Vk+5Sv1bZvWokhDeGx2aTyCsGAJhS","baseKeyType":2,"closed":1691999491473,"used":1691972355529,"created":1691972355529,"remoteIdentityKey":"BRHCbPizc9BnfoncJTPhmYst1vI68mp7RWzSYfl+oAsd"},"_chains":{"Bc7xYRkGNCo9loSSL4BdgTIrAYnAOf44Y8EH/eBBnS05":{"chainKey":{"counter":0,"key":"PoRrkCbzaGFp1JV7K/RFmRdcOwG7u+SRiEy8fweLfhs="},"chainType":2,"messageKeys":{}},"BQ+bf+FliPJ7knvhQtZdCVE34Fsil7fSLqzyQAcEoywK":{"chainKey":{"counter":0,"key":"OFJTc1TXy5pcU7raxV5J9eouRcvF+Ro8lj17NKqOSiA="},"chainType":1,"messageKeys":{}}}},"BRljqcb/OgWio3coDaazIOHxL4l2S/DTWE+Mnc7nZ30r":{"registrationId":142,"currentRatchet":{"ephemeralKeyPair":{"pubKey":"BcGfBrF7VSOQ8PncabCJwBgkXDh9qv2TUHZkN7Vt/vYi","privKey":"kFRkyAB9e/IRengB11owlzysHB2JNb+7ZgGzl5K4u0w="},"lastRemoteEphemeralKey":"BWO24BNo1euueffhTECGuFgixhbpBHSf7PYQMtdV135q","previousCounter":0,"rootKey":"TLSlOja2EDGKbsTTgc5zGWKxBh511clphCSmQmSeZQc="},"indexInfo":{"baseKey":"BRljqcb/OgWio3coDaazIOHxL4l2S/DTWE+Mnc7nZ30r","baseKeyType":2,"closed":-1,"used":1691999491491,"created":1691999491491,"remoteIdentityKey":"BRHCbPizc9BnfoncJTPhmYst1vI68mp7RWzSYfl+oAsd"},"_chains":{"BWO24BNo1euueffhTECGuFgixhbpBHSf7PYQMtdV135q":{"chainKey":{"counter":0,"key":"empHXzWxojOpkfv5MxE2ZzoYuXjSi/EZrNUkXVlnv1E="},"chainType":2,"messageKeys":{}},"BcGfBrF7VSOQ8PncabCJwBgkXDh9qv2TUHZkN7Vt/vYi":{"chainKey":{"counter":-1,"key":"ywSeGiiXetYhVVAopQqA7b70fWVBDRyxAOgtTCDeyZw="},"chainType":1,"messageKeys":{}}}}},"version":"v1"}