{"_sessions":{"BUlyQm4C9FELepU/FHVyWh5THxD+gqEcP5oJDBpaodNj":{"registrationId":393373,"currentRatchet":{"ephemeralKeyPair":{"pubKey":"BWXUopVG4W+QqNi872n0RI0dS6RMVc796njT6Ai9TTF+","privKey":"UAAlSdqpQkEIFAXUHjxaWzNfROW7/rMgoouknb62T3k="},"lastRemoteEphemeralKey":"BZ9XeEamaqY0PhaXSszDs61MHzUT5rgy557vB2NZ0D0L","previousCounter":0,"rootKey":"sRs9z+relxwNy73gTLUmhV+e+wPaX29Qd59g5SKGRww="},"indexInfo":{"baseKey":"BUlyQm4C9FELepU/FHVyWh5THxD+gqEcP5oJDBpaodNj","baseKeyType":1,"closed":-1,"used":1691247623686,"created":1691247623686,"remoteIdentityKey":"BXH+SYLkBjkT7Dqc5adjfjT6cBNX83pnm1fAB1wTAJsn"},"_chains":{"BWXUopVG4W+QqNi872n0RI0dS6RMVc796njT6Ai9TTF+":{"chainKey":{"counter":0,"key":"PAeEEwUSCAAifL5x4Ne62Oko093dJgeA7RErvCAcXGo="},"chainType":1,"messageKeys":{}}},"pendingPreKey":{"signedKeyId":6,"baseKey":"BUlyQm4C9FELepU/FHVyWh5THxD+gqEcP5oJDBpaodNj","preKeyId":13166957}}},"version":"v1"}