{"_sessions":{"BaeU7ddKYmLsgVt4rl7D638fUsqVXTaZzjIlf/rOTZtI":{"registrationId":2029262756,"currentRatchet":{"ephemeralKeyPair":{"pubKey":"BbX2RBmyWtG5LPrFgGiZ4+/bapVi9rUtpWtO0a8RbV9J","privKey":"0Ny7/czGNoTlSntcm8WqUwxGD0auvmxsaSomtu7V5n0="},"lastRemoteEphemeralKey":"BRPFUIklWvQagCt+zlkAs1O8bGxRODFMtwU+byhNKZIC","previousCounter":0,"rootKey":"mEBmt4AbOrmKtJ6iYuGi90VSxqVmEX5jjkHhMd0Y3QE="},"indexInfo":{"baseKey":"BaeU7ddKYmLsgVt4rl7D638fUsqVXTaZzjIlf/rOTZtI","baseKeyType":1,"closed":-1,"used":1691247623723,"created":1691247623723,"remoteIdentityKey":"Ba4RZOKfsl96YMRWHXvGX/VvpuoqTI9gAqS9SiIZXCtW"},"_chains":{"BbX2RBmyWtG5LPrFgGiZ4+/bapVi9rUtpWtO0a8RbV9J":{"chainKey":{"counter":0,"key":"MAp4kTBhiXiFq8FTdR092iYwKN9NYP58T/4HOgtoXas="},"chainType":1,"messageKeys":{}}},"pendingPreKey":{"signedKeyId":22,"baseKey":"BaeU7ddKYmLsgVt4rl7D638fUsqVXTaZzjIlf/rOTZtI","preKeyId":12961127}}},"version":"v1"}