{"_sessions":{"BYRpZ4Xqtip/3srkJuiVnp26zP9zoz8/leIojJxglwM2":{"registrationId":809309893,"currentRatchet":{"ephemeralKeyPair":{"pubKey":"BfUXEI+4a3yfN/cuZAuLS/hAc40kiibUoBn1G5hs3GR0","privKey":"GMhKoovjhwP/8CvQ/CrIZr0eKP3MGOZklvqKZUQpJnQ="},"lastRemoteEphemeralKey":"BZTgpNeJHZK/2uuUa0//wOZy8p5F/N2M2vjKB/dt47tz","previousCounter":0,"rootKey":"Zan4egF/bIEtRjrsvFAWPDPIA5WIP63BN4Fbouemia8="},"indexInfo":{"baseKey":"BYRpZ4Xqtip/3srkJuiVnp26zP9zoz8/leIojJxglwM2","baseKeyType":1,"closed":-1,"used":1691247624635,"created":1691247624635,"remoteIdentityKey":"BWEewIxW591DGptrrCIbEphj0qVJj1i5yl5iq56ma3Va"},"_chains":{"BfUXEI+4a3yfN/cuZAuLS/hAc40kiibUoBn1G5hs3GR0":{"chainKey":{"counter":0,"key":"6vexTT8ezBCuBVr6cvFq6OLiGQmVMnKw8K1yz20c95M="},"chainType":1,"messageKeys":{}}},"pendingPreKey":{"signedKeyId":0,"baseKey":"BYRpZ4Xqtip/3srkJuiVnp26zP9zoz8/leIojJxglwM2","preKeyId":9743660}}},"version":"v1"}