{"_sessions":{"Bfvsc9/HH8LMhKKCo7q/ZA2FyzGWEdV9jYvAsj6F0Hor":{"registrationId":200,"currentRatchet":{"ephemeralKeyPair":{"pubKey":"BY/JBS4J83S+y9EMAiTJAZTsMwyJRQ9jxp3Lfo8qHuld","privKey":"yAZVdNSW15MEj44lPlslJSDhc3jTt/6ISQ9hgQ5h3lI="},"lastRemoteEphemeralKey":"BXyHMmTfool3/stpj4y43rQHVUcS0mYni3pcvVijjaUK","previousCounter":0,"rootKey":"GX6L6Hacm/yKHr9EVWtop3On6ZLPNNycvune2OGBH70="},"indexInfo":{"baseKey":"Bfvsc9/HH8LMhKKCo7q/ZA2FyzGWEdV9jYvAsj6F0Hor","baseKeyType":1,"closed":-1,"used":1691247623604,"created":1691247623604,"remoteIdentityKey":"BeLg7jQYmly+WwA639peblOR48xtNxQwui8xXgLH0yMV"},"_chains":{"BY/JBS4J83S+y9EMAiTJAZTsMwyJRQ9jxp3Lfo8qHuld":{"chainKey":{"counter":0,"key":"Zj6+viZ5vc183EoIZjJYnhYJ3IilzJP08S7yp12JE00="},"chainType":1,"messageKeys":{}}},"pendingPreKey":{"signedKeyId":1,"baseKey":"Bfvsc9/HH8LMhKKCo7q/ZA2FyzGWEdV9jYvAsj6F0Hor"}}},"version":"v1"}