{"_sessions":{"BTQzngpm7kWnBCC1yYXgLNXnfwloIzj8Uk9/TjLoiPoW":{"registrationId":130,"currentRatchet":{"ephemeralKeyPair":{"pubKey":"BQdt1ab+Lg+CaSuOcL19iyGE7V+0lMx2rMaovkvugnhn","privKey":"2J++5WRhKovh69kgettgc5SYHKS8e7rd1ov3rV199XY="},"lastRemoteEphemeralKey":"BaKeMo6FrH8kiFD0KDg6KZXW+IVa7uXi+NhkpTChXgwk","previousCounter":0,"rootKey":"a71vhSAYnlFMRfGQsJk/C+Ckxd10RsmvECm7BvsREfI="},"indexInfo":{"baseKey":"BTQzngpm7kWnBCC1yYXgLNXnfwloIzj8Uk9/TjLoiPoW","baseKeyType":1,"closed":-1,"used":1691975785475,"created":1691975785475,"remoteIdentityKey":"BS9a4aNxtaptwmMOdSSkqsnJW8tg/xr9D0GJXCLZtYJO"},"_chains":{"BQdt1ab+Lg+CaSuOcL19iyGE7V+0lMx2rMaovkvugnhn":{"chainKey":{"counter":0,"key":"jeUr44xpywkCtNzZt9ulTjakT7ETBIBOmBzUs2WhQYg="},"chainType":1,"messageKeys":{}}},"pendingPreKey":{"signedKeyId":1,"baseKey":"BTQzngpm7kWnBCC1yYXgLNXnfwloIzj8Uk9/TjLoiPoW"}}},"version":"v1"}