{"_sessions":{"BY/4+O2B1OWlOMOHYeA472RyRywq1HMTS9nifHyo7al4":{"registrationId":1177679647,"currentRatchet":{"ephemeralKeyPair":{"pubKey":"Bf9oyGHX6DKWW5IZHFYQskLkV4kFLFFj464tsLjHt01b","privKey":"SO37Lwnh1yZqMYuihsRmKzN7LQRIxgb7k/ly1ababls="},"lastRemoteEphemeralKey":"BXK7v8is2UEjiy8+yarY3X7XEnwYpoi0f9Uidgwpg+RP","previousCounter":0,"rootKey":"snCMrBKFNQI2qxj74PKoEOp7ucD+/LsaiODlG9wfqT8="},"indexInfo":{"baseKey":"BY/4+O2B1OWlOMOHYeA472RyRywq1HMTS9nifHyo7al4","baseKeyType":1,"closed":-1,"used":1691247624351,"created":1691247624351,"remoteIdentityKey":"BRwdjR8kP/8m+wZ3UFewc5YeyzdGekz05v8inC1+Zz1N"},"_chains":{"Bf9oyGHX6DKWW5IZHFYQskLkV4kFLFFj464tsLjHt01b":{"chainKey":{"counter":0,"key":"izj6aMW8eqtMugsy69FP4/QXUA5ICGtWiwhbYJtBGgQ="},"chainType":1,"messageKeys":{}}},"pendingPreKey":{"signedKeyId":24,"baseKey":"BY/4+O2B1OWlOMOHYeA472RyRywq1HMTS9nifHyo7al4","preKeyId":4077141}}},"version":"v1"}