{"_sessions":{"BRb6Y5DC14iPwy48i9z+GdaKw4nMfmtW1T5LSLPsFtwy":{"registrationId":488463076,"currentRatchet":{"ephemeralKeyPair":{"pubKey":"BcE3A0Oy9bq5OSM9xRE0+e52bOT0jt7NQTpjWTI2QRMf","privKey":"CFSahy2ZnawLsxSobuod5WXq4oZ+b6/9zbUv8bMotmw="},"lastRemoteEphemeralKey":"BTHfGSIQaymYN0Um+DqhHfZocF4Vedfx4r8h7WoDdOhi","previousCounter":0,"rootKey":"vXC1r53fL5mM64CS2BF3JL3S/kpHM4YMX6HHaQDmzTU="},"indexInfo":{"baseKey":"BRb6Y5DC14iPwy48i9z+GdaKw4nMfmtW1T5LSLPsFtwy","baseKeyType":2,"closed":-1,"used":1691972327145,"created":1691972327145,"remoteIdentityKey":"BQ8WzWlPtRfR0SsrmZk5EQZbubRxM1SCLNS9eBQ6bTg5"},"_chains":{"BTHfGSIQaymYN0Um+DqhHfZocF4Vedfx4r8h7WoDdOhi":{"chainKey":{"counter":0,"key":"5t5oJEjXzVqB8PV/8vx0fLa4UrcDt11Okfzmz5a6VWk="},"chainType":2,"messageKeys":{}},"BcE3A0Oy9bq5OSM9xRE0+e52bOT0jt7NQTpjWTI2QRMf":{"chainKey":{"counter":-1,"key":"V4Hvme7dDYoXFo9ZpPmV4+Gmu0ck4mVb2YIlW3OR4O4="},"chainType":1,"messageKeys":{}}}}},"version":"v1"}