{"_sessions":{"BSmp1Mfz0rneWBsd4eJ7GLmq/5fa9QZiECA2pSNgxlBg":{"registrationId":1182841912,"currentRatchet":{"ephemeralKeyPair":{"pubKey":"Bar32lNXMlNhvxhbYf1chcmyKBymTJ80eeNY8k1MNFxc","privKey":"2AT6mrRXE17VrMZBJ80LUvWZsg5OegeJPmj6rGYJHGw="},"lastRemoteEphemeralKey":"BcHEFW5jcqG+wCl8NgpvyLQuYX2nInWABPBg5rsye4do","previousCounter":0,"rootKey":"fqQR4c+9crdD6nioA9zQ5Ze2IhKB+XlLfMBqvpd9/e8="},"indexInfo":{"baseKey":"BSmp1Mfz0rneWBsd4eJ7GLmq/5fa9QZiECA2pSNgxlBg","baseKeyType":2,"closed":-1,"used":1691624364360,"created":1691624364359,"remoteIdentityKey":"BRNZv1+1VBZoM8i7ZUaeX0Hi3L2Nzo/ctvzzXg2MBX4E"},"_chains":{"BcHEFW5jcqG+wCl8NgpvyLQuYX2nInWABPBg5rsye4do":{"chainKey":{"counter":1,"key":"h0bSamakLTkt4WcWqpa86+goU31jDhlcYMrOhco5C9A="},"chainType":2,"messageKeys":{}},"Bar32lNXMlNhvxhbYf1chcmyKBymTJ80eeNY8k1MNFxc":{"chainKey":{"counter":-1,"key":"0YOnocwgNB3/okWfKbU1HiYYvyZqEGVZf1/fMueZ6GQ="},"chainType":1,"messageKeys":{}}}}},"version":"v1"}