{"_sessions":{"BaP+x0ej2Bt5SW83a/8PC6AfpV+MCElktMOV25HH7mFp":{"registrationId":8297,"currentRatchet":{"ephemeralKeyPair":{"pubKey":"BV24vxJH0JCRae6JAQnVtgFF+aiw5hx1TuE/Qnv6Xg1k","privKey":"MNPlVFR8q2O8cVRC34vVDbmogTqZgOgjNVe6qhbjY00="},"lastRemoteEphemeralKey":"BXf26pA50Fa5aJtA+ambYOkz/fxsD2J0hsPHU5Dd/g9y","previousCounter":0,"rootKey":"NZDq00FZCLwJHKB2flgDcT7AFE7qtyabtiLUqHG8zkQ="},"indexInfo":{"baseKey":"BaP+x0ej2Bt5SW83a/8PC6AfpV+MCElktMOV25HH7mFp","baseKeyType":1,"closed":-1,"used":1691247623653,"created":1691247623653,"remoteIdentityKey":"BZgW17Ok5jG7fgEzhVgYNeTNb09FRmioomO5YUS5IG0z"},"_chains":{"BV24vxJH0JCRae6JAQnVtgFF+aiw5hx1TuE/Qnv6Xg1k":{"chainKey":{"counter":0,"key":"CTVCor7g7n8jpfG1pDK8SBIp+Fwp4UInGb31l3aUm3E="},"chainType":1,"messageKeys":{}}},"pendingPreKey":{"signedKeyId":1,"baseKey":"BaP+x0ej2Bt5SW83a/8PC6AfpV+MCElktMOV25HH7mFp","preKeyId":3919}}},"version":"v1"}