{"_sessions":{"BT7nCM0rrt6bOiFJfhdvfQuKdpzmwLPXBWzcT+/WkGoE":{"registrationId":1667395874,"currentRatchet":{"ephemeralKeyPair":{"pubKey":"BeS5t3/C0MXQJ4JHPDxCmXlBcYSFJw4y5WeFmMwMtsgM","privKey":"QENuz9NfXnHsx65Gu6EBb66NYZvaR40O0iusnEArrFo="},"lastRemoteEphemeralKey":"BbtSsVjn0rhsk3c/ZgQhUo+Ti+UUAG0HyRNTtgAANwds","previousCounter":0,"rootKey":"HFL3wXJb3LNuLmUO4OCJHVsm/IGZS75XKWhDeHFVevU="},"indexInfo":{"baseKey":"BT7nCM0rrt6bOiFJfhdvfQuKdpzmwLPXBWzcT+/WkGoE","baseKeyType":1,"closed":-1,"used":1691247624708,"created":1691247624707,"remoteIdentityKey":"BdKtBceJR9iHa7FR1OA0sVOIPGI3nk3+LY0TFQ+v8DsA"},"_chains":{"BeS5t3/C0MXQJ4JHPDxCmXlBcYSFJw4y5WeFmMwMtsgM":{"chainKey":{"counter":0,"key":"mnCQKreyFWcTNZ5bKivS1KNXq41ma4wJEvw98y/9oiM="},"chainType":1,"messageKeys":{}}},"pendingPreKey":{"signedKeyId":15,"baseKey":"BT7nCM0rrt6bOiFJfhdvfQuKdpzmwLPXBWzcT+/WkGoE","preKeyId":965686}}},"version":"v1"}