{"_sessions":{"Bf0CKkYoXHVjvB+IJMYM50xCwQiI97kHRyGzexBr/YhO":{"registrationId":722751501,"currentRatchet":{"ephemeralKeyPair":{"pubKey":"BcqAOEJWXHBBgxxtRh+yArSxaxVoSR8k8vsbV5JaW+ZW","privKey":"wNJksJYvazM6mYKpdbQme25yWltPYuOD1LXLgYnwFnw="},"lastRemoteEphemeralKey":"Beo9DsRSVtpn4JaPi1nWFgcEoNyZeVw21UJVcbNenshU","previousCounter":0,"rootKey":"oDON22cBoqp9N/ikUW0Jc3/cZEklBCmCEep95A58Su4="},"indexInfo":{"baseKey":"Bf0CKkYoXHVjvB+IJMYM50xCwQiI97kHRyGzexBr/YhO","baseKeyType":2,"closed":-1,"used":1692009169573,"created":1691250748375,"remoteIdentityKey":"BQcqZre6cfxI0M8VUFoeEg8cir923GaJJvxfxfupJzIp"},"_chains":{"BdHMUeKT+w2egtyOvKYvbwAU97MUC97VA32tRpno+BFl":{"chainKey":{"counter":0},"chainType":2,"messageKeys":{}},"BYRZ4MKIev9UVStx8aBC+V5110rXZnXUywN0EhfUGzlL":{"chainKey":{"counter":0},"chainType":2,"messageKeys":{}},"BS6Z7/ZhLPNRtbtywGGP7dB0yvTNkf1lTr5Qk0pHEqtQ":{"chainKey":{"counter":13},"chainType":2,"messageKeys":{}},"Beo9DsRSVtpn4JaPi1nWFgcEoNyZeVw21UJVcbNenshU":{"chainKey":{"counter":1,"key":"khoAzCf+BVqaPWvFAi6OHlWL2czpjUtN/NcH0kRejH0="},"chainType":2,"messageKeys":{}},"BcqAOEJWXHBBgxxtRh+yArSxaxVoSR8k8vsbV5JaW+ZW":{"chainKey":{"counter":-1,"key":"wHiAjyWSXFfehEacM2nMKyItJeq9xqUUaMKCiDnPeB4="},"chainType":1,"messageKeys":{}}}}},"version":"v1"}