{"_sessions":{"BXHZb+ckoVyJ8nREe6RB33Cx+Q3wddWXIMiOcf8mPgdI":{"registrationId":2144270936,"currentRatchet":{"ephemeralKeyPair":{"pubKey":"BXT7zKv24juTZL703JU+f8et8PsyZXubT87FU3sHFrFJ","privKey":"8FQgCPJmGuuWH8kG8M+TEpcpCh8jOcVlHmkScRRq1nM="},"lastRemoteEphemeralKey":"BSoCkL7IhzK8mlHjej8jVYYPyyMasXSiWSRSaMe7gN0X","previousCounter":0,"rootKey":"88pu3WBjcpPONnDh4i6ekdbBkhqefGoxf3HeXvYdDwY="},"indexInfo":{"baseKey":"BXHZb+ckoVyJ8nREe6RB33Cx+Q3wddWXIMiOcf8mPgdI","baseKeyType":1,"closed":-1,"used":1691247624492,"created":1691247624492,"remoteIdentityKey":"BSS9duGOzy/pbALb8gxhIgCQl4yc/WBYiGbAvSBnwhhi"},"_chains":{"BXT7zKv24juTZL703JU+f8et8PsyZXubT87FU3sHFrFJ":{"chainKey":{"counter":0,"key":"sXrlxIypsl6oHthSGLmaECruSz2GA1Pm9K6X/b9/RVQ="},"chainType":1,"messageKeys":{}}},"pendingPreKey":{"signedKeyId":3,"baseKey":"BXHZb+ckoVyJ8nREe6RB33Cx+Q3wddWXIMiOcf8mPgdI","preKeyId":2044320}}},"version":"v1"}