{"_sessions":{"BWi0kbbblv24CYj7IQlutg7ERNsOEOLWT5BaE1sLyLEN":{"registrationId":377343976,"currentRatchet":{"ephemeralKeyPair":{"pubKey":"BUPoBiIXrl0nGNxxVDCqUboivHnhiEQccRPUXh9d6vUs","privKey":"4GIsLUllIXecYZ4MtQp03kcxbQAw2XPF6/VHTofjoHE="},"lastRemoteEphemeralKey":"BcyLrzvYxT2dBNxauPWdTRFe5Bc9vQcf2obevqPhPBhl","previousCounter":0,"rootKey":"5xz4i2s/z0eFZ3k2w5nphOCudxxUf3wzsDzJ7XBuJBE="},"indexInfo":{"baseKey":"BWi0kbbblv24CYj7IQlutg7ERNsOEOLWT5BaE1sLyLEN","baseKeyType":1,"closed":-1,"used":1691247624112,"created":1691247624112,"remoteIdentityKey":"BSFklQlGLyfoV3AZVREwsREGfrihGCz/Ndl46yIw+nZK"},"_chains":{"BUPoBiIXrl0nGNxxVDCqUboivHnhiEQccRPUXh9d6vUs":{"chainKey":{"counter":0,"key":"H7S4OfZWrhG8NsrrPf/ZRxNij1kLPhztLZZx0d1REK0="},"chainType":1,"messageKeys":{}}},"pendingPreKey":{"signedKeyId":0,"baseKey":"BWi0kbbblv24CYj7IQlutg7ERNsOEOLWT5BaE1sLyLEN","preKeyId":3885709}}},"version":"v1"}