{"_sessions":{"BSO3vVelXQhdHYH1jqk+MGvzDklyOSso5IXrUDahp4oJ":{"registrationId":2069628772,"currentRatchet":{"ephemeralKeyPair":{"pubKey":"Bd8W/+5drepBtTgZZiiDnFm8njArkAi4v9OCjXhNnxZX","privKey":"QMpzsUnCaMAZO56FFD0cie0V9o001Dy6FzZ+VCy8kGM="},"lastRemoteEphemeralKey":"BRptQE59ZoOGLt+8gP/PA4GPvpyRZSOsT5DAOacjSAsv","previousCounter":0,"rootKey":"oLRQp7nS9UzCVj0Llf8O+xRvd8u1vxY7LrmPzt6Y2kE="},"indexInfo":{"baseKey":"BSO3vVelXQhdHYH1jqk+MGvzDklyOSso5IXrUDahp4oJ","baseKeyType":1,"closed":-1,"used":1691247624570,"created":1691247624570,"remoteIdentityKey":"BRhliT4tUGIP5UuLJTJGAfp01nAAErU+UpnUyZxgRF5R"},"_chains":{"Bd8W/+5drepBtTgZZiiDnFm8njArkAi4v9OCjXhNnxZX":{"chainKey":{"counter":0,"key":"wyu7c0aOfg/Y15Uv1TJTimz3Jip/KcszhiJpkjko0Ps="},"chainType":1,"messageKeys":{}}},"pendingPreKey":{"signedKeyId":7,"baseKey":"BSO3vVelXQhdHYH1jqk+MGvzDklyOSso5IXrUDahp4oJ","preKeyId":7470654}}},"version":"v1"}