{"_sessions":{"BRCVwk40ukrHKf6S1WY1NFVdSc1hBvwODCXc28BgXxVm":{"registrationId":178005134,"currentRatchet":{"ephemeralKeyPair":{"pubKey":"BXLTSE+sAEL+keBxrOJFc+stKrC85yFM0Mlrxj+mGBMe","privKey":"wFTmbz6lcyz/RMAW8U43R35dP3qO0XBfo4B5uvm1J3k="},"lastRemoteEphemeralKey":"BbUkuk9VB/ycuNk5tHrV1dagSaTdg0Wz3TTGNYwPwklO","previousCounter":0,"rootKey":"zRDzWPY56Jm+uGWBcyjK2Ylo1bvjAT1xGIz0Wxyuz0c="},"indexInfo":{"baseKey":"BRCVwk40ukrHKf6S1WY1NFVdSc1hBvwODCXc28BgXxVm","baseKeyType":1,"closed":-1,"used":1691247624319,"created":1691247624319,"remoteIdentityKey":"BdKR76XfpXTg7Zd0YGbC600eRQ99Joma9W9kxW1Irzlt"},"_chains":{"BXLTSE+sAEL+keBxrOJFc+stKrC85yFM0Mlrxj+mGBMe":{"chainKey":{"counter":0,"key":"O/60T0We2LmqsqPk/1DG2fQBm1T5j1DDXTJNc4rFbkY="},"chainType":1,"messageKeys":{}}},"pendingPreKey":{"signedKeyId":1,"baseKey":"BRCVwk40ukrHKf6S1WY1NFVdSc1hBvwODCXc28BgXxVm","preKeyId":244637}}},"version":"v1"}