{"_sessions":{"BRSQxoLh9vIiZy1LXPR8Ei+55qd9d1Vs+4iQLeDgpRJW":{"registrationId":1072067857,"currentRatchet":{"ephemeralKeyPair":{"pubKey":"Bbi8SD/DNTr2CmBscSdVPuMRpKbpCzopxZ6iUnZpz0MA","privKey":"cBnEZeNSa+Bk7KZHiJQXCqhnWJlfDaxMOtavE6gb6mA="},"lastRemoteEphemeralKey":"BTA6HqzWVworwXS3yXt38mPzXVGmmuOfgCSUJebZFO8J","previousCounter":0,"rootKey":"k5/mVFG79I4Mh1gJQ651boy8UG8oTgDIEzuWIx5WxFg="},"indexInfo":{"baseKey":"BRSQxoLh9vIiZy1LXPR8Ei+55qd9d1Vs+4iQLeDgpRJW","baseKeyType":2,"closed":-1,"used":1691972334554,"created":1691972334554,"remoteIdentityKey":"BTeUO59Gqt+9bPwh0/gNQZXBJQk9Hsegm5FKqf56c0wS"},"_chains":{"BTA6HqzWVworwXS3yXt38mPzXVGmmuOfgCSUJebZFO8J":{"chainKey":{"counter":1,"key":"UkUC05rHaCudbwLn+qF5gUEOB/wb//MOhbWkXbSs058="},"chainType":2,"messageKeys":{}},"Bbi8SD/DNTr2CmBscSdVPuMRpKbpCzopxZ6iUnZpz0MA":{"chainKey":{"counter":-1,"key":"ecnK4ef/b06i8BFQcWgchCbc7BeCQ5AYvZO+Xs4uKso="},"chainType":1,"messageKeys":{}}}}},"version":"v1"}