{"_sessions":{"BSoUoZcq9bbBBbFGW0fwJMMJsnBuqRo3ZXInyntS93pK":{"registrationId":970773836,"currentRatchet":{"ephemeralKeyPair":{"pubKey":"Ba7i8rHAW3JufyINHRFo8MA/Cr4hSZ66psejHH3+vWFD","privKey":"8Abcc7mAYPl1VOJv9Q5OKGTVikp8//otPEkIu2yqKXE="},"lastRemoteEphemeralKey":"Bdf4CLn+QpuP7zKWJctySt7WIcnXkJpu4LYN9E+KICYH","previousCounter":0,"rootKey":"2ekXmrdELPA2tzol1/WzcTknwsWshF/j6ylj5DW8L1A="},"indexInfo":{"baseKey":"BSoUoZcq9bbBBbFGW0fwJMMJsnBuqRo3ZXInyntS93pK","baseKeyType":2,"closed":-1,"used":1691623557792,"created":1691623557792,"remoteIdentityKey":"BaFuJVKQ2xteE2Ne5u/fjhFdqRuG1Df6+8tOfhy6JKAN"},"_chains":{"Bdf4CLn+QpuP7zKWJctySt7WIcnXkJpu4LYN9E+KICYH":{"chainKey":{"counter":2,"key":"lPGlDtS0bjRrhs8lSOHEsVLsv4wBirvHS68V1Hn38C4="},"chainType":2,"messageKeys":{"0":"4VRKM2avK9W5U9vJc0x1suOM3bpSmz3oRABX4NLrJvI=","1":"jxjNLdvkXayLoA6WxZEJ353DabbDsFD3XhhSzWeilFw="}},"Ba7i8rHAW3JufyINHRFo8MA/Cr4hSZ66psejHH3+vWFD":{"chainKey":{"counter":-1,"key":"IfJvfR3MLIMIR8BiI0/zuzdE9NomcHmHDoPqKl/4QoI="},"chainType":1,"messageKeys":{}}}}},"version":"v1"}