{"_sessions":{"BY4wwjCICLALCEviQvF+/4IdDVO1dvMSyyayki5gOT81":{"registrationId":164,"currentRatchet":{"ephemeralKeyPair":{"pubKey":"Bb3nkx0Fxj5YElY+AYxaki+Vwa/jhvzR73s9fS4FhQd3","privKey":"qEY99f+oOUvQmqGO0KbaNTuQ/1eITvpH8XLJngO8Gl0="},"lastRemoteEphemeralKey":"BSfC3HCBuygyL20Y5g0B98NhInMMVtb/oV8abt/15DJH","previousCounter":0,"rootKey":"dK2jsdzR3QTAXEbEVFttBkXn+eDvrxhNtAEaX3X15bY="},"indexInfo":{"baseKey":"BY4wwjCICLALCEviQvF+/4IdDVO1dvMSyyayki5gOT81","baseKeyType":1,"closed":-1,"used":1691247273598,"created":1691247273598,"remoteIdentityKey":"BYGyCyyLpfESDsYyHIT+r+Al+1hZmpBZif+OYGRjhSMH"},"_chains":{"Bb3nkx0Fxj5YElY+AYxaki+Vwa/jhvzR73s9fS4FhQd3":{"chainKey":{"counter":803,"key":"gtSsO6oPGy8lomY3VNKs9c+6S0oJy1mE//7VXq1gYfU="},"chainType":1,"messageKeys":{}}},"pendingPreKey":{"signedKeyId":1,"baseKey":"BY4wwjCICLALCEviQvF+/4IdDVO1dvMSyyayki5gOT81"}}},"version":"v1"}