{"_sessions":{"BUPgvZRBYtxWXSe/nnHJEe/IMPawaCzgFXoEzFQPYAYZ":{"registrationId":471165379,"currentRatchet":{"ephemeralKeyPair":{"pubKey":"BToJkFIrb1hwzG2R9T40aIvKa2J1zglzhlTxNxqY0jAj","privKey":"SGDujfadfHQDErGY4NID5wO8x50ZJTiX3BT/JS7w13A="},"lastRemoteEphemeralKey":"BQuW+dC05fv9GSCarzqNd1jeA5TlZeZVNrHXTD4NRNwA","previousCounter":0,"rootKey":"h+Kk5wXOAJyAg403yTheKB3BKJqNb9mDtpiuBdzo5fA="},"indexInfo":{"baseKey":"BUPgvZRBYtxWXSe/nnHJEe/IMPawaCzgFXoEzFQPYAYZ","baseKeyType":1,"closed":-1,"used":1691247623890,"created":1691247623890,"remoteIdentityKey":"BWw5bmsnpXEtl1L5p5TXGOW/5Eg2zJ5ChAisNad2Xdl4"},"_chains":{"BToJkFIrb1hwzG2R9T40aIvKa2J1zglzhlTxNxqY0jAj":{"chainKey":{"counter":0,"key":"hdXXc5Hka2fQUSew9spGx4LxQC8WheCrZ3eeic3k4Gk="},"chainType":1,"messageKeys":{}}},"pendingPreKey":{"signedKeyId":38,"baseKey":"BUPgvZRBYtxWXSe/nnHJEe/IMPawaCzgFXoEzFQPYAYZ","preKeyId":15678549}}},"version":"v1"}