{"_sessions":{"BWZEQ3ohzGsqQuU2FBtKEbq+5kSv9a8rcPwLAYxtR2t8":{"registrationId":1766096910,"currentRatchet":{"ephemeralKeyPair":{"pubKey":"BeyxXm0q+AyD0+as6XcU1NrUY1htiMhyP8judoQvEKxd","privKey":"wEfP9xY7btHA93xTrNhLAauH9KkJ3WRKJd1LekVc5HU="},"lastRemoteEphemeralKey":"Baq5hCu4cU1leuyFhOllGcCih+ERYgnXCfjddXm0ABIf","previousCounter":0,"rootKey":"JidUpScUPnF3UgFggGBmNAMfyAjBCfse8j6vQP2aUbA="},"indexInfo":{"baseKey":"BWZEQ3ohzGsqQuU2FBtKEbq+5kSv9a8rcPwLAYxtR2t8","baseKeyType":1,"closed":-1,"used":1691975785512,"created":1691975785512,"remoteIdentityKey":"BXcY0I9HyyoJ8r5Ly9QFYFNGC9HfnN8/w6+yf/e05S1y"},"_chains":{"BeyxXm0q+AyD0+as6XcU1NrUY1htiMhyP8judoQvEKxd":{"chainKey":{"counter":0,"key":"HWrY9fpWjRgskxm9MTORs85W4EZlbqPlWcUjEJFZyWM="},"chainType":1,"messageKeys":{}}},"pendingPreKey":{"signedKeyId":0,"baseKey":"BWZEQ3ohzGsqQuU2FBtKEbq+5kSv9a8rcPwLAYxtR2t8","preKeyId":4241640}}},"version":"v1"}