{"_sessions":{"BT+h6oWZMF7t4r3dG2fPGSRdtI8fFoQj0AWQbnZIODVn":{"registrationId":2029696136,"currentRatchet":{"ephemeralKeyPair":{"pubKey":"BZWBlu2fD4NQjOXDZ9PVNn37QibL2TxKoL5x4Uox614u","privKey":"8HJSu82/ZAKvvJc6Ms86ngfCGDTW3mhV7pCneYXvcVg="},"lastRemoteEphemeralKey":"Bf234tPzCFFlLoEItPsJ+PwmpHIfuJ1zzV4qa9DJHEQG","previousCounter":0,"rootKey":"RUFVl/n3yuz0fkF/jnX8MOhcu4sGhNWeP1CM6h4LZpI="},"indexInfo":{"baseKey":"BT+h6oWZMF7t4r3dG2fPGSRdtI8fFoQj0AWQbnZIODVn","baseKeyType":1,"closed":-1,"used":1691247624601,"created":1691247624601,"remoteIdentityKey":"BV8fltefi72Hocdv3SLJIuWkNSlkExDWfw5IpMaNom1P"},"_chains":{"BZWBlu2fD4NQjOXDZ9PVNn37QibL2TxKoL5x4Uox614u":{"chainKey":{"counter":0,"key":"ben5280lmNYyXpX5aqYRboxXMamK0PFETCkoVhiGLzU="},"chainType":1,"messageKeys":{}}},"pendingPreKey":{"signedKeyId":2,"baseKey":"BT+h6oWZMF7t4r3dG2fPGSRdtI8fFoQj0AWQbnZIODVn","preKeyId":14034413}}},"version":"v1"}