{"_sessions":{"BQ1pGWl5ZV75tPSU4I9LrKUrancdFEyNQ6UamxPqRfVd":{"registrationId":763068412,"currentRatchet":{"ephemeralKeyPair":{"pubKey":"BdUEpNIxU3dtECA4rJkkQI+ajggUKGYlN2xNo2cYbgUs","privKey":"yB6u9B2ONiofJbNPRwzHUiOztZ3SzNJ1jcm1HutAaV4="},"lastRemoteEphemeralKey":"BTNStwK1GGSQw4bQ51sExKs9HDh/w1I5yD16yoZIdhxM","previousCounter":0,"rootKey":"/Kfx7/kfKCd8gQl4lktOa07221kyRhvUgJD4G983jSg="},"indexInfo":{"baseKey":"BQ1pGWl5ZV75tPSU4I9LrKUrancdFEyNQ6UamxPqRfVd","baseKeyType":2,"closed":-1,"used":1691279362935,"created":1691279362935,"remoteIdentityKey":"BefJiuzuGEEEh5cktm6yTzO2BPDrsaVCxIRoVEzQadxE"},"_chains":{"BTNStwK1GGSQw4bQ51sExKs9HDh/w1I5yD16yoZIdhxM":{"chainKey":{"counter":0,"key":"5YPDJRQKmAbPr+pTH2NsOMPwPhykw/QOHvX5Nx/yODE="},"chainType":2,"messageKeys":{}},"BdUEpNIxU3dtECA4rJkkQI+ajggUKGYlN2xNo2cYbgUs":{"chainKey":{"counter":-1,"key":"pzieDcsE1wzkphdFkMXUiNi22zgP0rANc0F94dRMcO4="},"chainType":1,"messageKeys":{}}}}},"version":"v1"}