{"_sessions":{"BSeel9nbjx20yRaSjxKUihD7YhHBgraMjcaVUaNkxbw0":{"registrationId":907087832,"currentRatchet":{"ephemeralKeyPair":{"pubKey":"BZkqU9J64eMPl8I0x86lTUBTJf6FIilJGY4+tddce1Aj","privKey":"oCxM4RGW9gW2Zj+UsGivj8fJCZYJ+tNtBMSXS+N2GUg="},"lastRemoteEphemeralKey":"BbB2fV+Ee7nf2eoNUrk4cO28cGUPcXydXZI0zxZnLxcG","previousCounter":0,"rootKey":"ouYMaHH2ddDqFNeQqbMqXJzQwGSqVDzIPeL3xYeBTGw="},"indexInfo":{"baseKey":"BSeel9nbjx20yRaSjxKUihD7YhHBgraMjcaVUaNkxbw0","baseKeyType":1,"closed":-1,"used":1691247624335,"created":1691247624335,"remoteIdentityKey":"BYBAGhuwe7PNR3HnyhTzR3yqMXD6pf+u24cOPdWylOgQ"},"_chains":{"BZkqU9J64eMPl8I0x86lTUBTJf6FIilJGY4+tddce1Aj":{"chainKey":{"counter":0,"key":"hlB9lWi2xXLSoQap0QetjqEQuCZzPo4mjqVihlJm9FQ="},"chainType":1,"messageKeys":{}}},"pendingPreKey":{"signedKeyId":3,"baseKey":"BSeel9nbjx20yRaSjxKUihD7YhHBgraMjcaVUaNkxbw0","preKeyId":5456237}}},"version":"v1"}