{"_sessions":{"BS8bxas4mXvdJR/swqu7F1r7H7IJE8qiJs+Rq1beandS":{"registrationId":1516333036,"currentRatchet":{"ephemeralKeyPair":{"pubKey":"BTxNQ7IsziOkR5bQEAV1PZNZeVGPaM4foWp6OJ8pOfIa","privKey":"OOGgWcr/+cFgwjOYhBCMXejBpfjKxAr4wA6fWi6dDUM="},"lastRemoteEphemeralKey":"BRECffMVasiikvloOf3RewoD9h2jRk/M7o7LIEKV76oj","previousCounter":0,"rootKey":"VF52lnIpVECVoXwzfiYKcKiNh50vJRdt+yyUnNC0hR8="},"indexInfo":{"baseKey":"BS8bxas4mXvdJR/swqu7F1r7H7IJE8qiJs+Rq1beandS","baseKeyType":1,"closed":-1,"used":1691247624256,"created":1691247624256,"remoteIdentityKey":"BStcVYPk3Qat98ImpJoKVhUQ4hWXcuzGJIBHpeFX9xRB"},"_chains":{"BTxNQ7IsziOkR5bQEAV1PZNZeVGPaM4foWp6OJ8pOfIa":{"chainKey":{"counter":0,"key":"hoCQOiZRTBwAeaJ/xpHKN9ZmCvxUz/HrSZ4qlrtTKvc="},"chainType":1,"messageKeys":{}}},"pendingPreKey":{"signedKeyId":2,"baseKey":"BS8bxas4mXvdJR/swqu7F1r7H7IJE8qiJs+Rq1beandS","preKeyId":14688388}}},"version":"v1"}