{"_sessions":{"BchobYtg6i7SOmXr0jXLAWZDUpyc8INSVVSbMkiZrWkT":{"registrationId":245554358,"currentRatchet":{"ephemeralKeyPair":{"pubKey":"BfOcRrA2MwUFSMl4N2mVOuk+D1v5yR8IYuP1be2H0Lk1","privKey":"aDKu/Ro28/2dzpRkWP0Sc+ixR58RLdgjAivK3KWQ834="},"lastRemoteEphemeralKey":"BcVtkVphZZWHToQJq7U/PisiEHYg+K9wvHdrWXYGCJpn","previousCounter":0,"rootKey":"D2PBJStQ3+JuzrTuXMKFt4qnVkGgtWLfMIqbyRgfBZc="},"indexInfo":{"baseKey":"BchobYtg6i7SOmXr0jXLAWZDUpyc8INSVVSbMkiZrWkT","baseKeyType":1,"closed":-1,"used":1691247624061,"created":1691247624061,"remoteIdentityKey":"BZMRoP6y9grrDmjBRs8lXu2YzJduEj9Jqzpn66QQiJYn"},"_chains":{"BfOcRrA2MwUFSMl4N2mVOuk+D1v5yR8IYuP1be2H0Lk1":{"chainKey":{"counter":0,"key":"KJFoLk0JEz5arzQYyCyb3Tl7+Ar/fiJ5c/9fCNaAxng="},"chainType":1,"messageKeys":{}}},"pendingPreKey":{"signedKeyId":5,"baseKey":"BchobYtg6i7SOmXr0jXLAWZDUpyc8INSVVSbMkiZrWkT","preKeyId":6438403}}},"version":"v1"}