{"_sessions":{"BTkK8Ehp1N3WXcKjexsxLBfYB3sT70yWFevXQf+zLdZO":{"registrationId":697787320,"currentRatchet":{"ephemeralKeyPair":{"pubKey":"BbG3G+ly87xqXKA1C/Aetb9u2qq2JWKbQbvj9nw2qQld","privKey":"ACC7FROCVCRJIwj7n2qTOTbfMc8o1g+0RudfoJ6oF0w="},"lastRemoteEphemeralKey":"BSWEeLe+CmSSQAw2LMg7XxBeCtxQ/rdpiKTWv+spCpd1","previousCounter":0,"rootKey":"lBl/Atgfs/XlTrga7D2xWHl3Yj3vPSaqrqiMfq/NRs0="},"indexInfo":{"baseKey":"BTkK8Ehp1N3WXcKjexsxLBfYB3sT70yWFevXQf+zLdZO","baseKeyType":1,"closed":-1,"used":1691247624439,"created":1691247624439,"remoteIdentityKey":"BfqOhhFnp89k5UGcTx+QsgALw/LGqs0vBY0Gna7lYl1j"},"_chains":{"BbG3G+ly87xqXKA1C/Aetb9u2qq2JWKbQbvj9nw2qQld":{"chainKey":{"counter":0,"key":"NNkU/zwx9Aar22shgaielKBkX3EL54s36HiZIjKpjx8="},"chainType":1,"messageKeys":{}}},"pendingPreKey":{"signedKeyId":4,"baseKey":"BTkK8Ehp1N3WXcKjexsxLBfYB3sT70yWFevXQf+zLdZO","preKeyId":1201548}}},"version":"v1"}