{"_sessions":{"BWXUDqp0KcUOh1/c2RZoc3FeDXesxFwv7BvdaJFHU24c":{"registrationId":134,"currentRatchet":{"ephemeralKeyPair":{"pubKey":"BTw/5LzzijTlUMCKMq0RM/FGuHP1G6b/r6yqg2aiV5Vg","privKey":"aBc3A5xsg56IzXwkvCLPBcn+ifiz0+aA28WSzKTsrEg="},"lastRemoteEphemeralKey":"Bc4qCl9rlMaiAqpkiqYe1Oxg/JHbD/U8zMFYxnWEatl5","previousCounter":0,"rootKey":"y14sO5+H7Wsb7ziusK9OIfL8e8NySycMNny6mfUaiZI="},"indexInfo":{"baseKey":"BWXUDqp0KcUOh1/c2RZoc3FeDXesxFwv7BvdaJFHU24c","baseKeyType":2,"closed":-1,"used":1691972342577,"created":1691972342577,"remoteIdentityKey":"BcYlsC+W++XyIhLctqdYm71iu0zq7PBxaxztb4Fj7Bwg"},"_chains":{"Bc4qCl9rlMaiAqpkiqYe1Oxg/JHbD/U8zMFYxnWEatl5":{"chainKey":{"counter":1,"key":"mC+GagdoRppOxF2/BN+DFH6Kei0FFU5OeTuNTHwJAFk="},"chainType":2,"messageKeys":{}},"BTw/5LzzijTlUMCKMq0RM/FGuHP1G6b/r6yqg2aiV5Vg":{"chainKey":{"counter":-1,"key":"shrl7NbTOrKoMrgXQ+rmkpiBJPzsmmpKBfdkx2MOs0E="},"chainType":1,"messageKeys":{}}}}},"version":"v1"}