{"_sessions":{"BQruvp8zWmEk/8B5f7NKTdbVUc1wZc7hoE20jJrLZ706":{"registrationId":392323624,"currentRatchet":{"ephemeralKeyPair":{"pubKey":"BWrEZ6ZlOZW98EeggHsEiZ/1ZAXwUwqMRWzhHdcAWDRy","privKey":"YGEg1Wab/5g1WsJjOX+xNBOSsfw2T3uvkqcrnh9bZ2E="},"lastRemoteEphemeralKey":"BYyAVt+ymMg7l4BrbQ2wwqHRT/IH7aMA+ejubtt63gA5","previousCounter":0,"rootKey":"vG04l9BCOuLFfmmQUwHOj1jWsqWqvtjOCKhudTnv2g4="},"indexInfo":{"baseKey":"BQruvp8zWmEk/8B5f7NKTdbVUc1wZc7hoE20jJrLZ706","baseKeyType":1,"closed":-1,"used":1691247623964,"created":1691247623964,"remoteIdentityKey":"BXmcoHyB8/V4m90DKtzEOdrYqLqVwXoV0PLrvyFAIFoF"},"_chains":{"BWrEZ6ZlOZW98EeggHsEiZ/1ZAXwUwqMRWzhHdcAWDRy":{"chainKey":{"counter":0,"key":"h9hXZrVyMqO2z43TzaZdmLENIap7DRTWZgbYdLx2GXU="},"chainType":1,"messageKeys":{}}},"pendingPreKey":{"signedKeyId":0,"baseKey":"BQruvp8zWmEk/8B5f7NKTdbVUc1wZc7hoE20jJrLZ706","preKeyId":1293180}}},"version":"v1"}