{"_sessions":{"BTFcH3e/Yrbi2isII4FUZDXoucFDFSVEQc09OSRvvcdH":{"registrationId":127,"currentRatchet":{"ephemeralKeyPair":{"pubKey":"BZZdliLyxnsC9XF34DtqrfdvVZfpVocYnC50bK7HV+d8","privKey":"KL7ZPqe/0fBGl1ZPLhrdSMAnJy4gUYPzR6rBvreNYGk="},"lastRemoteEphemeralKey":"BQTOEAM4iTJqwfpptPje19JvY+XSRZSXR6AucCO/c1JI","previousCounter":0,"rootKey":"/TrcLKXfSGEjt7sV03uiYejzb4XCMayePWBB+z/Aj58="},"indexInfo":{"baseKey":"BTFcH3e/Yrbi2isII4FUZDXoucFDFSVEQc09OSRvvcdH","baseKeyType":2,"closed":-1,"used":1691972338893,"created":1691972338893,"remoteIdentityKey":"Bee4Z5kQhgvjYs71XdZspU8fPVIbpHqZw5NugE/oCnN0"},"_chains":{"BQTOEAM4iTJqwfpptPje19JvY+XSRZSXR6AucCO/c1JI":{"chainKey":{"counter":4,"key":"hueEyF6tNIGTyq46OTFBFp+UGU+6ZN5M2B3hoQvjHuQ="},"chainType":2,"messageKeys":{}},"BZZdliLyxnsC9XF34DtqrfdvVZfpVocYnC50bK7HV+d8":{"chainKey":{"counter":-1,"key":"rq83Csa6OgOktZJV2wssmoWmkxsAw0HRlJjTX4GG6As="},"chainType":1,"messageKeys":{}}}}},"version":"v1"}