{"_sessions":{"BejQdzV2+lm1U61rnYzMlnrew4ImXA4Ss42tV8RxlsV3":{"registrationId":3884,"currentRatchet":{"ephemeralKeyPair":{"pubKey":"BQU3aCJo+B0070QQl3OKH3w3NmxI7qucg6OCY3J3hatX","privKey":"aBPLx0sjN8o1m4mfuWAdqGvl6z1uLMB3C0aoUrzGeko="},"lastRemoteEphemeralKey":"Ba9lTKcyAXAW95ms2jYCkZZVECnb9vijFN3BNVlJFX16","previousCounter":0,"rootKey":"ITJzFU6/btH1OfUdlxN9mvOy5diWVRWfn+EqkHJNUuI="},"indexInfo":{"baseKey":"BejQdzV2+lm1U61rnYzMlnrew4ImXA4Ss42tV8RxlsV3","baseKeyType":1,"closed":-1,"used":1691247623563,"created":1691247623563,"remoteIdentityKey":"BSlFAY2Knrl8sz25gZhK1KNKacVAr4IfXjiZbDXVyn4K"},"_chains":{"BQU3aCJo+B0070QQl3OKH3w3NmxI7qucg6OCY3J3hatX":{"chainKey":{"counter":0,"key":"mJtNAQfUXXSBawm1vw5nHlT2ORh+PSlUyJtiq5SBcNU="},"chainType":1,"messageKeys":{}}},"pendingPreKey":{"signedKeyId":1,"baseKey":"BejQdzV2+lm1U61rnYzMlnrew4ImXA4Ss42tV8RxlsV3"}}},"version":"v1"}