{"_sessions":{"BccgHhRDf9iu5YOqKh3ZFwY9OZGEzAzYsG1eKS8Lenhf":{"registrationId":8265,"currentRatchet":{"ephemeralKeyPair":{"pubKey":"BTD+JvA1oJCHxgSJYf7esH2jYJMqLKQx331ArN+G1x8o","privKey":"GBUhuEsb2IjJ4l1QjMsB61m722+XmPFcXsVfwblAp2g="},"lastRemoteEphemeralKey":"BbYdfU+PtaA9EzPrxEr1B8kmJpFNE+BfBBqWihc5Jd04","previousCounter":0,"rootKey":"kV+tNt3vP3zwcH9pXo170FI8+MURcJKTlWrp8Sn1D88="},"indexInfo":{"baseKey":"BccgHhRDf9iu5YOqKh3ZFwY9OZGEzAzYsG1eKS8Lenhf","baseKeyType":1,"closed":-1,"used":1691975785443,"created":1691975785443,"remoteIdentityKey":"BQthQe3+XrmZZi+FNVy4qDlmNtqv2iBkbUziAI1Ndx4f"},"_chains":{"BTD+JvA1oJCHxgSJYf7esH2jYJMqLKQx331ArN+G1x8o":{"chainKey":{"counter":0,"key":"4qlIZ9kZoWbQVagVUJgHUf/bm2p3TXRRqRSPHObpWxI="},"chainType":1,"messageKeys":{}}},"pendingPreKey":{"signedKeyId":1,"baseKey":"BccgHhRDf9iu5YOqKh3ZFwY9OZGEzAzYsG1eKS8Lenhf"}}},"version":"v1"}