{"_sessions":{"BQB0h1VuvAWbffR0kUnonGMY+5h09KSXAll1OHmVafI4":{"registrationId":1175737849,"currentRatchet":{"ephemeralKeyPair":{"pubKey":"Bb1FDgXzH2/CsIAprS9XvBTMCXxVhKmLuqzYugSsjUdI","privKey":"wLYKNx4P1QWgVavI3/PKQDF8crNhis91goxM8RML3lc="},"lastRemoteEphemeralKey":"BVOnCh9rYZ7/JUpUawRhqe9MqobgEyS2JPfToy9NgPZT","previousCounter":0,"rootKey":"v1eoDWhB5Id14AylxS2j4/Des7e0NTh/Y3qgIaBjTd8="},"indexInfo":{"baseKey":"BQB0h1VuvAWbffR0kUnonGMY+5h09KSXAll1OHmVafI4","baseKeyType":2,"closed":-1,"used":1691246679780,"created":1691246679780,"remoteIdentityKey":"BfL1fJAR3fEjw1mqzRVA9d6i2tIz6WSMz5CqfW0wTgE3"},"_chains":{"BVOnCh9rYZ7/JUpUawRhqe9MqobgEyS2JPfToy9NgPZT":{"chainKey":{"counter":0,"key":"CF4CYnmwBKZMAA17wc4uqlaVwhjXby+L+nNTcrj2GdM="},"chainType":2,"messageKeys":{}},"Bb1FDgXzH2/CsIAprS9XvBTMCXxVhKmLuqzYugSsjUdI":{"chainKey":{"counter":0,"key":"2fAhijBQVAajrwPoZqgheX1Zvt+aXtEgRQvDU74vr3g="},"chainType":1,"messageKeys":{}}}}},"version":"v1"}