{"_sessions":{"BZlTW90nZ/LacaQP1R+yk8GwlTgxNdmUgQhEj6pznX8d":{"registrationId":12932,"currentRatchet":{"ephemeralKeyPair":{"pubKey":"BSSKFDibhwX2/udzeMJ0O2GyMao+LyuGJrnZSX3JIIYn","privKey":"YAIiIewj9CtevAdVsnee7hGoEk3tujBWUJNykass91Y="},"lastRemoteEphemeralKey":"BUjlNGjYPI+oAC176xyltSw3Kpd2Tgpys4HxIWqc0hgk","previousCounter":0,"rootKey":"7LfCQuwp5lqm+pfJhwf0TVzndl+/aki6ls5ZfVc4QjE="},"indexInfo":{"baseKey":"BZlTW90nZ/LacaQP1R+yk8GwlTgxNdmUgQhEj6pznX8d","baseKeyType":1,"closed":-1,"used":1691975785428,"created":1691975785428,"remoteIdentityKey":"BaoiQ2Xsnr2gsmQOhyx4cGNAtx41M7U7gTahpbaWxYMa"},"_chains":{"BSSKFDibhwX2/udzeMJ0O2GyMao+LyuGJrnZSX3JIIYn":{"chainKey":{"counter":0,"key":"RVJ/9eKx89xPVOK2CfI/loxI5WMkSmFTVKgDSOl80Zc="},"chainType":1,"messageKeys":{}}},"pendingPreKey":{"signedKeyId":1,"baseKey":"BZlTW90nZ/LacaQP1R+yk8GwlTgxNdmUgQhEj6pznX8d"}}},"version":"v1"}