{"_sessions":{"BcATRmVt5LnU115HtRsDrZORpDdW/i/8xr1yZ+8jGxp0":{"registrationId":1563570017,"currentRatchet":{"ephemeralKeyPair":{"pubKey":"BXy1b3AEqhC8uG094yvRdeKme0fp6mHYVoYmm4FLhwsS","privKey":"CHLWPiRCXeFb6X0s+GZrsv5G+IkOh3PLArsZ1za6q28="},"lastRemoteEphemeralKey":"BU8SOrxzV2prA6hb7GKEFYciKfeiC3uG+Pds9U0eiEU1","previousCounter":0,"rootKey":"PJQe/nULFv2+vYYV5mna4CRPgB38N+c705CV1QqWnI4="},"indexInfo":{"baseKey":"BcATRmVt5LnU115HtRsDrZORpDdW/i/8xr1yZ+8jGxp0","baseKeyType":1,"closed":-1,"used":1691247624585,"created":1691247624585,"remoteIdentityKey":"BWry8qvCh2D5qPwaPKg4F2NnFd7ItA4y7sGbPU8nhrdn"},"_chains":{"BXy1b3AEqhC8uG094yvRdeKme0fp6mHYVoYmm4FLhwsS":{"chainKey":{"counter":0,"key":"+RAoP4ZTUu2rOiIIgTKw3nkzb5XZyfqRdo6iJHLpfgk="},"chainType":1,"messageKeys":{}}},"pendingPreKey":{"signedKeyId":2,"baseKey":"BcATRmVt5LnU115HtRsDrZORpDdW/i/8xr1yZ+8jGxp0","preKeyId":2690856}}},"version":"v1"}