{"_sessions":{"BceRhnZtEMTwn+ba7tByynUZnmfc8sT9cWpu1H/mPekJ":{"registrationId":1113205809,"currentRatchet":{"ephemeralKeyPair":{"pubKey":"BZ00MvQ5KWeNQ1vmfazdkmbpiSKLLc9sKtxBu/sKWURQ","privKey":"4H9RlygoY/mYKZqNr8BUG7iyZSmnUB017BZCo0CtqGU="},"lastRemoteEphemeralKey":"BXy3jAmTrhzPbRWAisu8SSfaPqb+09M1hyGZmF0CDzEQ","previousCounter":0,"rootKey":"M0D+BNkOzfIILQuCRxEuy8euMezJnvXe6EtCcdTgbdQ="},"indexInfo":{"baseKey":"BceRhnZtEMTwn+ba7tByynUZnmfc8sT9cWpu1H/mPekJ","baseKeyType":1,"closed":-1,"used":1691247623798,"created":1691247623798,"remoteIdentityKey":"BSnTotJgErwA2ZPjR/OPkFrXjVZKw3RsKj5eUm1yMKEw"},"_chains":{"BZ00MvQ5KWeNQ1vmfazdkmbpiSKLLc9sKtxBu/sKWURQ":{"chainKey":{"counter":0,"key":"b4lI/Mb3XX94tLaGSvUeWTyyiAAnR/QYpOdNGSsU0eU="},"chainType":1,"messageKeys":{}}},"pendingPreKey":{"signedKeyId":19,"baseKey":"BceRhnZtEMTwn+ba7tByynUZnmfc8sT9cWpu1H/mPekJ","preKeyId":12171656}}},"version":"v1"}