{"_sessions":{"BZlBGRNN3HK0fYSJAKyQmfE6eqpXxtG0FtAvJhFxPBkk":{"registrationId":2044655808,"currentRatchet":{"ephemeralKeyPair":{"pubKey":"BR0yROdjBXoBZU6IwQWX87IxOko7vqKztr1QglllfXJu","privKey":"uNA9CBaKW9kr9xCwza2yin1as79KGvttgf/1wl2YE3o="},"lastRemoteEphemeralKey":"BYLR3mh7p2yuFtGbhfpaTHUT/KiqrrrCP4Aynsqie/5c","previousCounter":0,"rootKey":"j2DzO4f7AdR/Wfn3Z87irGJE5gP/dLGnNyd6s6YKFZU="},"indexInfo":{"baseKey":"BZlBGRNN3HK0fYSJAKyQmfE6eqpXxtG0FtAvJhFxPBkk","baseKeyType":1,"closed":-1,"used":1691247624209,"created":1691247624209,"remoteIdentityKey":"Bcf42PpK6nIqFdO4lFykO+DXJgmMoGiJx761abIaRtg6"},"_chains":{"BR0yROdjBXoBZU6IwQWX87IxOko7vqKztr1QglllfXJu":{"chainKey":{"counter":0,"key":"HgN3w7GEeA146GL1ZSthw45C1hkLZ0PuaFb7RbDC8L4="},"chainType":1,"messageKeys":{}}},"pendingPreKey":{"signedKeyId":16,"baseKey":"BZlBGRNN3HK0fYSJAKyQmfE6eqpXxtG0FtAvJhFxPBkk","preKeyId":14152256}}},"version":"v1"}