{"_sessions":{"BaLwxQ4BOUgs3KZ0N8lnP+bNUx8oRVJzviKy8fWxyqQr":{"registrationId":255,"currentRatchet":{"ephemeralKeyPair":{"pubKey":"BZtXzbl5MDtJxk/km6PWPCj0NPHPC8YsrpU9GQmy9Gll","privKey":"OKBqCnmQqquF6mI0M71N64fS15M3bQ5OJXKABfsCCE8="},"lastRemoteEphemeralKey":"BQ9GtF/MClbIVWpgm0+whNTRLyO6YjB8lFfOXrK+iBUs","previousCounter":0,"rootKey":"je+JtAHhQAy19Tp/7q3p46hi9IamU6v8IfGvjigPo74="},"indexInfo":{"baseKey":"BaLwxQ4BOUgs3KZ0N8lnP+bNUx8oRVJzviKy8fWxyqQr","baseKeyType":2,"closed":-1,"used":1691972334890,"created":1691972334890,"remoteIdentityKey":"Beg99goDQKK0SJktqSXwQ2hTlnVcOR0QnwvSFpcz84sg"},"_chains":{"BQ9GtF/MClbIVWpgm0+whNTRLyO6YjB8lFfOXrK+iBUs":{"chainKey":{"counter":3,"key":"a+0fNapsFfqcAHp3UlLut+nMqhvMnCxPPmB+hettFzY="},"chainType":2,"messageKeys":{}},"BZtXzbl5MDtJxk/km6PWPCj0NPHPC8YsrpU9GQmy9Gll":{"chainKey":{"counter":-1,"key":"f/Q3wndSnOuT+vVB8LdFExK8vUMAEeb8R+AnJwOegEA="},"chainType":1,"messageKeys":{}}}}},"version":"v1"}