{"_sessions":{"BXtUVjY4GNXTZ9D5MK03s/C/G91TbRerNfwFCDPm50Mm":{"registrationId":800990734,"currentRatchet":{"ephemeralKeyPair":{"pubKey":"BY8Fbg2tUMgKlNThwDRBWMQOicVi1cUCfHePkwST2XdB","privKey":"uBwsflnklQ/4P+o6uLI9rDp5A9FLSqa47PaYqtbB21Q="},"lastRemoteEphemeralKey":"BUWMzm2JDIGJtDnRA6x2GQklwsrJ99qT0Hos7op8djVr","previousCounter":0,"rootKey":"YNM/LSpZS1OqBL6e4RiJUQEs2Hjuqg+Rnx4XJ9wirOY="},"indexInfo":{"baseKey":"BXtUVjY4GNXTZ9D5MK03s/C/G91TbRerNfwFCDPm50Mm","baseKeyType":2,"closed":1691372047617,"used":1691250825735,"created":1691250825735,"remoteIdentityKey":"BZFgjnJf2Niy51CbhxqY2y5Y3r7YdTfLVdNFIphno9ED"},"_chains":{"BUWMzm2JDIGJtDnRA6x2GQklwsrJ99qT0Hos7op8djVr":{"chainKey":{"counter":0,"key":"5UlhrjGgtUcSYA7UskTxcKmaEDKaI663AbpaawPdyhw="},"chainType":2,"messageKeys":{}},"BY8Fbg2tUMgKlNThwDRBWMQOicVi1cUCfHePkwST2XdB":{"chainKey":{"counter":-1,"key":"Gldf03UUXt1LBjO7nT2bXBUP4KopgswLlK9zTDFeW4Y="},"chainType":1,"messageKeys":{}}}},"BWR3EH3c1YOvDKvOK64qzfZTXqvu7dFpc06rT4n4KxgR":{"registrationId":1786268629,"currentRatchet":{"ephemeralKeyPair":{"pubKey":"BS5HUWscamzMncrYXffLR/2sAxVjPjHI/vqkxgYU5P8Y","privKey":"GC6HLCg1dn2fVMQBAkW2+w4KLt/PTrRMu/C/Lge/D1Y="},"lastRemoteEphemeralKey":"Baauv7k4kfkOYWfShr7fPEtrSAEdN4UF57LHRzxKv4tG","previousCounter":0,"rootKey":"pgY+feeHL3JK35jiizPAFqdkcKzcKkDMxqcYi0v0yq4="},"indexInfo":{"baseKey":"BWR3EH3c1YOvDKvOK64qzfZTXqvu7dFpc06rT4n4KxgR","baseKeyType":2,"closed":-1,"used":1691972340720,"created":1691372047639,"remoteIdentityKey":"BUjvTBiPmxmQ4FMYt1E+rwFmcydkRYFZSRfEddnPWedt"},"_chains":{"BbyEXtE/L9vR37pjohf7CFNmj695tU9gQDCVsLXFW5Bx":{"chainKey":{"counter":0},"chainType":2,"messageKeys":{}},"BdvJoV2oVUGPlSut+sH1WEvnUhWE1fUuwYfxnBxrM2Yw":{"chainKey":{"counter":0},"chainType":2,"messageKeys":{}},"Baauv7k4kfkOYWfShr7fPEtrSAEdN4UF57LHRzxKv4tG":{"chainKey":{"counter":3,"key":"O8EaAlpj5yKx3HRcwqrEKhwoIUPSI4V0ekOiRMXveEg="},"chainType":2,"messageKeys":{}},"BS5HUWscamzMncrYXffLR/2sAxVjPjHI/vqkxgYU5P8Y":{"chainKey":{"counter":0,"key":"bqz0dpBap0fdJ1q1aYdZHXIrwlKu/bIV/EAOF/eY8hg="},"chainType":1,"messageKeys":{}}}}},"version":"v1"}