{"_sessions":{"BRVEX9JwO4vluZ7vMmVqlmQyN212TLq9lut76BMhj5xa":{"registrationId":1354052122,"currentRatchet":{"ephemeralKeyPair":{"pubKey":"BdjXUIWQf83aAqsvTByARnqtjUMbP/cI9YPf5ytbFupj","privKey":"CFBh0DOwVJ+FRi4YMVhQ6Vam5fVCBb8X3HP/6KDIumU="},"lastRemoteEphemeralKey":"BTb0u8vur8PHv5st7L00rECwNehzeMtWbS1nkW2kKFhz","previousCounter":0,"rootKey":"0LiSUgky5EWG4MvJiWW+i5EuOl0fGNQ09ieKrKLLy+4="},"indexInfo":{"baseKey":"BRVEX9JwO4vluZ7vMmVqlmQyN212TLq9lut76BMhj5xa","baseKeyType":1,"closed":-1,"used":1691247624240,"created":1691247624240,"remoteIdentityKey":"BViIntwuy4D7Qh0AEUTV/F7FWfa9dqd9eHJ7CLYBJCkC"},"_chains":{"BdjXUIWQf83aAqsvTByARnqtjUMbP/cI9YPf5ytbFupj":{"chainKey":{"counter":0,"key":"CyQVGqZ7TqRi6xh3jf9HeX0vRxfxItv31HoxSiOZCJU="},"chainType":1,"messageKeys":{}}},"pendingPreKey":{"signedKeyId":40,"baseKey":"BRVEX9JwO4vluZ7vMmVqlmQyN212TLq9lut76BMhj5xa","preKeyId":8060915}}},"version":"v1"}