{"_sessions":{"BbQ7AmcJ3ALC1fngqOX644PNflQka6pzOoTpckimmqIy":{"registrationId":1484845833,"currentRatchet":{"ephemeralKeyPair":{"pubKey":"Bf9WcA4Q0+/3sdG6ij6pP45IqXm4oHeW27dUt8kjdjp3","privKey":"SJ34YbZc6FSQrVK84bfGGPLXvh0T/S1hHEorkO+R4U0="},"lastRemoteEphemeralKey":"BZ/IyEQK7IkNth045oObnt2Y7q+tf+XfkeWd19wiYuVn","previousCounter":0,"rootKey":"qIcxflIJJ1E7GRu5fbhX1nos9f/SnbqO8TCiIRLADX8="},"indexInfo":{"baseKey":"BbQ7AmcJ3ALC1fngqOX644PNflQka6pzOoTpckimmqIy","baseKeyType":1,"closed":-1,"used":1691247623872,"created":1691247623872,"remoteIdentityKey":"BapFcmXS/67sl3ZAP+Of29pxd3J9nin8Py1L804aIcAy"},"_chains":{"Bf9WcA4Q0+/3sdG6ij6pP45IqXm4oHeW27dUt8kjdjp3":{"chainKey":{"counter":0,"key":"O1xfQXKa7/Td9JjebzOA0AkmBjBXWchwR4mx/uJmmhM="},"chainType":1,"messageKeys":{}}},"pendingPreKey":{"signedKeyId":0,"baseKey":"BbQ7AmcJ3ALC1fngqOX644PNflQka6pzOoTpckimmqIy","preKeyId":4561859}}},"version":"v1"}