{"_sessions":{"Begpw844jBhIS8bETMxiThBvg0/GEzGpD286fvRpezh8":{"registrationId":3823,"currentRatchet":{"ephemeralKeyPair":{"pubKey":"BYXUGkEN1ZcolUMOx2/W0Qk6m6LSJ60zC73TjvkP/EFl","privKey":"QP+FEGYqcWj8v3lIZwjSi3PFRs2WBPPV/O0Qim2f438="},"lastRemoteEphemeralKey":"BV1LGWAtNdnvPCRDXCN3/DDPBeuJGvn68HY1QC1F/5NX","previousCounter":0,"rootKey":"xeBQUmSw0KXjmjEo2xt7dSTGdg3frS+mbO6+IHhQyCI="},"indexInfo":{"baseKey":"Begpw844jBhIS8bETMxiThBvg0/GEzGpD286fvRpezh8","baseKeyType":1,"closed":-1,"used":1691247623536,"created":1691247623536,"remoteIdentityKey":"BTF0XTwb7FjNA3KMSZUDxHEHHcaCQ3J1l1SJmN8AYGkH"},"_chains":{"BYXUGkEN1ZcolUMOx2/W0Qk6m6LSJ60zC73TjvkP/EFl":{"chainKey":{"counter":0,"key":"rdo9h9VsyuLdFohfrfdRcDIRE/omCc8AULAQ4KqCcl4="},"chainType":1,"messageKeys":{}}},"pendingPreKey":{"signedKeyId":1,"baseKey":"Begpw844jBhIS8bETMxiThBvg0/GEzGpD286fvRpezh8"}}},"version":"v1"}