{"_sessions":{"BSCXVPz33p9SZjL8gJ/HzIKHEVg+o/coxvIw9Xm/sKJb":{"registrationId":837647177,"currentRatchet":{"ephemeralKeyPair":{"pubKey":"BVvSz4ubVz3CQllOncfyWIeFdQpnz432vbW7J8z/QrZF","privKey":"4FYRYqlrbgWIBjpWBM/ZzJPw6kM1mWz45bU7iarv/1c="},"lastRemoteEphemeralKey":"BXNSzPnyjxqmJgsv346oPE5dgeGf3F+mXrYdov+DZdRu","previousCounter":0,"rootKey":"Q+Q0fLDNIEACqNI7Q+OwXA5X2jw2fgJl4PTJGvri03c="},"indexInfo":{"baseKey":"BSCXVPz33p9SZjL8gJ/HzIKHEVg+o/coxvIw9Xm/sKJb","baseKeyType":1,"closed":-1,"used":1691247624147,"created":1691247624147,"remoteIdentityKey":"BehQvcGLsX3jgF5R/v/0Fd+j5S3mySIa50VGzWr7m0lB"},"_chains":{"BVvSz4ubVz3CQllOncfyWIeFdQpnz432vbW7J8z/QrZF":{"chainKey":{"counter":0,"key":"EcYIrV69DYDF+mWpyPQgfSvQH6sjuBKD1nt2v5f5hRU="},"chainType":1,"messageKeys":{}}},"pendingPreKey":{"signedKeyId":39,"baseKey":"BSCXVPz33p9SZjL8gJ/HzIKHEVg+o/coxvIw9Xm/sKJb","preKeyId":10517515}}},"version":"v1"}