{"_sessions":{"BdwlJodSHN42p2ChdNNy81IbCqImhN084WJFcaX12woW":{"registrationId":595783954,"currentRatchet":{"ephemeralKeyPair":{"pubKey":"BQ1fOyhcq7JU7Gotx70qV0RBEKxTF+bHrxYx8JjhAfEO","privKey":"4GhEtOhbXVN84emtPn0J/eH7G5p27/VKHLi7/D/3OEA="},"lastRemoteEphemeralKey":"Be7sJXNjlLbgXgPgFlGO98zVbuEeKen+g4lis3a4b/kH","previousCounter":0,"rootKey":"8lKVkQnZfNm41SMWii35R7wdVHXan/JqS/ZahSLj0aE="},"indexInfo":{"baseKey":"BdwlJodSHN42p2ChdNNy81IbCqImhN084WJFcaX12woW","baseKeyType":2,"closed":1691372054338,"used":1691372049631,"created":1691372049631,"remoteIdentityKey":"BenpiEOuRsPY4aMJEBHra9us2w11EezNtT4ACrYjXmUL"},"_chains":{"Be7sJXNjlLbgXgPgFlGO98zVbuEeKen+g4lis3a4b/kH":{"chainKey":{"counter":0,"key":"/A6rEhRndi1bmTj0QEM85X9KN0ClBru+1um9QkPgGac="},"chainType":2,"messageKeys":{}},"BQ1fOyhcq7JU7Gotx70qV0RBEKxTF+bHrxYx8JjhAfEO":{"chainKey":{"counter":-1,"key":"KhAkeyZ7JBDf5AGXLFTAhkl0xEBpj6iop0LinnePBdQ="},"chainType":1,"messageKeys":{}}}},"BRFXQum6oAaT/v0QxUzdQ9SqxjpCwM1UbX2BpwdKPxBg":{"registrationId":595783954,"currentRatchet":{"ephemeralKeyPair":{"pubKey":"BZHUYBdjEJ9W3M2cJM/sW0zLMuwfTt7FrAUNGRu95qBG","privKey":"wFkgI6p2IvrFJCjWd+jJZDd12tbfqUlGmR7jlPpOhmA="},"lastRemoteEphemeralKey":"BWdgq7LwCMJT5b1WfEevqPNDpzsGSEtNnqVYSgNx3i1j","previousCounter":1,"rootKey":"4VhHolGCTMb/2lBqMzy2P62ZSa0rOTYXvYKYuvOWwNk="},"indexInfo":{"baseKey":"BRFXQum6oAaT/v0QxUzdQ9SqxjpCwM1UbX2BpwdKPxBg","baseKeyType":2,"closed":-1,"used":1691422643168,"created":1691372054353,"remoteIdentityKey":"BenpiEOuRsPY4aMJEBHra9us2w11EezNtT4ACrYjXmUL"},"_chains":{"BSZUF6ouspC/dBtgmunjgh8JCd5F7F3tdt8TyWL/yr5W":{"chainKey":{"counter":0},"chainType":2,"messageKeys":{}},"Bdbqel8cAcLni+jBSoQkDQ7YQT1g5daHiOdgHJsV+zht":{"chainKey":{"counter":2},"chainType":2,"messageKeys":{}},"Be9kR8zqHXh/PHMSkO4h93DobunD4ME4uYF8DtJBdWsd":{"chainKey":{"counter":0},"chainType":2,"messageKeys":{}},"BZw5v20LphtycdcEvbRmCthhnYC/ZDgBSBhtTn0xKNNo":{"chainKey":{"counter":1},"chainType":2,"messageKeys":{}},"BUhDG0i49ugyh7mL+ePY2OCCGpnfCqRkTdyDhGWSxQNS":{"chainKey":{"counter":0},"chainType":2,"messageKeys":{}},"BYnYzQ2e5/2dSJmKzLiDTK0z30RzzijWvfS+XyL+n6g2":{"chainKey":{"counter":3},"chainType":2,"messageKeys":{}},"BfaNwXU/vygLx3opoYtf4v3nvQ3MCQNZ8sxvi0UUPPBV":{"chainKey":{"counter":0},"chainType":2,"messageKeys":{}},"BWhGMpYrtHNunyWYmjsDtyOKfOFjUvru+DgqG3qBV31/":{"chainKey":{"counter":2},"chainType":2,"messageKeys":{}},"Bdkt9ehBYLwgQTd5dkgETSverv8DS3/CeSG/PNs52CZy":{"chainKey":{"counter":0},"chainType":2,"messageKeys":{}},"BRZxvqD/zcJO57cRdUBWsveia9Z/mnXedHPcexV/X80C":{"chainKey":{"counter":0},"chainType":2,"messageKeys":{}},"BWdgq7LwCMJT5b1WfEevqPNDpzsGSEtNnqVYSgNx3i1j":{"chainKey":{"counter":0,"key":"XoKnZHrWlCEkepmeuWvCHqcnP9XD73nZIf4jDn7BaeA="},"chainType":2,"messageKeys":{}},"BZHUYBdjEJ9W3M2cJM/sW0zLMuwfTt7FrAUNGRu95qBG":{"chainKey":{"counter":-1,"key":"8DAiO5V9P7fylG7+EQjlmcSfA4oMSB1fMoBO6otdtTI="},"chainType":1,"messageKeys":{}}}}},"version":"v1"}