{"_sessions":{"BXcJ5dS3/MJ0sRvOSIE7snXd9ipzz1NuCiO+PHKYqrUv":{"registrationId":734393760,"currentRatchet":{"ephemeralKeyPair":{"pubKey":"BTdkb/7SiU5M/7/pRMvdsN16K5RnOwS5kBHuxJ4rbgBS","privKey":"iOy9MXszNEg1AcKe+RFJO8ie5qsLeifTbqn+B7ZdzGc="},"lastRemoteEphemeralKey":"BYw6zKYyUppEXc1NZpXAaAfrCMB3b60xHySnJzddhAQd","previousCounter":0,"rootKey":"WF5Sd25JxZHQlYzMRtgMclRsYi7QAt6KbGePPR0DbyQ="},"indexInfo":{"baseKey":"BXcJ5dS3/MJ0sRvOSIE7snXd9ipzz1NuCiO+PHKYqrUv","baseKeyType":1,"closed":-1,"used":1691247624225,"created":1691247624225,"remoteIdentityKey":"BYfU/5JMtrPWiVPORK7TktxtdZXrF2/4qnn0ZO/x9C1q"},"_chains":{"BTdkb/7SiU5M/7/pRMvdsN16K5RnOwS5kBHuxJ4rbgBS":{"chainKey":{"counter":0,"key":"9bh9D6hvp+wkrh1L/fEuwlVBjCtkQew4xSvUOijd8kY="},"chainType":1,"messageKeys":{}}},"pendingPreKey":{"signedKeyId":1,"baseKey":"BXcJ5dS3/MJ0sRvOSIE7snXd9ipzz1NuCiO+PHKYqrUv","preKeyId":14541635}}},"version":"v1"}