{"_sessions":{"BZx4+76gnICESjjH81xcCRIE4/iiwR/Re0SMSvjO/20u":{"registrationId":298844712,"currentRatchet":{"ephemeralKeyPair":{"pubKey":"BbdKm1huuOv/LVgiT/lhO97Ax/v4xJff888PGXnWbgtc","privKey":"GNpgpTxwGFeWHxw9gZe2zeaL95PrmCU5jNaGZ7q5JXY="},"lastRemoteEphemeralKey":"BVQF9lpQpOOjOMDEYQTz3RQRyqu437Jq9/g/6qVT9EF9","previousCounter":0,"rootKey":"fU6JXL1YlS68ms1FOmJG9XjVzMR0+/kBkmclhEXcqAk="},"indexInfo":{"baseKey":"BZx4+76gnICESjjH81xcCRIE4/iiwR/Re0SMSvjO/20u","baseKeyType":1,"closed":1691972343391,"used":1691372056981,"created":1691372056981,"remoteIdentityKey":"BWzV+CXGJSXpNTWTmcp0lWIsUMxbh260gvv/uMhq5LRB"},"_chains":{"BbdKm1huuOv/LVgiT/lhO97Ax/v4xJff888PGXnWbgtc":{"chainKey":{"counter":1,"key":"OKt7tzcn/jNkJ8DSIYjZcWdcpfqGemjxNXavbA6jtTU="},"chainType":1,"messageKeys":{}}},"pendingPreKey":{"signedKeyId":0,"baseKey":"BZx4+76gnICESjjH81xcCRIE4/iiwR/Re0SMSvjO/20u","preKeyId":8080552}},"BWXKyPfHd95+9meOlInIJtEc2dZp1y7sjufyGeFcmQA6":{"registrationId":1931433293,"currentRatchet":{"ephemeralKeyPair":{"pubKey":"BTcnuIcMtd1qNyUdcT/zd+MZrF9wFtR3xM67YUy416Vr","privKey":"0AN/fo+aKeD73ocNqZWGYLbvGAlo4TUsuLA6mb+bH0Q="},"lastRemoteEphemeralKey":"BTssieY+kWzgoNqZUmMz7WhA6I11uasYX/b9DEvcDtRR","previousCounter":0,"rootKey":"EMCwAmriYFvHtu2TMAQo8vy01w8HDyz2Zq3TKnzYrvk="},"indexInfo":{"baseKey":"BWXKyPfHd95+9meOlInIJtEc2dZp1y7sjufyGeFcmQA6","baseKeyType":1,"closed":1691972343801,"used":1691972343376,"created":1691972343376,"remoteIdentityKey":"BfarGhHrYrAGS2QyKze4RA0j0inb2l5/wzj2XvJrg6sn"},"_chains":{"BTcnuIcMtd1qNyUdcT/zd+MZrF9wFtR3xM67YUy416Vr":{"chainKey":{"counter":-1,"key":"UWpfl9+DpgizI0Op2y2peZpvfDwt69CP3kjttaylY40="},"chainType":1,"messageKeys":{}}},"pendingPreKey":{"signedKeyId":2,"baseKey":"BWXKyPfHd95+9meOlInIJtEc2dZp1y7sjufyGeFcmQA6","preKeyId":11454925}},"BXB4dNu19c8G/dm5esBk+kDNvjYk9nDzpusSuGvUs+cf":{"registrationId":1931433293,"currentRatchet":{"ephemeralKeyPair":{"pubKey":"BTVUKZ8G1fYMRAdHsozWpaLV6dPKEsBYORUmWhn6o0hu","privKey":"6LZMhs59u7SEhy+9riXt346OqH604xSAuu52n39D2FQ="},"lastRemoteEphemeralKey":"BTssieY+kWzgoNqZUmMz7WhA6I11uasYX/b9DEvcDtRR","previousCounter":0,"rootKey":"Hufy4PkzlcIYXRCrxTSv7G0VARqpuUgXY9riXrXAhiU="},"indexInfo":{"baseKey":"BXB4dNu19c8G/dm5esBk+kDNvjYk9nDzpusSuGvUs+cf","baseKeyType":1,"closed":1691972344238,"used":1691972343789,"created":1691972343789,"remoteIdentityKey":"BfarGhHrYrAGS2QyKze4RA0j0inb2l5/wzj2XvJrg6sn"},"_chains":{"BTVUKZ8G1fYMRAdHsozWpaLV6dPKEsBYORUmWhn6o0hu":{"chainKey":{"counter":-1,"key":"6W9HVmBPbqTP257vzGuA8lh4xVS6qSM6WaHGxg2tdp4="},"chainType":1,"messageKeys":{}}},"pendingPreKey":{"signedKeyId":2,"baseKey":"BXB4dNu19c8G/dm5esBk+kDNvjYk9nDzpusSuGvUs+cf","preKeyId":11455701}},"BUxudXLYErYHeByWJwzC+8Usw4arqO6KqITZoTLauN1N":{"registrationId":1931433293,"currentRatchet":{"ephemeralKeyPair":{"pubKey":"BSX2Bs5JP71Sx3R52cabHebc0hi90re4U+FcizKIcgxQ","privKey":"kHjfutz98fy1MHEXyV+zAIoFPx74ULRCmvoZZAMdgXk="},"lastRemoteEphemeralKey":"BTssieY+kWzgoNqZUmMz7WhA6I11uasYX/b9DEvcDtRR","previousCounter":0,"rootKey":"AtwQU5WY0ruE0lyH4AjfOrL0jv0CdWg2MIaRuh+gAqw="},"indexInfo":{"baseKey":"BUxudXLYErYHeByWJwzC+8Usw4arqO6KqITZoTLauN1N","baseKeyType":1,"closed":1691972344674,"used":1691972344221,"created":1691972344221,"remoteIdentityKey":"BfarGhHrYrAGS2QyKze4RA0j0inb2l5/wzj2XvJrg6sn"},"_chains":{"BSX2Bs5JP71Sx3R52cabHebc0hi90re4U+FcizKIcgxQ":{"chainKey":{"counter":-1,"key":"wt/JXKlc6hJ+rkgU7jR+AvKmjegP1vcREx8zd7o+F8Q="},"chainType":1,"messageKeys":{}}},"pendingPreKey":{"signedKeyId":2,"baseKey":"BUxudXLYErYHeByWJwzC+8Usw4arqO6KqITZoTLauN1N","preKeyId":11454932}},"BdEujHVT9v8LI8Cefp0feLYEwXMt4TFfjEzwo6ExTWI8":{"registrationId":1931433293,"currentRatchet":{"ephemeralKeyPair":{"pubKey":"BSX0U7ldj01ARvEb031yemaYSQ+yW2H69096bDsCNmlH","privKey":"4C4G6nl+cP4QM+I5b9+zSUvxINkGJBZ/2O/qutPZUGI="},"lastRemoteEphemeralKey":"BTssieY+kWzgoNqZUmMz7WhA6I11uasYX/b9DEvcDtRR","previousCounter":0,"rootKey":"Xe8fvgcg9kITWNA+2xoFeNIMo4EnY3Vsn5DhpdECrkA="},"indexInfo":{"baseKey":"BdEujHVT9v8LI8Cefp0feLYEwXMt4TFfjEzwo6ExTWI8","baseKeyType":1,"closed":1691972345152,"used":1691972344667,"created":1691972344666,"remoteIdentityKey":"BfarGhHrYrAGS2QyKze4RA0j0inb2l5/wzj2XvJrg6sn"},"_chains":{"BSX0U7ldj01ARvEb031yemaYSQ+yW2H69096bDsCNmlH":{"chainKey":{"counter":-1,"key":"04kIXK2yL2U5DkD3ABpD34aNfuQEwTGTpwTvAlcrNvY="},"chainType":1,"messageKeys":{}}},"pendingPreKey":{"signedKeyId":2,"baseKey":"BdEujHVT9v8LI8Cefp0feLYEwXMt4TFfjEzwo6ExTWI8","preKeyId":11455697}},"BWvHUkkMKKTxItgXtO1rfNV0tUqj4qH+ExyNNOLhtTEM":{"registrationId":1931433293,"currentRatchet":{"ephemeralKeyPair":{"pubKey":"BZRIcel0YQvgLeZKIsOzrPew70Wpg5kbkXwN8Vekw1Zl","privKey":"eOIkGKMgS24W/eb5FZggzixXrbW29lbPbx3LvTQe0kU="},"lastRemoteEphemeralKey":"BTssieY+kWzgoNqZUmMz7WhA6I11uasYX/b9DEvcDtRR","previousCounter":0,"rootKey":"NITvaPAbtE4rL9DFfDX7M2Vxw1fRJSKQJFoQriWtI64="},"indexInfo":{"baseKey":"BWvHUkkMKKTxItgXtO1rfNV0tUqj4qH+ExyNNOLhtTEM","baseKeyType":1,"closed":1691972345564,"used":1691972345137,"created":1691972345137,"remoteIdentityKey":"BfarGhHrYrAGS2QyKze4RA0j0inb2l5/wzj2XvJrg6sn"},"_chains":{"BZRIcel0YQvgLeZKIsOzrPew70Wpg5kbkXwN8Vekw1Zl":{"chainKey":{"counter":-1,"key":"mUVZh/Q7IS2l6WCBWuCnJl4s9ZLvFvJKGyREXWwZL0U="},"chainType":1,"messageKeys":{}}},"pendingPreKey":{"signedKeyId":2,"baseKey":"BWvHUkkMKKTxItgXtO1rfNV0tUqj4qH+ExyNNOLhtTEM","preKeyId":11455722}},"BZaftV+QXvAJdPbwgCUoHtPXgt5V5D8DW4B00I8y/D1s":{"registrationId":1931433293,"currentRatchet":{"ephemeralKeyPair":{"pubKey":"BdSPJstyqfIlH7beDTsdJAzc5KfUN0XBMkhW08GvDIlk","privKey":"QE6iWpRU/vo7zfj8LePFmfQZcszQqx16M2AGf5E5cHs="},"lastRemoteEphemeralKey":"BTssieY+kWzgoNqZUmMz7WhA6I11uasYX/b9DEvcDtRR","previousCounter":0,"rootKey":"7SbxMhpdRkCd4Ch9vx9lA9/q3aAiTw+fFNijTwmG3Ys="},"indexInfo":{"baseKey":"BZaftV+QXvAJdPbwgCUoHtPXgt5V5D8DW4B00I8y/D1s","baseKeyType":1,"closed":1691972345992,"used":1691972345554,"created":1691972345554,"remoteIdentityKey":"BfarGhHrYrAGS2QyKze4RA0j0inb2l5/wzj2XvJrg6sn"},"_chains":{"BdSPJstyqfIlH7beDTsdJAzc5KfUN0XBMkhW08GvDIlk":{"chainKey":{"counter":-1,"key":"SFrMT6wIb8qYEacUMWUfDMNhXCdtYOkgAss22swTQYA="},"chainType":1,"messageKeys":{}}},"pendingPreKey":{"signedKeyId":2,"baseKey":"BZaftV+QXvAJdPbwgCUoHtPXgt5V5D8DW4B00I8y/D1s","preKeyId":11455635}},"BSowv1c94jljTuWy73w7p7NK5ENWShaVjSeG+9E+g9xF":{"registrationId":1931433293,"currentRatchet":{"ephemeralKeyPair":{"pubKey":"BUvfgK+23DDWXq3DcGUu/d0CYpMte8RIhCwCXN5xqQde","privKey":"cB26hjxdGK+VvjD4Lwsf7JldsNUpmbXHHoFpfYGA+Vs="},"lastRemoteEphemeralKey":"BTssieY+kWzgoNqZUmMz7WhA6I11uasYX/b9DEvcDtRR","previousCounter":0,"rootKey":"GUr0+zzyyX6pQhj+/gAGamKmC7uGMb8WZWIyTqACEkY="},"indexInfo":{"baseKey":"BSowv1c94jljTuWy73w7p7NK5ENWShaVjSeG+9E+g9xF","baseKeyType":1,"closed":1691972346398,"used":1691972345980,"created":1691972345980,"remoteIdentityKey":"BfarGhHrYrAGS2QyKze4RA0j0inb2l5/wzj2XvJrg6sn"},"_chains":{"BUvfgK+23DDWXq3DcGUu/d0CYpMte8RIhCwCXN5xqQde":{"chainKey":{"counter":-1,"key":"egLEl3qft5VgtFNEsAIZ/t8Ort1BpOMIohTl8yM/ruI="},"chainType":1,"messageKeys":{}}},"pendingPreKey":{"signedKeyId":2,"baseKey":"BSowv1c94jljTuWy73w7p7NK5ENWShaVjSeG+9E+g9xF","preKeyId":11455010}},"BX4iwAYws0SuFMMrhG1SwRiLjiaf9mIAEqXjxl3mPbMv":{"registrationId":1931433293,"currentRatchet":{"ephemeralKeyPair":{"pubKey":"BX4g7pl6q1impOgBRh8RsOOLf1LXjU2jYO2zQ5DgjRE6","privKey":"wLIkXN7FCKtqYOOOT4zOf9IrWVBAms5uPkElFG1/8X4="},"lastRemoteEphemeralKey":"BTssieY+kWzgoNqZUmMz7WhA6I11uasYX/b9DEvcDtRR","previousCounter":0,"rootKey":"Y6g3Nto0OIO22HSgIwl5JTJdKDcapuc6RCsX+cpwqxI="},"indexInfo":{"baseKey":"BX4iwAYws0SuFMMrhG1SwRiLjiaf9mIAEqXjxl3mPbMv","baseKeyType":1,"closed":1691972346818,"used":1691972346388,"created":1691972346388,"remoteIdentityKey":"BfarGhHrYrAGS2QyKze4RA0j0inb2l5/wzj2XvJrg6sn"},"_chains":{"BX4g7pl6q1impOgBRh8RsOOLf1LXjU2jYO2zQ5DgjRE6":{"chainKey":{"counter":-1,"key":"BcwKNo1JwPPuCaJjhEJG1LGauG9IvgW0GZnzjyPCDMk="},"chainType":1,"messageKeys":{}}},"pendingPreKey":{"signedKeyId":2,"baseKey":"BX4iwAYws0SuFMMrhG1SwRiLjiaf9mIAEqXjxl3mPbMv","preKeyId":11455711}},"BYQMY3iqvp0q7bajpKYLk4BvIv6XSNl6/xA875Tj+XYu":{"registrationId":1931433293,"currentRatchet":{"ephemeralKeyPair":{"pubKey":"BVOVOhy/DRF++UIB8HeQB/NGQTpxJf/Q2AmkCqNUu8Ni","privKey":"oA6N3IX1jmp+3i4x0m4UhCzHxcXMR3ehNhb/YLtyWE4="},"lastRemoteEphemeralKey":"BTssieY+kWzgoNqZUmMz7WhA6I11uasYX/b9DEvcDtRR","previousCounter":0,"rootKey":"kGbSR4PoZ3V2Sc2wuh2Uw8afNrsPcKbL8sf/s8NcH9k="},"indexInfo":{"baseKey":"BYQMY3iqvp0q7bajpKYLk4BvIv6XSNl6/xA875Tj+XYu","baseKeyType":1,"closed":1691972347237,"used":1691972346809,"created":1691972346809,"remoteIdentityKey":"BfarGhHrYrAGS2QyKze4RA0j0inb2l5/wzj2XvJrg6sn"},"_chains":{"BVOVOhy/DRF++UIB8HeQB/NGQTpxJf/Q2AmkCqNUu8Ni":{"chainKey":{"counter":-1,"key":"nBTRvUhtChl1nwlmvPyp2OUYOWj8AiZnt9G3kbUYRDA="},"chainType":1,"messageKeys":{}}},"pendingPreKey":{"signedKeyId":2,"baseKey":"BYQMY3iqvp0q7bajpKYLk4BvIv6XSNl6/xA875Tj+XYu","preKeyId":11455683}},"BRiHqJKVqIoUCbMhSuFhu301woSXpX54v8aSmLSEgSot":{"registrationId":1931433293,"currentRatchet":{"ephemeralKeyPair":{"pubKey":"BXtYmJrM/mD4pkrgsYtEGkJi0GIbJhE+HWfXuuOTka8A","privKey":"IF9+Ks1UqT/lLpDxIH47V/5BsgX9l8xWQ/HvggQgGUM="},"lastRemoteEphemeralKey":"BTssieY+kWzgoNqZUmMz7WhA6I11uasYX/b9DEvcDtRR","previousCounter":0,"rootKey":"AfVZdmKzRzYyvVXolpVW0vRQtaTPDsA+W9Zqvfc4igs="},"indexInfo":{"baseKey":"BRiHqJKVqIoUCbMhSuFhu301woSXpX54v8aSmLSEgSot","baseKeyType":1,"closed":1691972347670,"used":1691972347228,"created":1691972347228,"remoteIdentityKey":"BfarGhHrYrAGS2QyKze4RA0j0inb2l5/wzj2XvJrg6sn"},"_chains":{"BXtYmJrM/mD4pkrgsYtEGkJi0GIbJhE+HWfXuuOTka8A":{"chainKey":{"counter":-1,"key":"j8pE25J4aJHUZyYwmMqdreGCSgCSDDL4hmqTgjqIGSg="},"chainType":1,"messageKeys":{}}},"pendingPreKey":{"signedKeyId":2,"baseKey":"BRiHqJKVqIoUCbMhSuFhu301woSXpX54v8aSmLSEgSot","preKeyId":11454980}},"BWzpWOOBHMeofL2dkfV1tCxbI9PVmgsaedeMQg3o9B1f":{"registrationId":1931433293,"currentRatchet":{"ephemeralKeyPair":{"pubKey":"BX964ong3idXbw+lj84nDI8EIR5FizUdYPejMp2zL9QB","privKey":"6DtMpD9JfA2cxKXgWGZBz6YnDIInClO9jRlRia0FeVA="},"lastRemoteEphemeralKey":"BTssieY+kWzgoNqZUmMz7WhA6I11uasYX/b9DEvcDtRR","previousCounter":0,"rootKey":"y3iuf9YglixW5AKYMR5Bb1hYXaRkG5uqtbKnizu2f1Q="},"indexInfo":{"baseKey":"BWzpWOOBHMeofL2dkfV1tCxbI9PVmgsaedeMQg3o9B1f","baseKeyType":1,"closed":1691972348076,"used":1691972347660,"created":1691972347660,"remoteIdentityKey":"BfarGhHrYrAGS2QyKze4RA0j0inb2l5/wzj2XvJrg6sn"},"_chains":{"BX964ong3idXbw+lj84nDI8EIR5FizUdYPejMp2zL9QB":{"chainKey":{"counter":-1,"key":"wqQPzsQ9jwFBG2ezkwAIk0PyUoh9TBnej5m8G/McEvA="},"chainType":1,"messageKeys":{}}},"pendingPreKey":{"signedKeyId":2,"baseKey":"BWzpWOOBHMeofL2dkfV1tCxbI9PVmgsaedeMQg3o9B1f","preKeyId":11454937}},"BfmpuoID/BYXeNbamPuX1/dp6OcLR5mphZLxCep+fnk6":{"registrationId":1931433293,"currentRatchet":{"ephemeralKeyPair":{"pubKey":"BRpmVWC26WE+nEWSHSlfyyll3q+ujXgAaviaJWUYclFZ","privKey":"MOY0emhn3884R/1zE9jI5iiWF0NhyFktn/6dpo7T8mw="},"lastRemoteEphemeralKey":"BTssieY+kWzgoNqZUmMz7WhA6I11uasYX/b9DEvcDtRR","previousCounter":0,"rootKey":"wbTx7+no+/2p/jGBQIrpBhawyNsUpBSp6cQjy1rDatg="},"indexInfo":{"baseKey":"BfmpuoID/BYXeNbamPuX1/dp6OcLR5mphZLxCep+fnk6","baseKeyType":1,"closed":1691972348498,"used":1691972348067,"created":1691972348067,"remoteIdentityKey":"BfarGhHrYrAGS2QyKze4RA0j0inb2l5/wzj2XvJrg6sn"},"_chains":{"BRpmVWC26WE+nEWSHSlfyyll3q+ujXgAaviaJWUYclFZ":{"chainKey":{"counter":-1,"key":"oqDoS6H7yaVwHu3jpRJAPDY7wkSwXcel7SR18bgt754="},"chainType":1,"messageKeys":{}}},"pendingPreKey":{"signedKeyId":2,"baseKey":"BfmpuoID/BYXeNbamPuX1/dp6OcLR5mphZLxCep+fnk6","preKeyId":11455700}},"BaZLf8JAW+ih7sIAkH1U8aqHRvABeZ9zDjoliJ/lrGMu":{"registrationId":1931433293,"currentRatchet":{"ephemeralKeyPair":{"pubKey":"BbVxhIlEeqCPvLBCIiOxhhwklU7hcDJ2uD9qR43m+RdW","privKey":"IHT3Pl1nMcuG+s8WbAY3d6A5p05wn5Hra7fgt7gEI04="},"lastRemoteEphemeralKey":"BTssieY+kWzgoNqZUmMz7WhA6I11uasYX/b9DEvcDtRR","previousCounter":0,"rootKey":"z8esVjyjRVs/GSI/N/ZOXZaN/MLTiFmt5lZd0OxlbsE="},"indexInfo":{"baseKey":"BaZLf8JAW+ih7sIAkH1U8aqHRvABeZ9zDjoliJ/lrGMu","baseKeyType":1,"closed":1691972348918,"used":1691972348488,"created":1691972348488,"remoteIdentityKey":"BfarGhHrYrAGS2QyKze4RA0j0inb2l5/wzj2XvJrg6sn"},"_chains":{"BbVxhIlEeqCPvLBCIiOxhhwklU7hcDJ2uD9qR43m+RdW":{"chainKey":{"counter":-1,"key":"KnIoKDKBuo94CsMFumI07xOqNefcq0fTGC2RCNwBc+0="},"chainType":1,"messageKeys":{}}},"pendingPreKey":{"signedKeyId":2,"baseKey":"BaZLf8JAW+ih7sIAkH1U8aqHRvABeZ9zDjoliJ/lrGMu","preKeyId":11455667}},"BbVD3FIEWa/zSLXbW5hrsZUOOASTXuDGvvvaXGlysFxC":{"registrationId":1931433293,"currentRatchet":{"ephemeralKeyPair":{"pubKey":"BbgETtTzdTZS2CAU7aGAt/SLjnwwFyowRVY2hMlSp4As","privKey":"YDFlZN2I2zFNV0IR5kUgwLQOuWp4/U5F/5a0dpC7rlc="},"lastRemoteEphemeralKey":"BTssieY+kWzgoNqZUmMz7WhA6I11uasYX/b9DEvcDtRR","previousCounter":0,"rootKey":"AKUzgolYQvtYOUnvV3UXnZA/brE8FahM3MFcmVuTFqA="},"indexInfo":{"baseKey":"BbVD3FIEWa/zSLXbW5hrsZUOOASTXuDGvvvaXGlysFxC","baseKeyType":1,"closed":1691972349408,"used":1691972348908,"created":1691972348908,"remoteIdentityKey":"BfarGhHrYrAGS2QyKze4RA0j0inb2l5/wzj2XvJrg6sn"},"_chains":{"BbgETtTzdTZS2CAU7aGAt/SLjnwwFyowRVY2hMlSp4As":{"chainKey":{"counter":-1,"key":"htwp94vFIERnyrSk7HH4Dcxdh6p3h8VYpzlxzL+lyY8="},"chainType":1,"messageKeys":{}}},"pendingPreKey":{"signedKeyId":2,"baseKey":"BbVD3FIEWa/zSLXbW5hrsZUOOASTXuDGvvvaXGlysFxC","preKeyId":11455648}},"BfNnJWApfdJ0i+CYZU1CiKbr+trhcdq3zSFcTe71+lV8":{"registrationId":1931433293,"currentRatchet":{"ephemeralKeyPair":{"pubKey":"BR8vJJe7UQ6RkYKKAqex34RTUFfLctBBYZFa42uU3Rgi","privKey":"eI3/1++7Ra/JKmgqxw2d40h85T5SbzockWvh/5ztE2o="},"lastRemoteEphemeralKey":"BTssieY+kWzgoNqZUmMz7WhA6I11uasYX/b9DEvcDtRR","previousCounter":0,"rootKey":"Yu0wJyagBlt3cCtzmr4WR2lmA/5plMhYI8X/c00vzY8="},"indexInfo":{"baseKey":"BfNnJWApfdJ0i+CYZU1CiKbr+trhcdq3zSFcTe71+lV8","baseKeyType":1,"closed":1691972349881,"used":1691972349398,"created":1691972349398,"remoteIdentityKey":"BfarGhHrYrAGS2QyKze4RA0j0inb2l5/wzj2XvJrg6sn"},"_chains":{"BR8vJJe7UQ6RkYKKAqex34RTUFfLctBBYZFa42uU3Rgi":{"chainKey":{"counter":-1,"key":"Fmfow0JAS2slOZ07hDtvHpWwdwIvEys7zwYiU7juMT4="},"chainType":1,"messageKeys":{}}},"pendingPreKey":{"signedKeyId":2,"baseKey":"BfNnJWApfdJ0i+CYZU1CiKbr+trhcdq3zSFcTe71+lV8","preKeyId":11454947}},"BTBO2EwKYt5WEYAJXhh6axOcLLRaufajPWl0EAWjusE6":{"registrationId":1931433293,"currentRatchet":{"ephemeralKeyPair":{"pubKey":"BaSaYWUTTC0vIuImw55MEH8ckqK3CRmohg1z51z14zUi","privKey":"aKoWVePtaDIoqi28ZAIfpq3E/+Ayp57eWhRmRAksW2U="},"lastRemoteEphemeralKey":"BTssieY+kWzgoNqZUmMz7WhA6I11uasYX/b9DEvcDtRR","previousCounter":0,"rootKey":"hYKS6IOxP69cFTInbg0quuk01w4AfY/5JbT0TnG15iE="},"indexInfo":{"baseKey":"BTBO2EwKYt5WEYAJXhh6axOcLLRaufajPWl0EAWjusE6","baseKeyType":1,"closed":1691972350385,"used":1691972349870,"created":1691972349870,"remoteIdentityKey":"BfarGhHrYrAGS2QyKze4RA0j0inb2l5/wzj2XvJrg6sn"},"_chains":{"BaSaYWUTTC0vIuImw55MEH8ckqK3CRmohg1z51z14zUi":{"chainKey":{"counter":-1,"key":"SAs2CY8pzIsueSRWZ1bRxjYV8jyMfH797orK6oEWjLk="},"chainType":1,"messageKeys":{}}},"pendingPreKey":{"signedKeyId":2,"baseKey":"BTBO2EwKYt5WEYAJXhh6axOcLLRaufajPWl0EAWjusE6","preKeyId":11455724}},"BSErrfzhIIaG4fxiUTYfpioNKU7WIJlSi+Rl8C9uABgI":{"registrationId":1931433293,"currentRatchet":{"ephemeralKeyPair":{"pubKey":"BRx1eVsVuXCkiicbVNjeJEbMt1Kkp3B77u/muFaARgNa","privKey":"yBC2w+BiCPuvdNRF/UGrM6bdeEgBREWVRPjlyTm4ZEI="},"lastRemoteEphemeralKey":"BTssieY+kWzgoNqZUmMz7WhA6I11uasYX/b9DEvcDtRR","previousCounter":0,"rootKey":"aXWJ1Xo668GyKBbDlQ1IPDCIr3HgRNbbooAmQvcB+QI="},"indexInfo":{"baseKey":"BSErrfzhIIaG4fxiUTYfpioNKU7WIJlSi+Rl8C9uABgI","baseKeyType":1,"closed":1691972350809,"used":1691972350374,"created":1691972350374,"remoteIdentityKey":"BfarGhHrYrAGS2QyKze4RA0j0inb2l5/wzj2XvJrg6sn"},"_chains":{"BRx1eVsVuXCkiicbVNjeJEbMt1Kkp3B77u/muFaARgNa":{"chainKey":{"counter":-1,"key":"+1fogIWU5S+t8XvSyBUYf7IuZgHO4xjtZkulIMWAk3M="},"chainType":1,"messageKeys":{}}},"pendingPreKey":{"signedKeyId":2,"baseKey":"BSErrfzhIIaG4fxiUTYfpioNKU7WIJlSi+Rl8C9uABgI","preKeyId":11455625}},"BfEs41J01uYVh7LJg8Uq2EUQAZ78bdbjHNhN/7y+dDRC":{"registrationId":1931433293,"currentRatchet":{"ephemeralKeyPair":{"pubKey":"BYStJbCIj5Br0ub0rha+DOUipRXfrDFly8a3e5jw6RFC","privKey":"YO0vx6FW40dhXSX4jQI6RTHbznA8kjMR87D1y9SZzkw="},"lastRemoteEphemeralKey":"BTssieY+kWzgoNqZUmMz7WhA6I11uasYX/b9DEvcDtRR","previousCounter":0,"rootKey":"GmQZadUAGYj7Utsv9OL44UisGG29Yotvm8Pg2iw9LdM="},"indexInfo":{"baseKey":"BfEs41J01uYVh7LJg8Uq2EUQAZ78bdbjHNhN/7y+dDRC","baseKeyType":1,"closed":1691972351278,"used":1691972350798,"created":1691972350798,"remoteIdentityKey":"BfarGhHrYrAGS2QyKze4RA0j0inb2l5/wzj2XvJrg6sn"},"_chains":{"BYStJbCIj5Br0ub0rha+DOUipRXfrDFly8a3e5jw6RFC":{"chainKey":{"counter":-1,"key":"q+AloSa8pAAGAvHCvKy1QKV8pYy4ZzjHYWApr6SRr2s="},"chainType":1,"messageKeys":{}}},"pendingPreKey":{"signedKeyId":2,"baseKey":"BfEs41J01uYVh7LJg8Uq2EUQAZ78bdbjHNhN/7y+dDRC","preKeyId":11455706}},"BUsd/EutpKprTChvRsGqILUmbDrZeeszX7rHtGGSOaFd":{"registrationId":1931433293,"currentRatchet":{"ephemeralKeyPair":{"pubKey":"BXmokVb2oF1t7v+ieNWiYBJS3kPa7kV8mHI8BOW2FSUv","privKey":"4OL2TQNQJsB8M6Ux/MfNJ6m+4HVIv/moCg6rLfnoAFQ="},"lastRemoteEphemeralKey":"BTssieY+kWzgoNqZUmMz7WhA6I11uasYX/b9DEvcDtRR","previousCounter":0,"rootKey":"FXZjwKr0Oc5k2IPR0FQuyJ5y49EfwKXsgcuyLE9lj0g="},"indexInfo":{"baseKey":"BUsd/EutpKprTChvRsGqILUmbDrZeeszX7rHtGGSOaFd","baseKeyType":1,"closed":1691972351694,"used":1691972351266,"created":1691972351266,"remoteIdentityKey":"BfarGhHrYrAGS2QyKze4RA0j0inb2l5/wzj2XvJrg6sn"},"_chains":{"BXmokVb2oF1t7v+ieNWiYBJS3kPa7kV8mHI8BOW2FSUv":{"chainKey":{"counter":-1,"key":"P60SjLxTRpghwbcQuHg/ThL97RZvMHlPXUULQxKO8Rc="},"chainType":1,"messageKeys":{}}},"pendingPreKey":{"signedKeyId":2,"baseKey":"BUsd/EutpKprTChvRsGqILUmbDrZeeszX7rHtGGSOaFd","preKeyId":11454942}},"BdBkDx7KQTSz88U7rP/WiyIpolLshZL/kwYfg97v0AkD":{"registrationId":1931433293,"currentRatchet":{"ephemeralKeyPair":{"pubKey":"Bd2HH5+nZ2BcEbWjIGpRetHreO6EdIP0R9VqTCrXCR18","privKey":"wNiZs3HladVERmyxPg5B6Q04k48w46Y/QwyvTNsmqH0="},"lastRemoteEphemeralKey":"BTssieY+kWzgoNqZUmMz7WhA6I11uasYX/b9DEvcDtRR","previousCounter":0,"rootKey":"tq+jQl+6J907+v8FUQC/sSA/Ia6er+Wy2wIydZ3Kfxs="},"indexInfo":{"baseKey":"BdBkDx7KQTSz88U7rP/WiyIpolLshZL/kwYfg97v0AkD","baseKeyType":1,"closed":1691972352113,"used":1691972351681,"created":1691972351681,"remoteIdentityKey":"BfarGhHrYrAGS2QyKze4RA0j0inb2l5/wzj2XvJrg6sn"},"_chains":{"Bd2HH5+nZ2BcEbWjIGpRetHreO6EdIP0R9VqTCrXCR18":{"chainKey":{"counter":-1,"key":"uS8K5bFKrEBmVKGzqc6ym5aut7oI6VEIL/ig3dNkhzM="},"chainType":1,"messageKeys":{}}},"pendingPreKey":{"signedKeyId":2,"baseKey":"BdBkDx7KQTSz88U7rP/WiyIpolLshZL/kwYfg97v0AkD","preKeyId":11454973}},"BYYxnW58VXBPXi9PBucz1mKo7fzwnRr1+CRSILpS36wK":{"registrationId":1931433293,"currentRatchet":{"ephemeralKeyPair":{"pubKey":"BfUrCmMaRGs4U7VnHe1KAbnbcRYfM4sWzAp6dIFQpmtN","privKey":"yOHLFoSkm+608YXvple14ETSh8/RJMJqpipkEOFRyGk="},"lastRemoteEphemeralKey":"BTssieY+kWzgoNqZUmMz7WhA6I11uasYX/b9DEvcDtRR","previousCounter":0,"rootKey":"JnezGAux/XRPuT1Lo6OLb6mg1T1gY0xXn1I0cvCDTaA="},"indexInfo":{"baseKey":"BYYxnW58VXBPXi9PBucz1mKo7fzwnRr1+CRSILpS36wK","baseKeyType":1,"closed":1691972352544,"used":1691972352099,"created":1691972352099,"remoteIdentityKey":"BfarGhHrYrAGS2QyKze4RA0j0inb2l5/wzj2XvJrg6sn"},"_chains":{"BfUrCmMaRGs4U7VnHe1KAbnbcRYfM4sWzAp6dIFQpmtN":{"chainKey":{"counter":-1,"key":"QouKctUqyb+ITrPVOuUwJyAA3c0LK3rXWEp7XdqyAjI="},"chainType":1,"messageKeys":{}}},"pendingPreKey":{"signedKeyId":2,"baseKey":"BYYxnW58VXBPXi9PBucz1mKo7fzwnRr1+CRSILpS36wK","preKeyId":11454929}},"BTo9Mj2gVYXnA2SIGO9HGDPeKFeCJ7KNrgsXTuADkcgd":{"registrationId":1931433293,"currentRatchet":{"ephemeralKeyPair":{"pubKey":"BUZ0vSxCvIZPog72dEe19kN/eLudKG+b/MUWtiOeN95f","privKey":"MEiTlo9N/GvcldCTTxLF/PhEg09ZAO7isqvZmOkrHFw="},"lastRemoteEphemeralKey":"BTssieY+kWzgoNqZUmMz7WhA6I11uasYX/b9DEvcDtRR","previousCounter":0,"rootKey":"AQ8dkEAieYATFgAZiTeItHtKBUi0JRDiPcqv/Fc+WqA="},"indexInfo":{"baseKey":"BTo9Mj2gVYXnA2SIGO9HGDPeKFeCJ7KNrgsXTuADkcgd","baseKeyType":1,"closed":1691972352962,"used":1691972352532,"created":1691972352532,"remoteIdentityKey":"BfarGhHrYrAGS2QyKze4RA0j0inb2l5/wzj2XvJrg6sn"},"_chains":{"BUZ0vSxCvIZPog72dEe19kN/eLudKG+b/MUWtiOeN95f":{"chainKey":{"counter":-1,"key":"CajqNVX0+i3cwHnoPHDL+Y3QVcmWUTutlG2UT7eqOhY="},"chainType":1,"messageKeys":{}}},"pendingPreKey":{"signedKeyId":2,"baseKey":"BTo9Mj2gVYXnA2SIGO9HGDPeKFeCJ7KNrgsXTuADkcgd","preKeyId":11454910}},"BV6y/DhpzfrY9WRvY9tQ7V9hvEYSbe749t+H6KOjt7Ma":{"registrationId":1931433293,"currentRatchet":{"ephemeralKeyPair":{"pubKey":"BQqYiX2t4twYHpMrBaHaOLG9L+DgPEp092+uWpHqzYZK","privKey":"ICwK1ysVt111dZZerhAYiF97tX/4ZGXwesGmEuarjH4="},"lastRemoteEphemeralKey":"BTssieY+kWzgoNqZUmMz7WhA6I11uasYX/b9DEvcDtRR","previousCounter":0,"rootKey":"htNQ2oaNZ9d8tCSzxTMVBIOEMAxA5UeHXXcIBLeNPA8="},"indexInfo":{"baseKey":"BV6y/DhpzfrY9WRvY9tQ7V9hvEYSbe749t+H6KOjt7Ma","baseKeyType":1,"closed":1691972353425,"used":1691972352949,"created":1691972352949,"remoteIdentityKey":"BfarGhHrYrAGS2QyKze4RA0j0inb2l5/wzj2XvJrg6sn"},"_chains":{"BQqYiX2t4twYHpMrBaHaOLG9L+DgPEp092+uWpHqzYZK":{"chainKey":{"counter":-1,"key":"t5aD63vWoF/x8gNOphm9n8oWO7wIGEE+/JgLnGABMqE="},"chainType":1,"messageKeys":{}}},"pendingPreKey":{"signedKeyId":2,"baseKey":"BV6y/DhpzfrY9WRvY9tQ7V9hvEYSbe749t+H6KOjt7Ma","preKeyId":11454939}},"BWkXTq/EWlIEHVGAF2XU4+farQJarcjQY2VkHJFN0nRg":{"registrationId":1931433293,"currentRatchet":{"ephemeralKeyPair":{"pubKey":"BTiWc41iiP14ZkEUZg8amzAvrjY2dN/oDh6ZFhzYbPN8","privKey":"4IONAawJXoKdOEJSZNipAn31ldO7KGi5hE+VO4OlzHs="},"lastRemoteEphemeralKey":"BTssieY+kWzgoNqZUmMz7WhA6I11uasYX/b9DEvcDtRR","previousCounter":0,"rootKey":"u7q9jkuKBoH8A1ya1kLMJNomsqfal2bM+tV8hjeh69M="},"indexInfo":{"baseKey":"BWkXTq/EWlIEHVGAF2XU4+farQJarcjQY2VkHJFN0nRg","baseKeyType":1,"closed":1691972353841,"used":1691972353411,"created":1691972353410,"remoteIdentityKey":"BfarGhHrYrAGS2QyKze4RA0j0inb2l5/wzj2XvJrg6sn"},"_chains":{"BTiWc41iiP14ZkEUZg8amzAvrjY2dN/oDh6ZFhzYbPN8":{"chainKey":{"counter":-1,"key":"XM3k19+ecHoIBKCcdfET0chUFGStTYhFPj2tgA2FvCs="},"chainType":1,"messageKeys":{}}},"pendingPreKey":{"signedKeyId":2,"baseKey":"BWkXTq/EWlIEHVGAF2XU4+farQJarcjQY2VkHJFN0nRg","preKeyId":11455689}},"BS9PNptI3YyCEAXiyk4GKA59dAuefpJSF/16SsSASxIr":{"registrationId":1931433293,"currentRatchet":{"ephemeralKeyPair":{"pubKey":"BY1P3NkkxtKQmtIcplzYL9p/R8vf+Rpfudhli1B5i6II","privKey":"UIxQA54wPc/ETqE0gQC2wvTSHEWSma6HAR2yw8aQfF4="},"lastRemoteEphemeralKey":"BTssieY+kWzgoNqZUmMz7WhA6I11uasYX/b9DEvcDtRR","previousCounter":0,"rootKey":"pWBdyO/v7POdYup7rBIRTrOhwrm7WdHNaMiVrCAd4f8="},"indexInfo":{"baseKey":"BS9PNptI3YyCEAXiyk4GKA59dAuefpJSF/16SsSASxIr","baseKeyType":1,"closed":1691972354275,"used":1691972353828,"created":1691972353828,"remoteIdentityKey":"BfarGhHrYrAGS2QyKze4RA0j0inb2l5/wzj2XvJrg6sn"},"_chains":{"BY1P3NkkxtKQmtIcplzYL9p/R8vf+Rpfudhli1B5i6II":{"chainKey":{"counter":-1,"key":"Qw/yVj8V1jqeozo9S4VCmaz8ifI6+sWfjf9C/KX/++g="},"chainType":1,"messageKeys":{}}},"pendingPreKey":{"signedKeyId":2,"baseKey":"BS9PNptI3YyCEAXiyk4GKA59dAuefpJSF/16SsSASxIr","preKeyId":11454967}},"BVOy0GMKzCeSkkGZI5XjWkVOWXsRyoWz0rnIIWiNg8ko":{"registrationId":1931433293,"currentRatchet":{"ephemeralKeyPair":{"pubKey":"BVwtDbA6XIxJRgk/h2T6J2Qjntpc6LXIVR7haGc1T95x","privKey":"APtON+1yrOrrB1ABRewn6FQ3jokN/5yMKZmrnHebelc="},"lastRemoteEphemeralKey":"BTssieY+kWzgoNqZUmMz7WhA6I11uasYX/b9DEvcDtRR","previousCounter":0,"rootKey":"mvNShh3OBudVlHT9xizi0Z++aroCne1hfALHQasjmOc="},"indexInfo":{"baseKey":"BVOy0GMKzCeSkkGZI5XjWkVOWXsRyoWz0rnIIWiNg8ko","baseKeyType":1,"closed":1691972354713,"used":1691972354262,"created":1691972354262,"remoteIdentityKey":"BfarGhHrYrAGS2QyKze4RA0j0inb2l5/wzj2XvJrg6sn"},"_chains":{"BVwtDbA6XIxJRgk/h2T6J2Qjntpc6LXIVR7haGc1T95x":{"chainKey":{"counter":-1,"key":"kOxU2cnpmCbk4jvHrYKgRCc4rcUKa6sGOGrSr+cfX2k="},"chainType":1,"messageKeys":{}}},"pendingPreKey":{"signedKeyId":2,"baseKey":"BVOy0GMKzCeSkkGZI5XjWkVOWXsRyoWz0rnIIWiNg8ko","preKeyId":11455632}},"BaDLHStWwKvBBjlyMz7a+zcq347djZG6qoSHAgK+GDR0":{"registrationId":1931433293,"currentRatchet":{"ephemeralKeyPair":{"pubKey":"BR7RRTFS3JNDYmi1oRL/OEK/qDLBsgfX3SSTA6AWYRxK","privKey":"AOO7C2axqVDf18GhAJzt3s32p16Q3QHY+tTfD41ZlEA="},"lastRemoteEphemeralKey":"BTssieY+kWzgoNqZUmMz7WhA6I11uasYX/b9DEvcDtRR","previousCounter":0,"rootKey":"c0nrDAd1mL/Vw6g1XJ5LI3dgOig+svVuJ6yuomA8Um8="},"indexInfo":{"baseKey":"BaDLHStWwKvBBjlyMz7a+zcq347djZG6qoSHAgK+GDR0","baseKeyType":1,"closed":-1,"used":1691972354698,"created":1691972354698,"remoteIdentityKey":"BfarGhHrYrAGS2QyKze4RA0j0inb2l5/wzj2XvJrg6sn"},"_chains":{"BR7RRTFS3JNDYmi1oRL/OEK/qDLBsgfX3SSTA6AWYRxK":{"chainKey":{"counter":0,"key":"DmRb4CPEpfeOv0HANby9g0C8rizQ9ZW2JVc1MFeMAdc="},"chainType":1,"messageKeys":{}}},"pendingPreKey":{"signedKeyId":2,"baseKey":"BaDLHStWwKvBBjlyMz7a+zcq347djZG6qoSHAgK+GDR0","preKeyId":11455006}}},"version":"v1"}