{"_sessions":{"Ba8h6EJ5RkIz7E1oO6oSZJJrkezuvdUmWMEz0fk+RV5o":{"registrationId":2145403841,"currentRatchet":{"ephemeralKeyPair":{"pubKey":"BawTPDwz9ijqqgdwCjBGswqYf3iBB9h4mOzSoRJmeDdc","privKey":"OLMAlxuAcSg0CO4S0jDitenDaEq9hJn3EAeyO9xXf04="},"lastRemoteEphemeralKey":"BSqf+pkPg+AssZaa5Rn3GMpuL2868WnfMVqdVA38a5dm","previousCounter":0,"rootKey":"XcFosWuzz8ggte3uGVqCOxrQXJmi21C9QxkCVyWezN0="},"indexInfo":{"baseKey":"Ba8h6EJ5RkIz7E1oO6oSZJJrkezuvdUmWMEz0fk+RV5o","baseKeyType":1,"closed":-1,"used":1691247624027,"created":1691247624027,"remoteIdentityKey":"BdwTNWUU0jEoaya3UkV4OKSRKhSmLmwZhIhJuYPjkvpr"},"_chains":{"BawTPDwz9ijqqgdwCjBGswqYf3iBB9h4mOzSoRJmeDdc":{"chainKey":{"counter":0,"key":"SGwj7lpHrG/nx1xukUSxCEWb3ojGRh1d8fMeynjdeYQ="},"chainType":1,"messageKeys":{}}},"pendingPreKey":{"signedKeyId":19,"baseKey":"Ba8h6EJ5RkIz7E1oO6oSZJJrkezuvdUmWMEz0fk+RV5o","preKeyId":10096135}}},"version":"v1"}