{"_sessions":{"BS4q6De+dpql9xYNIly6Fj6IDPkez7TaO3Uule4qFwFg":{"registrationId":12234,"currentRatchet":{"ephemeralKeyPair":{"pubKey":"Be7BvxdqhGDHu+yUQPPJl1DzV3VN2fIJQO5Ep8zNzkYT","privKey":"wGlMKk8GgajMVjFxIGQzN2mwR42lmb2pEYA2Rje/iXQ="},"lastRemoteEphemeralKey":"BZrDZqZ4eN9i9hoSrIdK9q3JrlGIgT1lYDwrTF06qzNW","previousCounter":0,"rootKey":"3WsGytAThiDa6/wIirsnnzjEesl0RuGmg1bZI5zDyLs="},"indexInfo":{"baseKey":"BS4q6De+dpql9xYNIly6Fj6IDPkez7TaO3Uule4qFwFg","baseKeyType":1,"closed":-1,"used":1691247623477,"created":1691247623477,"remoteIdentityKey":"BXkkDwvTt2UdkJA28Mn/OYy3++iHcU9uZHctrASgySRh"},"_chains":{"Be7BvxdqhGDHu+yUQPPJl1DzV3VN2fIJQO5Ep8zNzkYT":{"chainKey":{"counter":0,"key":"HTszCrXmIFF3dfn71Me1yCFbY1n6IgF9o5OOkhvqauc="},"chainType":1,"messageKeys":{}}},"pendingPreKey":{"signedKeyId":1,"baseKey":"BS4q6De+dpql9xYNIly6Fj6IDPkez7TaO3Uule4qFwFg","preKeyId":819}}},"version":"v1"}