{"_sessions":{"BcX+t4HDOhWPysL0Z+qDnNrd7VTxcFV5an5P/7bd+/Bo":{"registrationId":1961975043,"currentRatchet":{"ephemeralKeyPair":{"pubKey":"BUEno6PhCIZcFfIqKjppkwloMSKenen0oALXJA0ktv9b","privKey":"GMu8B0NOwjSgYNLnJpJYXfaORHyu3E8HcV5z/Gjjq2E="},"lastRemoteEphemeralKey":"BTWQPmyN4JBeiywq/fjVSU26GYIvC46IlOhPkvNqpO1a","previousCounter":0,"rootKey":"wBEvkMHFGT8aduaQlX+dhuiFZNZTvHGN/E2XswQ+Di8="},"indexInfo":{"baseKey":"BcX+t4HDOhWPysL0Z+qDnNrd7VTxcFV5an5P/7bd+/Bo","baseKeyType":1,"closed":-1,"used":1691247624457,"created":1691247624457,"remoteIdentityKey":"BTWp6RskFcTqmceOSZRf/FoTkLurohuvtJD35pAIKmZT"},"_chains":{"BUEno6PhCIZcFfIqKjppkwloMSKenen0oALXJA0ktv9b":{"chainKey":{"counter":0,"key":"kSV4a45RUmb71iZx1Hnrx32r85nZ/QqjPOcy2zrcZVs="},"chainType":1,"messageKeys":{}}},"pendingPreKey":{"signedKeyId":0,"baseKey":"BcX+t4HDOhWPysL0Z+qDnNrd7VTxcFV5an5P/7bd+/Bo","preKeyId":993736}}},"version":"v1"}