{"_sessions":{"BTb7cZXnznS2way1my6q7997uzAFEOTQFp2dfKBDcK9Q":{"registrationId":1527487991,"currentRatchet":{"ephemeralKeyPair":{"pubKey":"BUvwGduEnlwM+N9VRU00TeODMvhZSBzDZGiThn+hNE9k","privKey":"yGnX53CmMBsJFLE6O5SNfd4sxQbFhkd1B89NkQ3XyX8="},"lastRemoteEphemeralKey":"BR0xpK24VATXIdXHHZKc7WJZtJwMDU2tKO7SIpHGIvlp","previousCounter":0,"rootKey":"qAc0w0IN8ffobvJWtNZHwHyI8FPnFHgiKpeM6jhXBUs="},"indexInfo":{"baseKey":"BTb7cZXnznS2way1my6q7997uzAFEOTQFp2dfKBDcK9Q","baseKeyType":2,"closed":1691999495594,"used":1691999494649,"created":1691999494649,"remoteIdentityKey":"BThkCnUUKp7ecx1o+l+0MakiMxECojQzqxRepQUsnosD"},"_chains":{"BR0xpK24VATXIdXHHZKc7WJZtJwMDU2tKO7SIpHGIvlp":{"chainKey":{"counter":0,"key":"czKqnbaOPbTjaSBpMeoi8xTWmiXxmdb2CFoN4xM58Dk="},"chainType":2,"messageKeys":{}},"BUvwGduEnlwM+N9VRU00TeODMvhZSBzDZGiThn+hNE9k":{"chainKey":{"counter":-1,"key":"vzr9Lh8M9kq2LcmHLTqN1WKS4ddZvWBAsWoFEoy/b48="},"chainType":1,"messageKeys":{}}}},"BRph/UrqGmNuLI6ZaYDNiGjk0DkHwLF3jsrRuNwGMdBK":{"registrationId":1527487991,"currentRatchet":{"ephemeralKeyPair":{"pubKey":"Bb5DdUQH2jWl6A5niTsObm3eWEYf7jPTCX9whxrFgrAr","privKey":"eEuCh+ALb2kt48AuXC/RmylIZlSzU4QJd4dgg+xmU3w="},"lastRemoteEphemeralKey":"BQnitt8LPH4Myj9zepTM9DHsDk1N4G9HAToRrZeFeAYy","previousCounter":0,"rootKey":"o8RLW+KvZq5fohnIbwgqEicf9vVd88Mi8OUhyINwg94="},"indexInfo":{"baseKey":"BRph/UrqGmNuLI6ZaYDNiGjk0DkHwLF3jsrRuNwGMdBK","baseKeyType":2,"closed":-1,"used":1691999495611,"created":1691999495611,"remoteIdentityKey":"BThkCnUUKp7ecx1o+l+0MakiMxECojQzqxRepQUsnosD"},"_chains":{"BQnitt8LPH4Myj9zepTM9DHsDk1N4G9HAToRrZeFeAYy":{"chainKey":{"counter":0,"key":"6GUTlYjC1gwuaJ4pzCwhkslWZ6fg1nsCCj1m0/MMNr8="},"chainType":2,"messageKeys":{}},"Bb5DdUQH2jWl6A5niTsObm3eWEYf7jPTCX9whxrFgrAr":{"chainKey":{"counter":-1,"key":"/Q6wEUVu4ctSoufxCMRmJ9YSLbaZhrPIChcfXo00BlA="},"chainType":1,"messageKeys":{}}}}},"version":"v1"}