{"_sessions":{"BRgI0U9utEzJ5GQJ7z47ddeor2yGDwBusJeFUs7lzv0T":{"registrationId":53,"currentRatchet":{"ephemeralKeyPair":{"pubKey":"Bc+g8AQngMxLTQ20d9OE34cvAwNp5Q9OIYNxeTZTwRQq","privKey":"qMCdp65pOX7Mrx79pPmoLylX4JTBJ5FFeYj+qcYTZEE="},"lastRemoteEphemeralKey":"BfeMqIQJA563j2YSo4Jhw7kpjpOE7yddvD8A8fohzVIm","previousCounter":0,"rootKey":"+/Sdz4QswzT9B41dymEEJxA9mu6NP2yQet+Ik4/Ur00="},"indexInfo":{"baseKey":"BRgI0U9utEzJ5GQJ7z47ddeor2yGDwBusJeFUs7lzv0T","baseKeyType":2,"closed":-1,"used":1691304586696,"created":1691304586696,"remoteIdentityKey":"BaC2P8IKh2xJFryeOKfVpVApLnuicmvx1/wV4zQgr4ZH"},"_chains":{"BfeMqIQJA563j2YSo4Jhw7kpjpOE7yddvD8A8fohzVIm":{"chainKey":{"counter":1,"key":"vR5rV5irz0ktipFTvhyRwceEGzR0XViTHlYb+Bk5GcU="},"chainType":2,"messageKeys":{}},"Bc+g8AQngMxLTQ20d9OE34cvAwNp5Q9OIYNxeTZTwRQq":{"chainKey":{"counter":-1,"key":"IUODhWm0h73qhpUaqMlPue6c+lZ8+jMMLp7Dlx0XOA8="},"chainType":1,"messageKeys":{}}}}},"version":"v1"}