{"_sessions":{"Bf/Lh9wATq0vGF9WxvyColaIF89bGzDdkfuNMiTVpPck":{"registrationId":991157779,"currentRatchet":{"ephemeralKeyPair":{"pubKey":"Beeh8BaLY4oRKbd3fwA7q0kZVNZNDlgT26Q36qz4xEdN","privKey":"oGDCSsp7VcLHxYbDMxyGdrUyzT7CYQoLLYMAujhmG28="},"lastRemoteEphemeralKey":"BSrbQc6XnvlM9LPMu6TjnSgTMS/5msApsmEFKEH+wVZ4","previousCounter":0,"rootKey":"PGVtiKWWuNxRTKfOfpatULuxieNtRX7QBYnon6DhyKg="},"indexInfo":{"baseKey":"Bf/Lh9wATq0vGF9WxvyColaIF89bGzDdkfuNMiTVpPck","baseKeyType":1,"closed":-1,"used":1691247624507,"created":1691247624507,"remoteIdentityKey":"BdqzOV9q6k2M09PL5misHOtPnq7SypUvWyD4NA7eUnIp"},"_chains":{"Beeh8BaLY4oRKbd3fwA7q0kZVNZNDlgT26Q36qz4xEdN":{"chainKey":{"counter":0,"key":"w8AExSQFwxZoBX6wT2d0p9j4GiqKXC6nc1VKBX0z5JM="},"chainType":1,"messageKeys":{}}},"pendingPreKey":{"signedKeyId":0,"baseKey":"Bf/Lh9wATq0vGF9WxvyColaIF89bGzDdkfuNMiTVpPck"}}},"version":"v1"}