{"_sessions":{"BYikgheSLBHlDoPnhRIMY8/6VDpgU6DA8QPLAbtimrEw":{"registrationId":1792017912,"currentRatchet":{"ephemeralKeyPair":{"pubKey":"BaNTUbFNQB6GpVkGMRsfhbWDQy1WTk23Xv5ueu5qjB8C","privKey":"SPH7WfT4on32zUWSyz15ny/7yMEnmWADnHW97sRHKmc="},"lastRemoteEphemeralKey":"Bci3eFtPdwCtTR0j1cgZHPhDiLdNiMAip0zqXburR1go","previousCounter":0,"rootKey":"BjnyK2eY3RTfCBP/eEk6mQUWjt5Cru8ZyDhNVSzWjso="},"indexInfo":{"baseKey":"BYikgheSLBHlDoPnhRIMY8/6VDpgU6DA8QPLAbtimrEw","baseKeyType":2,"closed":-1,"used":1691372049482,"created":1691372049482,"remoteIdentityKey":"BemajHfjiCF+IcGxHcBzitVQ64T4uI7OXV6O623Luk5p"},"_chains":{"Bci3eFtPdwCtTR0j1cgZHPhDiLdNiMAip0zqXburR1go":{"chainKey":{"counter":18,"key":"kScpEoIjQvyVvqHuptb6YDLI+uM1UAzCNRE2Iu79juw="},"chainType":2,"messageKeys":{"0":"YgdnlZvifXNqXgzIKS9/KIcm1WQ7CvGkkhkp6Qq4bb0=","1":"iVUv/QfOSFbhFFUMxUuHS2ORIGoTsam7mqM8Rf2CWgk=","2":"x7FqUDqMcRXnLtOt7gLqGqCVzJvRRAgC1q4co2brnsM=","3":"LwsS7GhDIMB0uJT/Ss5BX1pAbc3iRy5wNKod/Gslx2I=","4":"3oIiLM24MZaMN4jbxF0dE8D0CVAdK3hkYPCwPRrLaB4=","5":"sBAYitlWTrMvzvSxKcB3MBpg1qxdshjm+rAZTaQnLTc=","6":"E7ajTYJCnzQLP1B4AVpn8q/kH+cVBUaPVIGmD0RH0Sk=","7":"PYX/05H7Rfsy4qMWjff7F9pQ1pUuK2zd1KQG7Yz5VSM=","8":"Es/hRbVTcHPSmS5QOlq0NdQihzu84BEdMMz0rd8vPLg=","9":"C+hBp3sy7Au8IDDXS1EqDR2HQXFgoIAtBPuELwWDP0M=","10":"MUkc/QzH4Rc1N8Gzr2J4RTjkrpnFQaCiO9TMiOkRwIA=","11":"O1pciX4dqowNBUO8y6v6J0wdPe7889F+mbNv88rAI8M=","12":"Fxmw67Cb4qUZF9lXtKrrFbyAo2CUAv9LBEQQ8lOrhv8=","13":"nWO1GS1138LmtKXujttq0C+qgEn+fSElYAvelZf/bPk=","14":"jaDP9h0QERpMxOhprncfpCRjhqE3dfK64mN1uiTVZUk=","15":"L8OM1AZX8LkqDFQlGzoQFY7ltGcPlPPjoSLNdjRm9vE=","16":"lUsmZE5lp6LF3UitSo6odbJG8fvcnt5AWGdr1KIuO6Q=","17":"uSFlWuVG/H4ssPKsNxGFWLfMsm3dTqPp/QMrnDkl20A="}},"BaNTUbFNQB6GpVkGMRsfhbWDQy1WTk23Xv5ueu5qjB8C":{"chainKey":{"counter":-1,"key":"ksPJaNSaXDNnZs84/ly12mNlILIjbQ1jZKleiUt1nfA="},"chainType":1,"messageKeys":{}}}}},"version":"v1"}