{"_sessions":{"BYCwYxi1zu1Z5ynW3oF5jr3p3vUM47YZ8iPDZ8K7WHMG":{"registrationId":2066193829,"currentRatchet":{"ephemeralKeyPair":{"pubKey":"BYlfDeSkiJCUpqfj8doY9Z2wx37r2E8Ld2UAW/KrU/4S","privKey":"eFVx/aSk6jJfLuIxY/qrlPXzYjA7ENDuBftONF7RyWg="},"lastRemoteEphemeralKey":"BXv8MEe2hFAy8W8mh+Xk+je+/pDDH6zUhvDafvNzMChf","previousCounter":0,"rootKey":"sQ6Wm36T9fGErT64cYElTS5gKaUvo62tGKFYgs1gd88="},"indexInfo":{"baseKey":"BYCwYxi1zu1Z5ynW3oF5jr3p3vUM47YZ8iPDZ8K7WHMG","baseKeyType":1,"closed":-1,"used":1691247623853,"created":1691247623853,"remoteIdentityKey":"BcN5RgCFkFKIqmwsNreJacPiuHyjLvBygJkbbSPHQbx8"},"_chains":{"BYlfDeSkiJCUpqfj8doY9Z2wx37r2E8Ld2UAW/KrU/4S":{"chainKey":{"counter":0,"key":"w+H/CKdMadQ5SLVTjx9qTNjJQGCWkmFC0dCI5aIRUdc="},"chainType":1,"messageKeys":{}}},"pendingPreKey":{"signedKeyId":0,"baseKey":"BYCwYxi1zu1Z5ynW3oF5jr3p3vUM47YZ8iPDZ8K7WHMG","preKeyId":12888474}}},"version":"v1"}