{"_sessions":{"BVlFZhgBxXodsNQHX9iDQr2Q8a9Pv4mqdaIDaSxHERtm":{"registrationId":247,"currentRatchet":{"ephemeralKeyPair":{"pubKey":"BT5bEu76Ycz13bbkHyJlUKWF599Z1kl+3HFdj5kv3nkw","privKey":"KD8cBuE4Z/H8+xf4doJncNqtd+i296SIkOiPy3gi0Xw="},"lastRemoteEphemeralKey":"BQ3ytsECtW31v6Ge+e48L7WWMsxPrwYi/G6fTEIINzJb","previousCounter":0,"rootKey":"Y+k92SD85ALLf/PBSM9d7no5uUnV5686enWHbp2VeKA="},"indexInfo":{"baseKey":"BVlFZhgBxXodsNQHX9iDQr2Q8a9Pv4mqdaIDaSxHERtm","baseKeyType":2,"closed":-1,"used":1691285790674,"created":1691285790674,"remoteIdentityKey":"BZ+w3SNSJGud76nmV+y0k15AwPucQI2TFpwI5BJmXvgf"},"_chains":{"BQ3ytsECtW31v6Ge+e48L7WWMsxPrwYi/G6fTEIINzJb":{"chainKey":{"counter":1,"key":"Y7AELTYnG7bCmPdMZLxGpeLewUaHDd5I6fehULHrrV8="},"chainType":2,"messageKeys":{}},"BT5bEu76Ycz13bbkHyJlUKWF599Z1kl+3HFdj5kv3nkw":{"chainKey":{"counter":1,"key":"MADqynusnsBvuXFmM70h/IbZiu95yMSax9TqYLprkz4="},"chainType":1,"messageKeys":{}}}}},"version":"v1"}