{"_sessions":{"BWiM2d77MmeUv5atiOooQwjObdCwyaT1Y3en5wamDyYY":{"registrationId":1711022377,"currentRatchet":{"ephemeralKeyPair":{"pubKey":"BQ1IP5iuQPNRUCYRLqZwgFhIYSMhefFpRv9lGdCj82Jn","privKey":"CPicgD/BDDHy1ZKlGkbzEQtvc+vOVfy42DYxTE65mmY="},"lastRemoteEphemeralKey":"BfWoVSOUUli1IUsqEQnY9wto5DHkJAlB/S0sVUlCJLhe","previousCounter":0,"rootKey":"uBCofvVWuk+AuvNBGp5mQTv4ZLpxr9wZYFpdvoN9OJk="},"indexInfo":{"baseKey":"BWiM2d77MmeUv5atiOooQwjObdCwyaT1Y3en5wamDyYY","baseKeyType":1,"closed":-1,"used":1691247624178,"created":1691247624178,"remoteIdentityKey":"BfnLxv+rwz4cOhYxSKo17lF+pdCwoj391RV/0YuvTP4a"},"_chains":{"BQ1IP5iuQPNRUCYRLqZwgFhIYSMhefFpRv9lGdCj82Jn":{"chainKey":{"counter":0,"key":"hK0qtIxrgNWW68K5y+V2tFXcVjI1DqXM2bQiYIHmopY="},"chainType":1,"messageKeys":{}}},"pendingPreKey":{"signedKeyId":1,"baseKey":"BWiM2d77MmeUv5atiOooQwjObdCwyaT1Y3en5wamDyYY","preKeyId":9198170}}},"version":"v1"}