{"_sessions":{"BZAO3DvABm4ETI5n9PsRcqIhOg8YdfzUpiC7vIjcUVEQ":{"registrationId":8709,"currentRatchet":{"ephemeralKeyPair":{"pubKey":"BR5EICuihba6h1qxAqjw99D+PP/Lqu8JiiqQTMLPcGtx","privKey":"AKfhf1yAMD50vJ4dOnxQlDDP+Nkuj8d+ROU4uGWSllY="},"lastRemoteEphemeralKey":"BfHeDjnXsvqUQkfSKGcnhuIvE4pHIo5fibtdc3Xh87NL","previousCounter":0,"rootKey":"aGsMmkCiYRFE3kfMG9jGtToVViR+UeCFulSMUPeFxGY="},"indexInfo":{"baseKey":"BZAO3DvABm4ETI5n9PsRcqIhOg8YdfzUpiC7vIjcUVEQ","baseKeyType":1,"closed":-1,"used":1691247623621,"created":1691247623621,"remoteIdentityKey":"BSIf8TlU3Ow26ixDXx78+6ImN+BZLZ/ksNTRh4tH/0dB"},"_chains":{"BR5EICuihba6h1qxAqjw99D+PP/Lqu8JiiqQTMLPcGtx":{"chainKey":{"counter":0,"key":"F0ykBTwFJZ1d5CNfsia0yiaiYeh+9xaeZlpT96fbFyk="},"chainType":1,"messageKeys":{}}},"pendingPreKey":{"signedKeyId":1,"baseKey":"BZAO3DvABm4ETI5n9PsRcqIhOg8YdfzUpiC7vIjcUVEQ","preKeyId":816}}},"version":"v1"}