{"_sessions":{"BV/LPCuPmv2jsXvM0YcLOOLBcHzzLgbmGZteaYNuUIwk":{"registrationId":1994313892,"currentRatchet":{"ephemeralKeyPair":{"pubKey":"BXi4st7otUo2arPRvv8ZNxI0xwRNWTszmPRY5l3JtC4W","privKey":"SBwiqCU7gyFdhucEm/I9bnj9R9zKmRWy12rhLDPdZ24="},"lastRemoteEphemeralKey":"BSWmS47ThY62Dnn6ymvNcv5KoUdpgem+TilaWcsGimMw","previousCounter":0,"rootKey":"22mUkVTkmBoMspEEhQetg6zttoHkQAL6lTlC9FPM6cQ="},"indexInfo":{"baseKey":"BV/LPCuPmv2jsXvM0YcLOOLBcHzzLgbmGZteaYNuUIwk","baseKeyType":2,"closed":-1,"used":1691311978379,"created":1691311978379,"remoteIdentityKey":"BRZ/HQxmWJuTK/qcuiUI5iZFbq+m9afYI7m508E6acd0"},"_chains":{"BSWmS47ThY62Dnn6ymvNcv5KoUdpgem+TilaWcsGimMw":{"chainKey":{"counter":27,"key":"dOKYYqj1CtAp0E0r1qpD6xHHQYCivl9Ie+SjJqCGmfg="},"chainType":2,"messageKeys":{"3":"53hbBA9xWtnsdtumPK5Yba5KH5D4n3lMhUp3jE3jxAU=","8":"yyTbSpC5eSLKvXnm2cJ88Evg+cvpc2pc7523kA6pATk=","9":"PZSVses0KqGU9NyWCcsTCsY9M85Lvumls7V4wBtMwic=","10":"SGi0INHPOk3LetCRDzLO1Gk/hmdIYbjEgXh6obkXltk=","11":"vLNOohSQ/G4HWNNVvDTe7uXsnWerC3PDVDP0Q6v/D5I=","12":"R1nEIGwyfOLDxWSRtK32IX05dTk599GogwxKFaxyLvY=","13":"ZGVpYMMl2KcVEmfy/n7nEF3PqUsxfmvtJ9KyrmyFEBo=","14":"4n4Dur1j1MhVdMQk0aESobQWh1vDu/vuT9YVNoet7qA=","17":"RbCGcjH+cZm+Kk88JJQrkqfbVE+lVThRvE9Orqu0ZiM=","18":"/xrZIy38wquvTqApfDTMSHigxCDuEhAAb/OiZ+xP7Ak=","19":"RbTzgEcwuJs6iCG8z4NmbIfy29XwUEzeGzjq3qj1CiU=","20":"KqMc2aCDbwPLlVwgAqtC5bsEMj2eLRA2efhM+rZbhck=","21":"QbFh4QPShiZ7QIrsa/cc3032coJx0OppSCOGuF6fQPU=","22":"jGI+pVrT/jbMriTfqR67cHTonqhAbd1WU4JORrCEY8c=","26":"wvtq19eNuGlQtrez0erGhc1gpe8E2HhC5aCWDfxzdZc="}},"BXi4st7otUo2arPRvv8ZNxI0xwRNWTszmPRY5l3JtC4W":{"chainKey":{"counter":-1,"key":"43+Nh/8NHqzbc7l1ab4lUb+lkEjkGWQL5NkxRvWIz7E="},"chainType":1,"messageKeys":{}}}}},"version":"v1"}