{"_sessions":{"Bf20oRZDu6BJTMsMNCxyxblnK4w2a2Ga8/aHVdP0Jqh9":{"registrationId":656366271,"currentRatchet":{"ephemeralKeyPair":{"pubKey":"BTkP3GqfeOxwe6n79HUKu4Q0pRwlvqXF4dqIaWwdNgsn","privKey":"EI/2SlCbWBGBgk0f3N6bNSVPmRQIT1H8bDs5iVSEJkk="},"lastRemoteEphemeralKey":"BQKelJx3eBSHSbP+d2B+R2/+gLZCUNK2H5l3RGURLcoe","previousCounter":0,"rootKey":"UYEC/H9jDv6O3RCJgQKGU/UDxWrmbWfotIJYBzbQ55U="},"indexInfo":{"baseKey":"Bf20oRZDu6BJTMsMNCxyxblnK4w2a2Ga8/aHVdP0Jqh9","baseKeyType":2,"closed":1691372094151,"used":1691245935102,"created":1691245935102,"remoteIdentityKey":"BX7WhV/nnFaTqZFWEGMHXK2OEkBkz1+/EWGwFneL2CRc"},"_chains":{"BQKelJx3eBSHSbP+d2B+R2/+gLZCUNK2H5l3RGURLcoe":{"chainKey":{"counter":7,"key":"jpgMFxsWrB+Dn5AxS/K/zCUo3dLAI5mzZUzeYJbvpGY="},"chainType":2,"messageKeys":{}},"BTkP3GqfeOxwe6n79HUKu4Q0pRwlvqXF4dqIaWwdNgsn":{"chainKey":{"counter":377,"key":"9cSdyQZpMg6sORx9Hbs0kCJB+k6b35usCaHKdBo3iho="},"chainType":1,"messageKeys":{}}}},"BZkFUGFkE+YK4YWexh5bjsyFLbX1dDrVtF5kOnI0Vq4x":{"registrationId":656366271,"currentRatchet":{"ephemeralKeyPair":{"pubKey":"BSGl46zd5TnB+F3CmgbVE1LTg/WBbFMhp1JhW0A/ZC1S","privKey":"GO1ia/h5duQffWMq3NcI8g4ccDkSMXcnvvChPtQwAl8="},"lastRemoteEphemeralKey":"Bb1mSzKMwOmv8pHjT3gK2Az29a0w3X9WVW/iCoW/oGEd","previousCounter":0,"rootKey":"6DkaOATo9AXC6olhEG9fB+KCfrA4NM8an8o+xcM0FpM="},"indexInfo":{"baseKey":"BZkFUGFkE+YK4YWexh5bjsyFLbX1dDrVtF5kOnI0Vq4x","baseKeyType":1,"closed":1691372096261,"used":1691372094138,"created":1691372094138,"remoteIdentityKey":"BX7WhV/nnFaTqZFWEGMHXK2OEkBkz1+/EWGwFneL2CRc"},"_chains":{"BSGl46zd5TnB+F3CmgbVE1LTg/WBbFMhp1JhW0A/ZC1S":{"chainKey":{"counter":-1,"key":"U1L7D9oHDHl5wySNn2DOb2t13ct+Plk60sMkWoIMqhw="},"chainType":1,"messageKeys":{}}},"pendingPreKey":{"signedKeyId":1,"baseKey":"BZkFUGFkE+YK4YWexh5bjsyFLbX1dDrVtF5kOnI0Vq4x","preKeyId":3323683}},"BRBEz9mFJctlhXBhKUaanvH9d4DrqTcM6T1sySujBLYK":{"registrationId":656366271,"currentRatchet":{"ephemeralKeyPair":{"pubKey":"BTH5W6Kaako/6uqU0eXbOd8OlYdZwjw2E54BEwnnkPpi","privKey":"wFPNsR1W0SWvJvJBzfS2sufuvrsucq30vNLPP2p382A="},"lastRemoteEphemeralKey":"Bb1mSzKMwOmv8pHjT3gK2Az29a0w3X9WVW/iCoW/oGEd","previousCounter":0,"rootKey":"fE2M5qvq1DR2goipASUNrHHufYRUSbATwkgT3LLpTQ8="},"indexInfo":{"baseKey":"BRBEz9mFJctlhXBhKUaanvH9d4DrqTcM6T1sySujBLYK","baseKeyType":1,"closed":1691372096677,"used":1691372096250,"created":1691372096250,"remoteIdentityKey":"BX7WhV/nnFaTqZFWEGMHXK2OEkBkz1+/EWGwFneL2CRc"},"_chains":{"BTH5W6Kaako/6uqU0eXbOd8OlYdZwjw2E54BEwnnkPpi":{"chainKey":{"counter":-1,"key":"u7vukWJN5tlUOZ95EXDKWE7S2437Ps7f4O681FNausY="},"chainType":1,"messageKeys":{}}},"pendingPreKey":{"signedKeyId":1,"baseKey":"BRBEz9mFJctlhXBhKUaanvH9d4DrqTcM6T1sySujBLYK","preKeyId":3323966}},"BRZ8CT3PiaNo1OvxlA960ftX17v66lEL/ooSDA4RGxJ8":{"registrationId":656366271,"currentRatchet":{"ephemeralKeyPair":{"pubKey":"BQkb0bxWl+rfJCxFZqDivZF3DgXboWEzrc3YyPinlh9W","privKey":"gMAYQy+rwXt1xrLqBJL5eIxsXbjSMsJ8ORo6nXfCUkY="},"lastRemoteEphemeralKey":"Bb1mSzKMwOmv8pHjT3gK2Az29a0w3X9WVW/iCoW/oGEd","previousCounter":0,"rootKey":"ovEt/pxWHOcM92bgsWILbfL6+Os+so061qfX/95cIOo="},"indexInfo":{"baseKey":"BRZ8CT3PiaNo1OvxlA960ftX17v66lEL/ooSDA4RGxJ8","baseKeyType":1,"closed":1691372097095,"used":1691372096665,"created":1691372096665,"remoteIdentityKey":"BX7WhV/nnFaTqZFWEGMHXK2OEkBkz1+/EWGwFneL2CRc"},"_chains":{"BQkb0bxWl+rfJCxFZqDivZF3DgXboWEzrc3YyPinlh9W":{"chainKey":{"counter":-1,"key":"nDDLzaPWiU8jfyldZ1JRTTbtW43GU97z9h/EWb/kIIs="},"chainType":1,"messageKeys":{}}},"pendingPreKey":{"signedKeyId":1,"baseKey":"BRZ8CT3PiaNo1OvxlA960ftX17v66lEL/ooSDA4RGxJ8","preKeyId":3324303}},"BRepgdRwO+Isao/OfsyrAjBo1fwJFDzFrDLho4aYaO5E":{"registrationId":656366271,"currentRatchet":{"ephemeralKeyPair":{"pubKey":"BU0g8sOJdDfpci9y5GKsIcM3dwBOLdKbzjSzXtYis/hQ","privKey":"oIRfIX9KmXobTfPx7cG59Duv7LVc3lkswOVFRPDIYEw="},"lastRemoteEphemeralKey":"Bb1mSzKMwOmv8pHjT3gK2Az29a0w3X9WVW/iCoW/oGEd","previousCounter":0,"rootKey":"dBWyAE59YbQkKCXxlnEJwq21Q97PFi12gmYF7BuUAsE="},"indexInfo":{"baseKey":"BRepgdRwO+Isao/OfsyrAjBo1fwJFDzFrDLho4aYaO5E","baseKeyType":1,"closed":1691372097552,"used":1691372097084,"created":1691372097084,"remoteIdentityKey":"BX7WhV/nnFaTqZFWEGMHXK2OEkBkz1+/EWGwFneL2CRc"},"_chains":{"BU0g8sOJdDfpci9y5GKsIcM3dwBOLdKbzjSzXtYis/hQ":{"chainKey":{"counter":-1,"key":"e3oQchg0D6VY779WqEoD2/cR2Ct/QzLvYcBzXISyEt4="},"chainType":1,"messageKeys":{}}},"pendingPreKey":{"signedKeyId":1,"baseKey":"BRepgdRwO+Isao/OfsyrAjBo1fwJFDzFrDLho4aYaO5E","preKeyId":3323888}},"BSX4aJz0lY3R/0MTRa6o/2JGpic4kQw5am4LtjvywnJ3":{"registrationId":656366271,"currentRatchet":{"ephemeralKeyPair":{"pubKey":"BVNeezdxu4fP3o79zk4/DQTJ15BpsJiCvttZHfwN5rM4","privKey":"+DiTS13DQBwTGiSntLkDyDvzPZ9r3Wr8xC4w65JJlEc="},"lastRemoteEphemeralKey":"Bb1mSzKMwOmv8pHjT3gK2Az29a0w3X9WVW/iCoW/oGEd","previousCounter":0,"rootKey":"JhH0LS7kU4qZr0hpHYSxvuM3ZVcOGv55dz3GLn8b8DY="},"indexInfo":{"baseKey":"BSX4aJz0lY3R/0MTRa6o/2JGpic4kQw5am4LtjvywnJ3","baseKeyType":1,"closed":1691372098140,"used":1691372097535,"created":1691372097535,"remoteIdentityKey":"BX7WhV/nnFaTqZFWEGMHXK2OEkBkz1+/EWGwFneL2CRc"},"_chains":{"BVNeezdxu4fP3o79zk4/DQTJ15BpsJiCvttZHfwN5rM4":{"chainKey":{"counter":-1,"key":"L9f9xJh7eLDMoR6ox87pUpwgq/YIK4FZE3AsaLghkCY="},"chainType":1,"messageKeys":{}}},"pendingPreKey":{"signedKeyId":1,"baseKey":"BSX4aJz0lY3R/0MTRa6o/2JGpic4kQw5am4LtjvywnJ3","preKeyId":3324238}},"BUVNCEt7kL8isGQJhWmk2eVu9jDIRWcrH0t4uTp7Bvxv":{"registrationId":656366271,"currentRatchet":{"ephemeralKeyPair":{"pubKey":"BTckky30ySY+TTU0LG9VIb/kJ3+BA7pPJ2TpwM1A3Tx5","privKey":"uKs4IyaZteclDkGWZ0MhhZrVzJjjO3M9Ot8IoF3oVUw="},"lastRemoteEphemeralKey":"Bb1mSzKMwOmv8pHjT3gK2Az29a0w3X9WVW/iCoW/oGEd","previousCounter":0,"rootKey":"sSjsMUI0NWQGTkw4/dMndg/0FUc9gNzvAJi/I0pOnKY="},"indexInfo":{"baseKey":"BUVNCEt7kL8isGQJhWmk2eVu9jDIRWcrH0t4uTp7Bvxv","baseKeyType":1,"closed":1691372098558,"used":1691372098126,"created":1691372098126,"remoteIdentityKey":"BX7WhV/nnFaTqZFWEGMHXK2OEkBkz1+/EWGwFneL2CRc"},"_chains":{"BTckky30ySY+TTU0LG9VIb/kJ3+BA7pPJ2TpwM1A3Tx5":{"chainKey":{"counter":-1,"key":"3U5Qyge/qIdy5IvoaZeRrMAzN/G6S86kF+CFqGE8sek="},"chainType":1,"messageKeys":{}}},"pendingPreKey":{"signedKeyId":1,"baseKey":"BUVNCEt7kL8isGQJhWmk2eVu9jDIRWcrH0t4uTp7Bvxv","preKeyId":3323963}},"Bf+LyEN6s7wGgbpt9QkliIsFsdPoirpoJeWyMQ/dtpQV":{"registrationId":656366271,"currentRatchet":{"ephemeralKeyPair":{"pubKey":"BWiK+XouQ58+EQyfQmcehVH5aaF2fY0qssShiS5c90ZA","privKey":"qO49x1TJF5Mp8VtmJ6e8YH07u3NPlsdqrWdaekOMfH0="},"lastRemoteEphemeralKey":"Bb1mSzKMwOmv8pHjT3gK2Az29a0w3X9WVW/iCoW/oGEd","previousCounter":0,"rootKey":"qmotmS66r8ly4ll4dHjBQiJ3ITuPqNPKDg3m+qxgc/U="},"indexInfo":{"baseKey":"Bf+LyEN6s7wGgbpt9QkliIsFsdPoirpoJeWyMQ/dtpQV","baseKeyType":1,"closed":1691372098978,"used":1691372098545,"created":1691372098545,"remoteIdentityKey":"BX7WhV/nnFaTqZFWEGMHXK2OEkBkz1+/EWGwFneL2CRc"},"_chains":{"BWiK+XouQ58+EQyfQmcehVH5aaF2fY0qssShiS5c90ZA":{"chainKey":{"counter":-1,"key":"aY9FTOgtsL/R+nk8zyyRhbOJVPKvydrSSdsC7Y/vWAM="},"chainType":1,"messageKeys":{}}},"pendingPreKey":{"signedKeyId":1,"baseKey":"Bf+LyEN6s7wGgbpt9QkliIsFsdPoirpoJeWyMQ/dtpQV","preKeyId":3324361}},"BRfZFA++PNnulmEpUfRgtSVAMu65UyX+tDRS6PCETLIp":{"registrationId":656366271,"currentRatchet":{"ephemeralKeyPair":{"pubKey":"Bc5seLHYZqpmPrjA9QlViItO/9DnAp0V6QXBoJUPXMQA","privKey":"iC3UmcsXp6dzedl43f9G4RYbAsfp8wBAN057+2ohCEo="},"lastRemoteEphemeralKey":"Bb1mSzKMwOmv8pHjT3gK2Az29a0w3X9WVW/iCoW/oGEd","previousCounter":0,"rootKey":"Qf4KznaA/B+jjjdrXtA/MVOG5QBfAyqwTqNjuDC/XTc="},"indexInfo":{"baseKey":"BRfZFA++PNnulmEpUfRgtSVAMu65UyX+tDRS6PCETLIp","baseKeyType":1,"closed":1691623576730,"used":1691372098969,"created":1691372098969,"remoteIdentityKey":"BX7WhV/nnFaTqZFWEGMHXK2OEkBkz1+/EWGwFneL2CRc"},"_chains":{"Bc5seLHYZqpmPrjA9QlViItO/9DnAp0V6QXBoJUPXMQA":{"chainKey":{"counter":139,"key":"GODvZycT/zsimVVNj0Z5BZ2TMIyL++vSe5ALZqAP25c="},"chainType":1,"messageKeys":{}}},"pendingPreKey":{"signedKeyId":1,"baseKey":"BRfZFA++PNnulmEpUfRgtSVAMu65UyX+tDRS6PCETLIp","preKeyId":3324239}},"BUShFnSq5oqCwZJlZTOzuN8mTmrXq8uixfUiM+EuK/k4":{"registrationId":656366271,"currentRatchet":{"ephemeralKeyPair":{"pubKey":"Bb7GnbEi3z7QhoqFlTngcyHobnYsCGQavARWaHpcFOM8","privKey":"wIQ1gGcLLtYgt/I9gBhagFqfvv+cPnUJXlyygYEIPn0="},"lastRemoteEphemeralKey":"BbatwqnQXmfywmCZhWbhrtS/glzrXuTAy20wc3KlxUVs","previousCounter":0,"rootKey":"i+CPhmtef9WRfO6CpFV8u0WGRQZCtfFprVB4Jwl40bI="},"indexInfo":{"baseKey":"BUShFnSq5oqCwZJlZTOzuN8mTmrXq8uixfUiM+EuK/k4","baseKeyType":2,"closed":1691623586349,"used":1691623576744,"created":1691623576744,"remoteIdentityKey":"BX7WhV/nnFaTqZFWEGMHXK2OEkBkz1+/EWGwFneL2CRc"},"_chains":{"BbatwqnQXmfywmCZhWbhrtS/glzrXuTAy20wc3KlxUVs":{"chainKey":{"counter":0,"key":"ymC+mE1LhCRG9/u/RjdP6rUmS8h60ZUe8qU8blPQiwM="},"chainType":2,"messageKeys":{}},"Bb7GnbEi3z7QhoqFlTngcyHobnYsCGQavARWaHpcFOM8":{"chainKey":{"counter":-1,"key":"O+1C0A9l+t1OO7hx5DsYhqztHrpgysLeS1apZYcaoY8="},"chainType":1,"messageKeys":{}}}},"BawB9Y6Ij8+ZS37wkvwHdVjkYVEX+6bLUNt5roaXUygn":{"registrationId":656366271,"currentRatchet":{"ephemeralKeyPair":{"pubKey":"BZ3xRSD4JasgXCKXDeDsfthkC7d9fERq+YBltQwUAkFH","privKey":"IFnjo+5AGql+EeV3B5s6itRHmo51vdkHCT+uFxvzQWA="},"lastRemoteEphemeralKey":"BZrLbhQ/oo8bB9bHp6zPi41labvx5zLNuiwPT05UbRlv","previousCounter":0,"rootKey":"ozlTXQIqqkyzR6o3mMKI/K7rtTPfO8RRFwbHKJNzCO8="},"indexInfo":{"baseKey":"BawB9Y6Ij8+ZS37wkvwHdVjkYVEX+6bLUNt5roaXUygn","baseKeyType":2,"closed":1691623589016,"used":1691623586378,"created":1691623586378,"remoteIdentityKey":"BX7WhV/nnFaTqZFWEGMHXK2OEkBkz1+/EWGwFneL2CRc"},"_chains":{"BZrLbhQ/oo8bB9bHp6zPi41labvx5zLNuiwPT05UbRlv":{"chainKey":{"counter":0,"key":"Hbq9l+qrteQcKEGWQlVUnl+LhQEJBLf2Y4ixjv0mFyc="},"chainType":2,"messageKeys":{}},"BZ3xRSD4JasgXCKXDeDsfthkC7d9fERq+YBltQwUAkFH":{"chainKey":{"counter":-1,"key":"EMsOLjqb5GlKWJIT0i87vpY2CXyB2krd568E2a5Fz2M="},"chainType":1,"messageKeys":{}}}},"BRzkBUiS31LMdzjdGTOtWDitjAh5nQXd9Szm9WcsQ0pD":{"registrationId":656366271,"currentRatchet":{"ephemeralKeyPair":{"pubKey":"Bd42IfPDm0YNkSoW5BnuPQFBDJ4ydcrfpJzcAVSt2Ao5","privKey":"AMBObM/JRt9ryUba2IL5TkHdDnHQO3srcK0YE6zSDXY="},"lastRemoteEphemeralKey":"BSeECGoOL1r2Nx96f1xI0JzYaSpIqA0cZv/Q2wkBMNB8","previousCounter":0,"rootKey":"ghSo+PJnNcjb9Tfl63zlIsu0UHhIp0pWqFBb+KsrzM8="},"indexInfo":{"baseKey":"BRzkBUiS31LMdzjdGTOtWDitjAh5nQXd9Szm9WcsQ0pD","baseKeyType":2,"closed":1691623589161,"used":1691623589045,"created":1691623589045,"remoteIdentityKey":"BX7WhV/nnFaTqZFWEGMHXK2OEkBkz1+/EWGwFneL2CRc"},"_chains":{"BSeECGoOL1r2Nx96f1xI0JzYaSpIqA0cZv/Q2wkBMNB8":{"chainKey":{"counter":1,"key":"ly+MlffJzlPjd7P6ZZKQYAB7F87u1z7WHrPb1vJiOM8="},"chainType":2,"messageKeys":{}},"Bd42IfPDm0YNkSoW5BnuPQFBDJ4ydcrfpJzcAVSt2Ao5":{"chainKey":{"counter":-1,"key":"2+x+iN6iLTdwgBipzRN41XiDpMFDReX0AVnC2ABiRRo="},"chainType":1,"messageKeys":{}}}},"BX0hqd6nJhXBwfSsln55phYxmbQB1F0K2wYcLMhxB0s5":{"registrationId":656366271,"currentRatchet":{"ephemeralKeyPair":{"pubKey":"Bcn2+7ZSALhkcbW12fwKJtrk0pu5MJQGh6LpgI6Zzxd0","privKey":"UAoUwyDSQwQHXOrd8C1dz1DA9awnDHyVeYDZ3l1dZHc="},"lastRemoteEphemeralKey":"BTNGX+AoFa30BE1OPm1mqBqo1X54msLIJyKtH/0o9ih8","previousCounter":0,"rootKey":"Rc2xPeHiY/NY2cAs4nyf8BLDblK5DiXK95MigtL9kFk="},"indexInfo":{"baseKey":"BX0hqd6nJhXBwfSsln55phYxmbQB1F0K2wYcLMhxB0s5","baseKeyType":2,"closed":1691623589245,"used":1691623589195,"created":1691623589195,"remoteIdentityKey":"BX7WhV/nnFaTqZFWEGMHXK2OEkBkz1+/EWGwFneL2CRc"},"_chains":{"BTNGX+AoFa30BE1OPm1mqBqo1X54msLIJyKtH/0o9ih8":{"chainKey":{"counter":0,"key":"5YVL0TSsJPwhzXfqxfI9UaW5iPFSRCVx1IexkMnsEUQ="},"chainType":2,"messageKeys":{}},"Bcn2+7ZSALhkcbW12fwKJtrk0pu5MJQGh6LpgI6Zzxd0":{"chainKey":{"counter":-1,"key":"vym/gKQSyEA1N9ojotXuuLbapoV3YpR5l/L7bqjXtyA="},"chainType":1,"messageKeys":{}}}},"BedyTZEcY48luC1yLDL48qYnZlr7Fo0+OZe2QK6IJxEs":{"registrationId":656366271,"currentRatchet":{"ephemeralKeyPair":{"pubKey":"BZ/kV0VmVOxTe0+MXVF91p8dROpF3KqfcXV8HMKE8utV","privKey":"2LDI7siKdbJEJ89+JcPnLsj5fXEVFXJVU34zT0G8yHI="},"lastRemoteEphemeralKey":"BWdb9Dva0ZnqaVv8KlM3R2MGTTTAdBYg1OJP9qnLl6J7","previousCounter":55,"rootKey":"GvuSWlIc6zW7IdOSnFlXpqTK5Uh4ji9bVlzaLag5cu8="},"indexInfo":{"baseKey":"BedyTZEcY48luC1yLDL48qYnZlr7Fo0+OZe2QK6IJxEs","baseKeyType":2,"closed":-1,"used":1692061691279,"created":1691623589264,"remoteIdentityKey":"BX7WhV/nnFaTqZFWEGMHXK2OEkBkz1+/EWGwFneL2CRc"},"_chains":{"BdbtF5HK8idbuib++vv9RiQ2oesfg3u/Z1EC+k0vzM9f":{"chainKey":{"counter":4},"chainType":2,"messageKeys":{}},"BQMfDmV+ZBVqVF7Loq4Rv+Quzpk0JrALOBhXXEYwxMAf":{"chainKey":{"counter":6},"chainType":2,"messageKeys":{}},"BWdb9Dva0ZnqaVv8KlM3R2MGTTTAdBYg1OJP9qnLl6J7":{"chainKey":{"counter":11,"key":"kvZD/LVXcAKkatO1pqPx7KJ4H65Gj+jya1kAsf/3r+k="},"chainType":2,"messageKeys":{"0":"2QAHeziHlgXpDlVUF9yQ3jBeAzdbPTFIQlYwsVktYKQ="}},"BZ/kV0VmVOxTe0+MXVF91p8dROpF3KqfcXV8HMKE8utV":{"chainKey":{"counter":51,"key":"fzyNt0TtEvSgyu0PmpVEvYbRwSqa8XmS2VoArd+ra7E="},"chainType":1,"messageKeys":{}}}}},"version":"v1"}