{"_sessions":{"BQ04FSjOgg+EoEvH9AdMWo4XJYkB6RAJofciQo2T+vlu":{"registrationId":2122670974,"currentRatchet":{"ephemeralKeyPair":{"pubKey":"BaTL131UKTUbsonmxyZVUF3Xru47uWQ2CUwvPwtmZatY","privKey":"IOtxcbyXULvbVCSlWt4+Q01UgMpdIobtrG+n7Y/+MHs="},"lastRemoteEphemeralKey":"BWt8CS8q1OaZ4onPKLdCCNWIGMI/YjaVzjnkzgSafiBf","previousCounter":0,"rootKey":"uR6DWVyqZE8ogIkWNbv8jGh6OtPkkcz9CtblxLYQ4v4="},"indexInfo":{"baseKey":"BQ04FSjOgg+EoEvH9AdMWo4XJYkB6RAJofciQo2T+vlu","baseKeyType":1,"closed":-1,"used":1691247624617,"created":1691247624617,"remoteIdentityKey":"BRAOjW2ledOjvDhNbe027mxvYMUVTGgt7Z5DMyIgFjYi"},"_chains":{"BaTL131UKTUbsonmxyZVUF3Xru47uWQ2CUwvPwtmZatY":{"chainKey":{"counter":0,"key":"/5FAofG24ljTK0nB1GM6cezLrib+9KrEBY8IA++WmI8="},"chainType":1,"messageKeys":{}}},"pendingPreKey":{"signedKeyId":0,"baseKey":"BQ04FSjOgg+EoEvH9AdMWo4XJYkB6RAJofciQo2T+vlu","preKeyId":11342632}}},"version":"v1"}