{"_sessions":{"BQV5MJLbK5bK0RVj4VbcCzbxR1WAZfb2cG4sodjuGrwK":{"registrationId":1266728238,"currentRatchet":{"ephemeralKeyPair":{"pubKey":"BcDq3DRVe00NNHgJmGabXXAPTAR8gjxZlupTA2s4y+MA","privKey":"OG6EaZSIEUaxiNvZqmMtxDavCe+SJPtU69bjMlxnx3k="},"lastRemoteEphemeralKey":"BeWqW3thmnA377ZSAmls6hMsF7W/DR9Wq7HJAz3KZNRP","previousCounter":0,"rootKey":"1LJJKptGs72pytpTvXD6rGtnpAgvNqPWdC70pcD7x/Y="},"indexInfo":{"baseKey":"BQV5MJLbK5bK0RVj4VbcCzbxR1WAZfb2cG4sodjuGrwK","baseKeyType":2,"closed":1692011979057,"used":1691999601348,"created":1691624615339,"remoteIdentityKey":"BVYORpfVjomVillkCwM+yfJ/5BMSuFgnQfQVeN1uCzx3"},"_chains":{"BRXa6lkdxjvxYOk/bnLBblo6HIQAhiuCqdbQHrEJv0VF":{"chainKey":{"counter":1},"chainType":2,"messageKeys":{}},"Be82+5c13sMbZnA+gYG5r/+BOSROu7mErelZ1cyfzwlL":{"chainKey":{"counter":0},"chainType":2,"messageKeys":{}},"BePwhYW+BJlScUeypSBAZLDiaZgyICgDxkphIBo2vGcX":{"chainKey":{"counter":0},"chainType":2,"messageKeys":{}},"BYyMsAWUaUZ1MutcMR+bZrVWCHVWL07wJji4cLz6Xs9R":{"chainKey":{"counter":1},"chainType":2,"messageKeys":{}},"BREK5wqX6i4+GE8Fmt6+h1A0AhCsDl7jZLdRW4L5pdYE":{"chainKey":{"counter":0},"chainType":2,"messageKeys":{}},"BWx5kHXaSBgWALhSLlqtUkFEAh0ukECcO3OfGq2u5/V/":{"chainKey":{"counter":1},"chainType":2,"messageKeys":{}},"BeLtzaTGxJn4glB+6kVxY9IRtH++Er9SYm2eyBkGVTMk":{"chainKey":{"counter":1},"chainType":2,"messageKeys":{}},"BeFyFPVq6abMEUCOL4ucefVICjFmfV7GaXUj6n2bAUQ0":{"chainKey":{"counter":0},"chainType":2,"messageKeys":{}},"BXDUXo3bcFeHtmgrhKpSJxG+KWQyz5gl5fB8nt5gEmsZ":{"chainKey":{"counter":0},"chainType":2,"messageKeys":{}},"BY7Srdg5aH9leqsS+oheIvcS53vqdH8tsmhCsi72+aEX":{"chainKey":{"counter":0},"chainType":2,"messageKeys":{}},"BYt3zW1Ui0oJSArKlQJnujneTI9Y+2w/z7mJYxLkVkER":{"chainKey":{"counter":0},"chainType":2,"messageKeys":{}},"BWbslYgZFJ5v0vAN+RfF5ICL5+CcJG9elY778a+lC/oP":{"chainKey":{"counter":0},"chainType":2,"messageKeys":{}},"BRHDMZjW+HbjLbPtu6BQ6A/FiUJjRuP7S0Je2l0rKJMC":{"chainKey":{"counter":0},"chainType":2,"messageKeys":{}},"Bc4RgN6p2NcsBuXkf9ltDouFi+S2t7JSLyTbw4zY+ckq":{"chainKey":{"counter":0},"chainType":2,"messageKeys":{}},"BXmrGAjvBeyd13CrVOVQF9XoU1phzai/Z3u68gcAVDFC":{"chainKey":{"counter":0},"chainType":2,"messageKeys":{}},"BRh/T7tQnkWnGj7lSH2Fk40VPkmF/eVMdVVykT1VxOZn":{"chainKey":{"counter":0},"chainType":2,"messageKeys":{}},"BVolIe5nHMdJccTJemQPwfuA7U1q3A3F6svIKzuci/tx":{"chainKey":{"counter":0},"chainType":2,"messageKeys":{}},"BVJRjmtlZ8IiyoDfE+1fXsSD98+w63rLK4sgIYzD7elO":{"chainKey":{"counter":0},"chainType":2,"messageKeys":{}},"BT+xdv9Ej1FYQd4GqdpIakYzl/UlDu0eQqoqHAUVK1gX":{"chainKey":{"counter":0},"chainType":2,"messageKeys":{}},"Bber0SU7KqKjadEluYEw8SSWJAFbML/f3gu+SpjaDcYd":{"chainKey":{"counter":0},"chainType":2,"messageKeys":{}},"BQKPW1LJcVyAfzqPZGwtuzd2GzLGpPwOKhBw1uUoVlod":{"chainKey":{"counter":0},"chainType":2,"messageKeys":{}},"BdmwS23wa487Z8Z84BheEHXE6fd2zMEnGaeSSieBZ+lC":{"chainKey":{"counter":0},"chainType":2,"messageKeys":{}},"Be1zCe3KIE9gUsUjQOS60zPJDpoaZ/KPGoGSyiWZENRw":{"chainKey":{"counter":0},"chainType":2,"messageKeys":{}},"BXbGkOYDB+AbRMsiSNGk7g6RFMQ2aChbvhzaf0d9gIZq":{"chainKey":{"counter":0},"chainType":2,"messageKeys":{}},"Bcq0br5AJIyz2yGDPcFXrzfGO/A02eAc1sTiSi9tmqUd":{"chainKey":{"counter":0},"chainType":2,"messageKeys":{}},"BejiknJtzIzwR7grlP1bo/J3h/eQooqzq4veV7dKSpdQ":{"chainKey":{"counter":1},"chainType":2,"messageKeys":{}},"BbHE/a7li28N9huA3sftACEve3/oSWIQRdBYkD+rH38k":{"chainKey":{"counter":0},"chainType":2,"messageKeys":{}},"BajrGO9w78poiyYebg5wHEBQzoG7UUgOrdAHJJ6xXW07":{"chainKey":{"counter":0},"chainType":2,"messageKeys":{}},"BSfFDbFR/8QVcyqHEYkxdt8Cy5RndF0ZZMGTDblzhyBt":{"chainKey":{"counter":0},"chainType":2,"messageKeys":{}},"BXlFgFVYRhUBMxo74Z9Pa4xvTGYyZiX/gQ6C+lieajRQ":{"chainKey":{"counter":0},"chainType":2,"messageKeys":{}},"BeBt4jlV+o+FRbiCm1zuwbMIVOj2EdM17d/kN2roFfgG":{"chainKey":{"counter":0},"chainType":2,"messageKeys":{}},"BYKftnpvpTwbO2dmjpYJf4iZKOcxJ6hwslY5LkXd2hRg":{"chainKey":{"counter":0},"chainType":2,"messageKeys":{}},"Behf0IH4hDnLGB/Y9aIjZY0tE6E5LQE/a4clNQirBqY6":{"chainKey":{"counter":3},"chainType":2,"messageKeys":{}},"BdXu+kKyyFvsGuMp2M156r3vzHt9mmXBAwq7SMUyz6lo":{"chainKey":{"counter":0},"chainType":2,"messageKeys":{}},"BWc1i9NXlgMkrJODVlsqaW6n5Ex2oCalf2ikOTX87sFz":{"chainKey":{"counter":0},"chainType":2,"messageKeys":{}},"BaBCe4xzAZPkhqg3QUuciMPXWWPzRGGJVUP6kLRWUFYR":{"chainKey":{"counter":0},"chainType":2,"messageKeys":{}},"BaHVRr/ZFcz1O51Y2U7pHauVxWumftppOz+SmDMSy3cu":{"chainKey":{"counter":0},"chainType":2,"messageKeys":{}},"BXjLj8ynLQqWl0Zqxmcxl+fbg9upABfMn2/pv1A7wKgy":{"chainKey":{"counter":0},"chainType":2,"messageKeys":{}},"BfLsB5UORoHxDM3tLiamCAx/hOdQdIjB9NS+ElCep21X":{"chainKey":{"counter":0},"chainType":2,"messageKeys":{}},"BQ7ut7Xt43VYc29RvIJghpSBxFwxRWDcSkzEs8kHzNxz":{"chainKey":{"counter":0},"chainType":2,"messageKeys":{}},"BWAUy6dNMM/PsIHmHFB6C4Y/VYLztM6yiEEj7X/eStdJ":{"chainKey":{"counter":0},"chainType":2,"messageKeys":{}},"BSIkVEdYMQgRwSWNwR3T4jeeT6zpxQ4Hgs7LQp81wHJm":{"chainKey":{"counter":0},"chainType":2,"messageKeys":{}},"BZy7y170ePmACDDQaFKBkWBJQ8tnVVS0CcEWD8wQXZRk":{"chainKey":{"counter":0},"chainType":2,"messageKeys":{}},"BfSlw1BBvw3on1vVk/vy9nYEq6ud3s2ufbJQOn+DlO8/":{"chainKey":{"counter":0},"chainType":2,"messageKeys":{}},"BRNVbZAmKsGihrsROUJAoAXG9/uX/gwqRSZua2k10lIb":{"chainKey":{"counter":0},"chainType":2,"messageKeys":{}},"Be19r+PSaGqKx2I7eIeK5hDX6VAeWEzA0f9tmhohH+Es":{"chainKey":{"counter":1},"chainType":2,"messageKeys":{}},"BadTzIo7dsgF9rASPUABJ8DLum7B1g3JoGiULaWqL0YI":{"chainKey":{"counter":0},"chainType":2,"messageKeys":{}},"BQgiSXTnej04CHvAGtK0JGbA8yHqIK4LaEVXrIZZW6dN":{"chainKey":{"counter":0},"chainType":2,"messageKeys":{}},"BZT0t/Ow2HtXmloYszZaWJfzOTY07KqMEe+kGxpSaelO":{"chainKey":{"counter":0},"chainType":2,"messageKeys":{}},"BSgU0X9vEI3tGUH1fyrQ+MviLgko/PtYaPUdaa92y8Az":{"chainKey":{"counter":0},"chainType":2,"messageKeys":{}},"BcuecHOyrJFgmCK7BslE3QnaHIz6RyxiJXT4dtlMuSMJ":{"chainKey":{"counter":0},"chainType":2,"messageKeys":{}},"BdHwfKOkavb/Xl6fvuQNVBdjnh2gx4GoiS5kkqlmAXkJ":{"chainKey":{"counter":0},"chainType":2,"messageKeys":{}},"BSRbAHVJEkB0N2uAWvHrKBVvTvq57/iFdOgjO0/Gpqpc":{"chainKey":{"counter":0},"chainType":2,"messageKeys":{}},"BfyHhDAuWrtoSqbn0GGv7wBRCAH8UzHsxD9aAg28fG07":{"chainKey":{"counter":0},"chainType":2,"messageKeys":{}},"BTTtAIubovcI6u6fAj/6Kw14JXG9gBOPyBlTQt/r03pg":{"chainKey":{"counter":0},"chainType":2,"messageKeys":{}},"BTJKVeWX1Lv5JJV2Embqv/mAytjwVF1keWmbvE/RbGt1":{"chainKey":{"counter":0},"chainType":2,"messageKeys":{}},"Bbvmzh9kTLbFXzyUws0olhSCa4RI1jqM0hOtk2bTYNoD":{"chainKey":{"counter":0},"chainType":2,"messageKeys":{}},"BRoFvtn5ccxrKciupqzo/jSSNR89i+zvU99vWb7Iajd9":{"chainKey":{"counter":0},"chainType":2,"messageKeys":{}},"BU5hEQdVwyd6+bdEk3C3AGp6J9xmh0AspUvOpL7veS8d":{"chainKey":{"counter":0},"chainType":2,"messageKeys":{}},"BUCPhitiXV219W0F7oFODqrGePe2JM880eChwwYuMUwK":{"chainKey":{"counter":0},"chainType":2,"messageKeys":{}},"BeOJUD+6QuGAGAYGedtqWbkKPh0EiAph581oK3KZlEAt":{"chainKey":{"counter":0},"chainType":2,"messageKeys":{}},"BYpeUArIIVyXhZhvNOWwAk8Ipqv49aVaqr3Ma6g1zvFa":{"chainKey":{"counter":0},"chainType":2,"messageKeys":{}},"BVPkYBKZZ6P+IWQKaOOQyVQgk/sEiviqfr+su5B5itxH":{"chainKey":{"counter":0},"chainType":2,"messageKeys":{}},"Bf3Xm6lcNf8LKKfqxxeYmQQ81pIGifgoKC2klSCbX5U7":{"chainKey":{"counter":0},"chainType":2,"messageKeys":{}},"BfvswB8gFadZIxiH3Nxm7mUoYtmmFaA+pGwuvnOtx7tO":{"chainKey":{"counter":0},"chainType":2,"messageKeys":{}},"BXE1YWcMdgSI6bC7foPP1u5/pwKRNR4dpr0Eho2O2Tw9":{"chainKey":{"counter":0},"chainType":2,"messageKeys":{}},"BX8Qa1drPTMEXLe5NWIsznvvdiyEqDKvFg0TB51WBCg3":{"chainKey":{"counter":0},"chainType":2,"messageKeys":{}},"BZtHQd31ChFT2fplFCmDhaLw3Jldc15+iu9VY2GyG00c":{"chainKey":{"counter":0},"chainType":2,"messageKeys":{}},"BTsKye2ruLqOdHiTVlzkZ6Jk+2/NJTFuiWhRPaEI04p5":{"chainKey":{"counter":0},"chainType":2,"messageKeys":{}},"BdAufgDCcfzxQ6tNB8G9m1uwarI+AAzKHKkiH7eUpjQ/":{"chainKey":{"counter":0},"chainType":2,"messageKeys":{}},"BfVn9P64JeaFJUr0lnHxLsEvsDfyvVGMWF5OejpQmc9C":{"chainKey":{"counter":0},"chainType":2,"messageKeys":{}},"BWnhHgPCofH2A+rMIgfoi6dBR/KDbMIBIbCP1G5YwPcu":{"chainKey":{"counter":0},"chainType":2,"messageKeys":{}},"BZVuYjXd9TU3XbWu/zE7bV30CgpbmPOyFA0nD/ZTr4sS":{"chainKey":{"counter":0},"chainType":2,"messageKeys":{}},"BWXkp3vO2FX1Tc8Jci+JJ9Qktr2ihjOsZEFA16Wq6chr":{"chainKey":{"counter":0},"chainType":2,"messageKeys":{}},"Bf+kXda9wnbeAxQ08zKXfQHqSyhlWm5vT0xkuanhLZ0Q":{"chainKey":{"counter":1},"chainType":2,"messageKeys":{}},"BaJGel/11pgVCOnhskD+2UozMETwqAEjYcJLJxTmR2UF":{"chainKey":{"counter":0},"chainType":2,"messageKeys":{}},"BUYrP0QU5/q048gxinrNpaU5cqri6/vhDXS1fsoOo8tb":{"chainKey":{"counter":0},"chainType":2,"messageKeys":{}},"BU64hvqAWFzWl+7cZQZELv1jdHsplf4gAYQkLdWZJwZW":{"chainKey":{"counter":0},"chainType":2,"messageKeys":{}},"BWuvctCjc8edr8v77BNpv6h6K3Avf3Llc6fEuRUjDJZ9":{"chainKey":{"counter":0},"chainType":2,"messageKeys":{}},"BZgHCZSkoZBN/rnh8RtC3P+NA33g+Ug3xRposRy4G0Ql":{"chainKey":{"counter":0},"chainType":2,"messageKeys":{}},"BXTtuk4CyKqrKmvveo0Ig9syo3fHjTvyfDiRX2qAIy9W":{"chainKey":{"counter":0},"chainType":2,"messageKeys":{}},"Bcmj1H+4mYiunhyclo7Fl6ilMvmYFBrLm+JZ0aVAv8Z9":{"chainKey":{"counter":0},"chainType":2,"messageKeys":{}},"BdUed8CMDfq2UHBhaMLjov+zHLxWn3KPkMDaDJmgonp3":{"chainKey":{"counter":0},"chainType":2,"messageKeys":{}},"BWI7Qt1ZPLlT7JT25Eg9RkOyEp5C1SO2r1+Bo4uanREz":{"chainKey":{"counter":0},"chainType":2,"messageKeys":{}},"BfIpLcx2aiQ86pUGRspMJ5AlgF0i4RwTAd3XUXnw2nQw":{"chainKey":{"counter":0},"chainType":2,"messageKeys":{}},"BSM0KC76/GJA4BHebRqM7q0ElVsVf75di93wLBM7XoFa":{"chainKey":{"counter":0},"chainType":2,"messageKeys":{}},"BZFTeXnuOcBftyC8/jKILmSqZ5tuudh8ZVpUqxOJiPFd":{"chainKey":{"counter":1},"chainType":2,"messageKeys":{}},"BREpZrhAVuNfEnybQx0Dq2mJGjNkpyUuGWx3EEgPOO8N":{"chainKey":{"counter":0},"chainType":2,"messageKeys":{}},"BcfbdtYP4V5R4VloBRpfyQMAchdKfMvCAmwBfaLAAXBf":{"chainKey":{"counter":0},"chainType":2,"messageKeys":{}},"BdlzvxD3pfbTJayML7FpGXP6l6A7tJtFGh6etAMKPgos":{"chainKey":{"counter":1},"chainType":2,"messageKeys":{}},"BbSmfRm/90i9MeznyBXNxQTp6Iyk16bvbhmY6kn/x9kK":{"chainKey":{"counter":0},"chainType":2,"messageKeys":{}},"BX3Rpnih4xCg2X3hVhIX3FQBQf6wHqpKsZ3hhbH7HGIg":{"chainKey":{"counter":0},"chainType":2,"messageKeys":{}},"BWLT4nGCv+N4zv9f6lM349eYRJO88nkORnzBGwwRrBtg":{"chainKey":{"counter":0},"chainType":2,"messageKeys":{}},"BTuBrY2tqj+jyinvB3nbgqrgDBcSjLLu2KWvfkytU0sW":{"chainKey":{"counter":0},"chainType":2,"messageKeys":{}},"BR2NCemuHjmxXhvYFVF6ET6Or13s+hD/W8dsNhSw2iRC":{"chainKey":{"counter":0},"chainType":2,"messageKeys":{}},"BQsAv9W1bJegwknE2lErinQPHh+oJXWCKAybqn27WPF7":{"chainKey":{"counter":0},"chainType":2,"messageKeys":{}},"BeT0+qybblS4ZSGVwl30/XncRO2aUTMifi2hZ6v9xYVb":{"chainKey":{"counter":0},"chainType":2,"messageKeys":{}},"BfmeCNdbGJsxNkE7V8qAjOUKdtRMxZHipAHVe/xrr98T":{"chainKey":{"counter":0},"chainType":2,"messageKeys":{}},"BXG91dmY1RUaLcp10UlFxC00PwKJGBdEqtRjF+aPtxMn":{"chainKey":{"counter":0},"chainType":2,"messageKeys":{}},"BaEEMNCljkasU343g4Km7BZtFtqMR3QLLP+HikyXbUpW":{"chainKey":{"counter":0},"chainType":2,"messageKeys":{}},"Ba9xip8g7ZQKeAG0A4uK4nhX0D3c5GhTJcPEe7pFjzEx":{"chainKey":{"counter":0},"chainType":2,"messageKeys":{}},"BTfj6Su0glbv9xO7omjX2y1NyRtVDjyt6xdlNZgVawxp":{"chainKey":{"counter":0},"chainType":2,"messageKeys":{}},"Bf4+ErspgBGe8CDWUk2vUZPzREwj9ejP1ctsaCtFme8g":{"chainKey":{"counter":0},"chainType":2,"messageKeys":{}},"BWjBehx2aG8JgbVrKdM4yFNA/u4Y2LKO0R2P4FN0QA8c":{"chainKey":{"counter":0},"chainType":2,"messageKeys":{}},"BfAiblRjKIMopDRA5lq8ZVJ05vr4E7mKyAQCOXfamU13":{"chainKey":{"counter":0},"chainType":2,"messageKeys":{}},"BUjq0Lw2JOE55Xcjn1ZqMZpEyO7cpJ7pY6okFE1zU4p2":{"chainKey":{"counter":0},"chainType":2,"messageKeys":{}},"BfIJp0BfZ2ZFM5GajjcuQXJxLPu1qyQ3iB/xPwzYPHA3":{"chainKey":{"counter":0},"chainType":2,"messageKeys":{}},"BYMqsT6xi3RDxvwqfN1+zF+PKtvdjfisEIGPOL5i84Aa":{"chainKey":{"counter":0},"chainType":2,"messageKeys":{}},"BfE4x05D4U/3t/0kWxPJmaiUqc0v5v7B2OdP8f8+wX0D":{"chainKey":{"counter":1},"chainType":2,"messageKeys":{}},"BXI+AgTHQmxh1f/nwIWDEphWSgQjpiRHMiYbTSTELaFM":{"chainKey":{"counter":0},"chainType":2,"messageKeys":{}},"BRXBbIeFUjSNYiFdu5DtvvIl/pkgp3oySQuXeQl7jkFH":{"chainKey":{"counter":1},"chainType":2,"messageKeys":{}},"BRevOOps+AvZKndCnIE/vWk6o4yp7XJuMsfZM5yHLfVA":{"chainKey":{"counter":0},"chainType":2,"messageKeys":{}},"Bcy0zxg+bh/lX7PGC3Qh2F9aTO7brQMSWiJsUqkkoEkT":{"chainKey":{"counter":0},"chainType":2,"messageKeys":{}},"BQPr7tz89BcwjUWVsU3VT+jSuH/FCKbkB70+m4ZTHHki":{"chainKey":{"counter":0},"chainType":2,"messageKeys":{}},"BWNDwYGhdIrNaG0TyYv0IFDeDGeKjvQj14KZyHUXt29W":{"chainKey":{"counter":0},"chainType":2,"messageKeys":{}},"BQbrZfayMeRadH4wFAZWq2gjafmiLL4H2g4slABPzCZ4":{"chainKey":{"counter":0},"chainType":2,"messageKeys":{}},"BefA0AXEfGqnQVj8nZ0i7kCz10V7Cpx2woQLihx7RC1U":{"chainKey":{"counter":0},"chainType":2,"messageKeys":{}},"BWRAOxlwUtoDYKED+H+vybi7BnG7pTBlMdPJv6YW5v5F":{"chainKey":{"counter":0},"chainType":2,"messageKeys":{}},"BTpMj5NbYdcQNBRrlVFuRa/VTntYEc+UbAB4bmzM75xn":{"chainKey":{"counter":0},"chainType":2,"messageKeys":{}},"BbToB2fTxWmzjCigRbSMc+qdCJPG54ApxyHullswv9NJ":{"chainKey":{"counter":0},"chainType":2,"messageKeys":{}},"BYnVFSP3ojOT+dbLqsE6A0ZQ2eWdFV69ug/SZS/rlfYb":{"chainKey":{"counter":0},"chainType":2,"messageKeys":{}},"BYeWxou2hbIjAU7g+YUiX0WujLFuM0ZQkkeyBimGH8IY":{"chainKey":{"counter":0},"chainType":2,"messageKeys":{}},"BeWqW3thmnA377ZSAmls6hMsF7W/DR9Wq7HJAz3KZNRP":{"chainKey":{"counter":0,"key":"LCrNp6ANNWwsJPeKLkP1Eun/T/YwRnupq+TR5C/E10s="},"chainType":2,"messageKeys":{}},"BcDq3DRVe00NNHgJmGabXXAPTAR8gjxZlupTA2s4y+MA":{"chainKey":{"counter":7,"key":"2BRssJ2GDRu4Nulx5ChqMjGXgmOzcJgxgmeribNl7QM="},"chainType":1,"messageKeys":{}}}},"BRa9+74lxyIXZtcaodga9zTUd5sAy2Bvk3a2tJowbyMM":{"registrationId":1266728238,"currentRatchet":{"ephemeralKeyPair":{"pubKey":"BeYSRa4s7ZY8IIy+emtDtxeqp5gVDHOYUGwpLA/wCdYO","privKey":"8H6bMBGBY5lgI++hcv3w57Ek6uT9qUxz2BYlVX1XGU8="},"lastRemoteEphemeralKey":"BRgsBoaq6+iMk6ck5Aym3ZnmHDjYIdrzoTAsCtMN8s8F","previousCounter":7,"rootKey":"6GzCRKNyShPqg8mSd8ex/08wD0Dxa9TW5OQn+m4iwok="},"indexInfo":{"baseKey":"BRa9+74lxyIXZtcaodga9zTUd5sAy2Bvk3a2tJowbyMM","baseKeyType":2,"closed":-1,"used":1692062412947,"created":1692011979080,"remoteIdentityKey":"BVYORpfVjomVillkCwM+yfJ/5BMSuFgnQfQVeN1uCzx3"},"_chains":{"Bf2Wyt0qVOon+sek1YDktt0Cm9WBqmX6iuc2Vti+9d5L":{"chainKey":{"counter":1},"chainType":2,"messageKeys":{}},"BYe7laSmcw5TwvN6je2SpD2oGXZ9Y4BwduDhjSEtmy9i":{"chainKey":{"counter":0},"chainType":2,"messageKeys":{}},"BaU8snQcJ+gS2vhODihmc1N+LKHRkW0hB0TEyhZSLApw":{"chainKey":{"counter":0},"chainType":2,"messageKeys":{}},"Be6Prdpg737TC0jlBL5Kl8W3zXEeC3NvpqS3341XqGIZ":{"chainKey":{"counter":0},"chainType":2,"messageKeys":{}},"BaY4N3cmVxXPgjyYliAmAMWie3dwCkPNudV3zzBj5dMy":{"chainKey":{"counter":0},"chainType":2,"messageKeys":{}},"BcNXM66JAaRz+wHH4YSKL3/oVXSdIXVtS1P0vNcG4sFc":{"chainKey":{"counter":0},"chainType":2,"messageKeys":{}},"Bf6zY/+qUD9jVNNaZVKsSyWAUR0pwcvma9ThWYeCTI5i":{"chainKey":{"counter":0},"chainType":2,"messageKeys":{}},"BUznhiQjl9dPie5VBvflAYFdqSRDtxAurjNUu9+oXlsa":{"chainKey":{"counter":0},"chainType":2,"messageKeys":{}},"BWurJeXC7zaV23e4C2vw7pyPUCnaDsQ5e1ZNELR8cScb":{"chainKey":{"counter":0},"chainType":2,"messageKeys":{}},"BZAvkTvZObbqNstzhPgCjMkXhxqhWn7Nh+IfTAx0GDMQ":{"chainKey":{"counter":0},"chainType":2,"messageKeys":{}},"BSvTCGxkUFOsOMhwlCubyFmI+ZiX/FpUPb8wJvQhnGx+":{"chainKey":{"counter":0},"chainType":2,"messageKeys":{}},"BRBnpmvY+5RBagUv1Frvnm02ekT0bjGI5ii20kkAeXsi":{"chainKey":{"counter":0},"chainType":2,"messageKeys":{}},"Bct3y0YY3diGxg6ocn+DxBZVU4uBLXk2arBPmLD+/xtX":{"chainKey":{"counter":0},"chainType":2,"messageKeys":{}},"BTU8Jn9J4LSbswriG9a4+PQlaC2Pbo2PUne+0SZSr4gn":{"chainKey":{"counter":0},"chainType":2,"messageKeys":{}},"Bc2xaYFVWFIyzcRJ0XuR9rm53GXHXyOPad+wGm63yzdN":{"chainKey":{"counter":0},"chainType":2,"messageKeys":{}},"BUwJKZ80psFobFxd4rcuZDzKcjJEV8868FCI9aQJvmNR":{"chainKey":{"counter":0},"chainType":2,"messageKeys":{}},"BeBJoafC9SyJ8E1DUHmTH19R8I0RcG1xgOqWoe+IUwwb":{"chainKey":{"counter":0},"chainType":2,"messageKeys":{}},"Bb0nj6SxTWI7SLm4xlwzvRYdcEfrwklrmQpF7C7N43NY":{"chainKey":{"counter":0},"chainType":2,"messageKeys":{}},"BckicCvsKSP1sTpCLX8WhQwCc6HGbGbtcZ1mN7MEwccF":{"chainKey":{"counter":0},"chainType":2,"messageKeys":{}},"BRgsBoaq6+iMk6ck5Aym3ZnmHDjYIdrzoTAsCtMN8s8F":{"chainKey":{"counter":0,"key":"G6oqzaojBvYEPthKgaov9SuHoxsOOqc1Q9GRRc4Faqo="},"chainType":2,"messageKeys":{}},"BeYSRa4s7ZY8IIy+emtDtxeqp5gVDHOYUGwpLA/wCdYO":{"chainKey":{"counter":0,"key":"sXr2LQvK1HxeqvWTvvUkcMR1nBDU9hohMCFhfgT5QaQ="},"chainType":1,"messageKeys":{}}}}},"version":"v1"}