{"_sessions":{"BTwQHyR8cgfZGnMNey9BhOItZWOuZMDk07pZyJiHLiQ9":{"registrationId":29,"currentRatchet":{"ephemeralKeyPair":{"pubKey":"BQBqt4Hf+Q/Q7yUFKmMn7YCWnBLsZ3uUjuWF6djASY4x","privKey":"KEmd2kGQAWsRs0dfv8QZqdcj/WNf5tOEMOMlTxsFg34="},"lastRemoteEphemeralKey":"BWTOEG6mnuBsIcjzDxiZkscxVdWuEpfAsSnLzVcKmnQX","previousCounter":0,"rootKey":"weSaL6fG2m508rhLv5qalgeK2YyA5xOriuwn36PfMNA="},"indexInfo":{"baseKey":"BTwQHyR8cgfZGnMNey9BhOItZWOuZMDk07pZyJiHLiQ9","baseKeyType":2,"closed":-1,"used":1691972326314,"created":1691972326314,"remoteIdentityKey":"BSLA+Awgvwgs6lh6qOW6oLPb6jwC+HtsbrrHfHg7nqd4"},"_chains":{"BWTOEG6mnuBsIcjzDxiZkscxVdWuEpfAsSnLzVcKmnQX":{"chainKey":{"counter":1,"key":"v0Baf3RW2jNmir5P7K293m4jqXv6Z4qbmZXkDhXCejY="},"chainType":2,"messageKeys":{}},"BQBqt4Hf+Q/Q7yUFKmMn7YCWnBLsZ3uUjuWF6djASY4x":{"chainKey":{"counter":-1,"key":"avrjKtZ84gI/5RodUs+0r0p1tcOD35RM67047G+VR3E="},"chainType":1,"messageKeys":{}}}}},"version":"v1"}