{"_sessions":{"BSV1leStUV08lJYQGE2vAUh7bcZh191CkoNaWI0iCvRt":{"registrationId":96057943,"currentRatchet":{"ephemeralKeyPair":{"pubKey":"BQM8JWKa0CFs4KjmTEfyMR3SsbHVO4n5J2RcIWf/LxZy","privKey":"WK1zV1rp7TV+JQ8OtvqX8nkeL7hjEQVBMVGbTRB7OW0="},"lastRemoteEphemeralKey":"BYIeh6/S6o5SxqVUzlQyqKp2c94oQdcEdku2ZaiPcggG","previousCounter":0,"rootKey":"xeu4ZZ5MoXSXJC9s07+Qs6r4nV3GTW4lNVhz47PcNHo="},"indexInfo":{"baseKey":"BSV1leStUV08lJYQGE2vAUh7bcZh191CkoNaWI0iCvRt","baseKeyType":1,"closed":-1,"used":1691247623946,"created":1691247623946,"remoteIdentityKey":"BWw72+rMag6TU+u40i0mtBuFE+zDIITLIa7Apd/1kvAP"},"_chains":{"BQM8JWKa0CFs4KjmTEfyMR3SsbHVO4n5J2RcIWf/LxZy":{"chainKey":{"counter":0,"key":"el75WWqfZyKol8OCN5YBNyoJEXxNDGQrggTcNf4anuU="},"chainType":1,"messageKeys":{}}},"pendingPreKey":{"signedKeyId":20,"baseKey":"BSV1leStUV08lJYQGE2vAUh7bcZh191CkoNaWI0iCvRt","preKeyId":5857401}}},"version":"v1"}