{"_sessions":{"BShpyHvyzImV0SrkgbF3v5OOzWx3CF9Nca4pImbFN2w7":{"registrationId":1870612126,"currentRatchet":{"ephemeralKeyPair":{"pubKey":"BTs13fjzEd468rQNtXIFYA8dDdu63GbJkbnSbGWfQT59","privKey":"2I/RXn5t4viC2sIyDyZgphvYyfPv62koJwRdZg8D0lE="},"lastRemoteEphemeralKey":"BdRT3+IawjMNkteu8LHpUANYd/dVvHUFgQlt/AxJL89w","previousCounter":0,"rootKey":"zXTBnlj3ix5opY4Ur2cGx4Eo83HiXgtU0JWux/4UUpc="},"indexInfo":{"baseKey":"BShpyHvyzImV0SrkgbF3v5OOzWx3CF9Nca4pImbFN2w7","baseKeyType":1,"closed":-1,"used":1691247624130,"created":1691247624130,"remoteIdentityKey":"BTN0bsgLQT/o6pJIwMSlUw3XBGnHPg9J3NWldVKyVE8c"},"_chains":{"BTs13fjzEd468rQNtXIFYA8dDdu63GbJkbnSbGWfQT59":{"chainKey":{"counter":0,"key":"JEE36gEsJJCxC9jcMe18vUKjyRuS+JeVKGyKe63VVTU="},"chainType":1,"messageKeys":{}}},"pendingPreKey":{"signedKeyId":2,"baseKey":"BShpyHvyzImV0SrkgbF3v5OOzWx3CF9Nca4pImbFN2w7","preKeyId":16383776}}},"version":"v1"}