{"_sessions":{"BXmwV3PlniktyPcGwgE/n7Q+qXimVrDGBFSiMUXXe2pi":{"registrationId":192,"currentRatchet":{"ephemeralKeyPair":{"pubKey":"BZQWbatu3t7dn2w8JVTY9jmkspUYJK0x2DNbxuMp9qcq","privKey":"uJKxNacrGTWUluXoG9vaFfYNXDtULBqeMGtEjU1YGWc="},"lastRemoteEphemeralKey":"BUhWlkrlAXV0K1iSCfwsb6yw5u1yMEsraTWDMwQ/1hdN","previousCounter":0,"rootKey":"Ox2RFsJJcBTwbAkInpz5M96EVXN4cbOHIKIllaczl3o="},"indexInfo":{"baseKey":"BXmwV3PlniktyPcGwgE/n7Q+qXimVrDGBFSiMUXXe2pi","baseKeyType":2,"closed":-1,"used":1691972337844,"created":1691972337844,"remoteIdentityKey":"BdV95HcUctSubCUdUCs7AZgTP3R3jUcXb8qpoeG1u4RD"},"_chains":{"BUhWlkrlAXV0K1iSCfwsb6yw5u1yMEsraTWDMwQ/1hdN":{"chainKey":{"counter":6,"key":"8813HNJBOCjHvjwBittj+44/tl95K65HFBFbLumYtNk="},"chainType":2,"messageKeys":{}},"BZQWbatu3t7dn2w8JVTY9jmkspUYJK0x2DNbxuMp9qcq":{"chainKey":{"counter":-1,"key":"/92VzlUPHAfMDPRDsjcGz8JM92J99wsoUUCjqAsxZ54="},"chainType":1,"messageKeys":{}}}}},"version":"v1"}