{"_sessions":{"Be+Qq68M2lGtFL5/Bxf6Ci5CQmLKGzqWIO4y0TwIialr":{"registrationId":137,"currentRatchet":{"ephemeralKeyPair":{"pubKey":"BaSr5+kcDNw/dCOpuQkxqO7IPGM9prq6PlppZipkJcIq","privKey":"iLM5oObBmw+pCG9Q5S2BrNR6nHWint5J92JBdhwozmE="},"lastRemoteEphemeralKey":"Be4VO7vMimBvqXZZrjuMznB0HPNWfBlPEWDB2VsR7S4G","previousCounter":0,"rootKey":"eUH3aL+KPFtNtpYJ6/guNYO6+/n+9HYyUkY2AFHDFSw="},"indexInfo":{"baseKey":"Be+Qq68M2lGtFL5/Bxf6Ci5CQmLKGzqWIO4y0TwIialr","baseKeyType":1,"closed":-1,"used":1691247273618,"created":1691247273618,"remoteIdentityKey":"BX6rTMT6Hjk+vZCRWpm7dJqBgcdCb0WmUMPbXeb0yzZR"},"_chains":{"BaSr5+kcDNw/dCOpuQkxqO7IPGM9prq6PlppZipkJcIq":{"chainKey":{"counter":803,"key":"GrX348g8v1ORlfQEtO0h+MAJAgOU93DXDPSPBNz9Dvg="},"chainType":1,"messageKeys":{}}},"pendingPreKey":{"signedKeyId":1,"baseKey":"Be+Qq68M2lGtFL5/Bxf6Ci5CQmLKGzqWIO4y0TwIialr"}}},"version":"v1"}