{"_sessions":{"BXXbI/xHNtbeGWVbC1EUcJVTgbzWwC7SbFrl1+4frHE6":{"registrationId":127928467,"currentRatchet":{"ephemeralKeyPair":{"pubKey":"Bb1MN/guVN1y5ndP7XqWglQnBaoOKlNqLIIhM4O9UYNM","privKey":"UK3MxRfzkSnMjZh1pXvbCswP0WS7acV2B34+QenG1kY="},"lastRemoteEphemeralKey":"BaPIqTUYCYxxUkmRJK5xHAwrvB3nxwIYHsLBUV7UC5he","previousCounter":0,"rootKey":"BT9kNi82dZKVbmRISonw50KXIY5p8afUyJRhDm9q9jA="},"indexInfo":{"baseKey":"BXXbI/xHNtbeGWVbC1EUcJVTgbzWwC7SbFrl1+4frHE6","baseKeyType":1,"closed":-1,"used":1691247623760,"created":1691247623760,"remoteIdentityKey":"BeVL0p6nZZbNu4m8IGxhQokkQPKmUpqmX5UXhoCaEzJw"},"_chains":{"Bb1MN/guVN1y5ndP7XqWglQnBaoOKlNqLIIhM4O9UYNM":{"chainKey":{"counter":0,"key":"XQgdpNJUfQENIqbww2sf8cLQm6gW8BBTUtswQ6hzeBY="},"chainType":1,"messageKeys":{}}},"pendingPreKey":{"signedKeyId":20,"baseKey":"BXXbI/xHNtbeGWVbC1EUcJVTgbzWwC7SbFrl1+4frHE6","preKeyId":7003826}}},"version":"v1"}