{"_sessions":{"BaIJuu1jtVIdWVX1JRk0XhzScE+xVfGR3dPELI5Qk/1t":{"registrationId":681360996,"currentRatchet":{"ephemeralKeyPair":{"pubKey":"BfzafM5h4b6X+WpQV+ws+rqwfXYLo0Th2llMxwQ1+rZD","privKey":"IAehQqcSChE6UOGEbYH+IzWbXYwflgmHqTrlHsc+5lo="},"lastRemoteEphemeralKey":"BVcCOuMcj3ChXMUsCjArcjc8cNyZpJP6Eg7y+iNFzaYq","previousCounter":0,"rootKey":"I+CMcdNZMRuHxeh3khW4ToHIhaId0AYNnIEEnHxrKdI="},"indexInfo":{"baseKey":"BaIJuu1jtVIdWVX1JRk0XhzScE+xVfGR3dPELI5Qk/1t","baseKeyType":1,"closed":-1,"used":1691247623704,"created":1691247623704,"remoteIdentityKey":"Ba1r4dvutlnF8ITJBqqnRk1jKHVn/wEk96sjdHK5V0Ui"},"_chains":{"BfzafM5h4b6X+WpQV+ws+rqwfXYLo0Th2llMxwQ1+rZD":{"chainKey":{"counter":0,"key":"kqFYQV5NV8MdJFuM+kqbLUK3lTxi3CrKABG6IxCm6x4="},"chainType":1,"messageKeys":{}}},"pendingPreKey":{"signedKeyId":12,"baseKey":"BaIJuu1jtVIdWVX1JRk0XhzScE+xVfGR3dPELI5Qk/1t","preKeyId":10033546}}},"version":"v1"}