{"_sessions":{"BQgfi9oAEKETVhCw2RUIEUSYm8qPEWGQLVYRMWWxTL9y":{"registrationId":4,"currentRatchet":{"ephemeralKeyPair":{"pubKey":"BYkPp0qmmBxxdgD6XQqV6COHpwm/rcJLBwvB0W3hfpBv","privKey":"MMw4rtPleH1gFIEzrROmYfsAM4ILCXeXdjtMesq6unE="},"lastRemoteEphemeralKey":"BVc20mDMi5uTt8rrloFHw/sVgVKfKmIMMSrgZh0YqYUa","previousCounter":0,"rootKey":"qXDmFVoSJQXSrV165R1K22rtLtwbiKAbwXv8LJOsOnQ="},"indexInfo":{"baseKey":"BQgfi9oAEKETVhCw2RUIEUSYm8qPEWGQLVYRMWWxTL9y","baseKeyType":1,"closed":-1,"used":1691422133196,"created":1691422133196,"remoteIdentityKey":"Be03P4+9OvrbAxfkyNlS5IORohv+BGITPZt/F/+HUXxD"},"_chains":{"BYkPp0qmmBxxdgD6XQqV6COHpwm/rcJLBwvB0W3hfpBv":{"chainKey":{"counter":35,"key":"gHWldb5208+1hw2NskKwo8YYNpRBZxRttdS9bzlrGXc="},"chainType":1,"messageKeys":{}}},"pendingPreKey":{"signedKeyId":1,"baseKey":"BQgfi9oAEKETVhCw2RUIEUSYm8qPEWGQLVYRMWWxTL9y"}}},"version":"v1"}