{"_sessions":{"BcP+ODSf/IJBEJkvIcqoAsFZQGj9dAgolgXeDN1lNVdD":{"registrationId":1354582410,"currentRatchet":{"ephemeralKeyPair":{"pubKey":"BTI2lrWdJtAr8XAr1mwjyqJF4wEGuaqxzkXobaGd8XhS","privKey":"IJ9fQRQfxgIgTZbbXTkSc+1G05eYruJEDwNJ2wgXX2I="},"lastRemoteEphemeralKey":"BQ+qm69qrf2u7OJPK4Il63XTSSpdK0s8AH7WVhJvXTcP","previousCounter":0,"rootKey":"0rsL4BxgoPHj7wyJEodVFje2agir/annGg3fofzTFqE="},"indexInfo":{"baseKey":"BcP+ODSf/IJBEJkvIcqoAsFZQGj9dAgolgXeDN1lNVdD","baseKeyType":1,"closed":-1,"used":1691247623835,"created":1691247623835,"remoteIdentityKey":"BT8dbojT7FCBqaHHVH5AAmJu09mJYk0KMBK2yyCEqHdr"},"_chains":{"BTI2lrWdJtAr8XAr1mwjyqJF4wEGuaqxzkXobaGd8XhS":{"chainKey":{"counter":0,"key":"AT9N22zMeT/BxZiPf7h8RBX90hUyDCg4ggudetzudRs="},"chainType":1,"messageKeys":{}}},"pendingPreKey":{"signedKeyId":5,"baseKey":"BcP+ODSf/IJBEJkvIcqoAsFZQGj9dAgolgXeDN1lNVdD","preKeyId":6434865}}},"version":"v1"}