{"_sessions":{"BetQlvVmnoAYqQvhvxy+nra2Pw7WhWyKeaX5dg7+grVm":{"registrationId":4283,"currentRatchet":{"ephemeralKeyPair":{"pubKey":"BTzCJWu0C0+7dDSvXVb1Jn1vugIBsw64b6J9boJW9bRh","privKey":"QGeDj18XB2iQID8PCG1VEaCl4KRzglNO24rAj8jrj20="},"lastRemoteEphemeralKey":"BSAXzXmtf0q9cetFl8mUIrbGHcb7Xb0vviMbAvFLmc0T","previousCounter":0,"rootKey":"GoNqCfGnkdzlPt5o0RjEwu+TFOm2bZcUGHAag5tI36g="},"indexInfo":{"baseKey":"BetQlvVmnoAYqQvhvxy+nra2Pw7WhWyKeaX5dg7+grVm","baseKeyType":1,"closed":-1,"used":1691247623576,"created":1691247623576,"remoteIdentityKey":"BXnbGjG1uheDJBCOzMZCEH8IcFPm5iDXSRv9OmptyQo2"},"_chains":{"BTzCJWu0C0+7dDSvXVb1Jn1vugIBsw64b6J9boJW9bRh":{"chainKey":{"counter":0,"key":"Oe3IjTS03cFh3+ixvQh68Jj86ZLIZtH991WfgIAetVE="},"chainType":1,"messageKeys":{}}},"pendingPreKey":{"signedKeyId":1,"baseKey":"BetQlvVmnoAYqQvhvxy+nra2Pw7WhWyKeaX5dg7+grVm"}}},"version":"v1"}