{"_sessions":{"BR8pYQJylgjM/RpPQ04w1SHOJKSUbrtR7HNBL3vddmUV":{"registrationId":75,"currentRatchet":{"ephemeralKeyPair":{"pubKey":"Bd4FLsZc7o4G1ST4Msc7kSWjPOBHeFbUjS/bC9PAdehm","privKey":"KOo/nyATtO/uCbC9G4bbO7SNmlLWKWyC0utxShzr0lQ="},"lastRemoteEphemeralKey":"BQkat+AU4Cjqaw2L9UhJGui6Mwz/3aVBYJFgH4t2w25p","previousCounter":0,"rootKey":"umoq5aU7BcsXykKLQDA0F2mieK7gAL0gKWWu/Gx7y9s="},"indexInfo":{"baseKey":"BR8pYQJylgjM/RpPQ04w1SHOJKSUbrtR7HNBL3vddmUV","baseKeyType":1,"closed":-1,"used":1691975785459,"created":1691975785459,"remoteIdentityKey":"BQ4Nuuq436ssB/dmhYWlwz3ngkitgzqP59AGfkxYsrxp"},"_chains":{"Bd4FLsZc7o4G1ST4Msc7kSWjPOBHeFbUjS/bC9PAdehm":{"chainKey":{"counter":0,"key":"NwNN71Ef4jfPaq3uMdrUoAphOVdhBYgycw5dHki3Uro="},"chainType":1,"messageKeys":{}}},"pendingPreKey":{"signedKeyId":1,"baseKey":"BR8pYQJylgjM/RpPQ04w1SHOJKSUbrtR7HNBL3vddmUV"}}},"version":"v1"}