{"_sessions":{"BR72eSabiAJKyYVRnMMAlpSxeZu+P2YLGHD7AcMQ4WFb":{"registrationId":248,"currentRatchet":{"ephemeralKeyPair":{"pubKey":"BT5djDTnQbLSEXFNQcxYwfv16HtZ+kA+amv5ms4po4h9","privKey":"CAtRA1bnCyuZ+dvgdOJ9Is85VNQ5QuMHxFpTvD7T50w="},"lastRemoteEphemeralKey":"BQkTzjonny5ImceKjEmN/PNeU1HiglTcjT8t5bT28Fo1","previousCounter":0,"rootKey":"7SHzb1ckHzgjUinfIMXInwfOgDFiNeUiF/HL7R9QfWA="},"indexInfo":{"baseKey":"BR72eSabiAJKyYVRnMMAlpSxeZu+P2YLGHD7AcMQ4WFb","baseKeyType":2,"closed":-1,"used":1691422305807,"created":1691422305807,"remoteIdentityKey":"BQkLBeW4udB0+CfCBGztDHh+GAgLYOvzxabDvmoMUY9D"},"_chains":{"BQkTzjonny5ImceKjEmN/PNeU1HiglTcjT8t5bT28Fo1":{"chainKey":{"counter":1,"key":"E8UEk/KfQZPzE79tdRU96OmiuIEBKt+Twm5gJPOmV+s="},"chainType":2,"messageKeys":{}},"BT5djDTnQbLSEXFNQcxYwfv16HtZ+kA+amv5ms4po4h9":{"chainKey":{"counter":1,"key":"w7xhJ0+zwrVdGFpXAdYP+0MuGBVMK5gYWOxmDcbnbXk="},"chainType":1,"messageKeys":{}}}}},"version":"v1"}