{"_sessions":{"BQC4PpaJJVIku8sPyJCLbfn2YDx9zUPgoMDWpSaC16sx":{"registrationId":1367903385,"currentRatchet":{"ephemeralKeyPair":{"pubKey":"BeEcBdEBrGnXZRn17m3DbM/vA+J8vzKHf7LF1lNCkgVz","privKey":"sA8HimlqlRkoCTx6gTqpZ+PYKXn8+8bluEjF0/ftZV0="},"lastRemoteEphemeralKey":"BQw6Y824V7UM8AEzvx8VMgJvu9iscgz58H0xS3P3E6pn","previousCounter":0,"rootKey":"Z2caqoX4fdmd8EIxpsbPe8amNX81rlKbQ7VxTG7Am9s="},"indexInfo":{"baseKey":"BQC4PpaJJVIku8sPyJCLbfn2YDx9zUPgoMDWpSaC16sx","baseKeyType":2,"closed":1692004676847,"used":1692004672048,"created":1692004672048,"remoteIdentityKey":"Bdt6KfoobSFzUB+rtb/S+AO1SSaKuQkYulv1vwS64Q4a"},"_chains":{"BQw6Y824V7UM8AEzvx8VMgJvu9iscgz58H0xS3P3E6pn":{"chainKey":{"counter":0,"key":"x9RtbS+wm6947eHxsUDr6o312YaX1ItOjdXBToeyeX8="},"chainType":2,"messageKeys":{}},"BeEcBdEBrGnXZRn17m3DbM/vA+J8vzKHf7LF1lNCkgVz":{"chainKey":{"counter":-1,"key":"J/mORDlB9CcU7gKLrBFTz6UWCs2+nBqwSU0lJuF6KvQ="},"chainType":1,"messageKeys":{}}}},"BR0aPS5eQ2/fJPtVPDEepJN9z01TvgIBl15PSDq+kpAT":{"registrationId":1367903385,"currentRatchet":{"ephemeralKeyPair":{"pubKey":"BYhWlQLL73JOfx1aDW4MX+wOW6m08Tti7KFF/aNRVplz","privKey":"0DCB5nogcCuK5d4A8BEfPD0ma7VYvb85BskhHJDzrVc="},"lastRemoteEphemeralKey":"BX+mVAcb2fTQZXeOkN+7Jd4yUGo5IKy46a96xcqFJEZt","previousCounter":0,"rootKey":"B92UWOrHnMhbkHnR8DTsABN+g0QrPr73MjLwhoHkEt8="},"indexInfo":{"baseKey":"BR0aPS5eQ2/fJPtVPDEepJN9z01TvgIBl15PSDq+kpAT","baseKeyType":2,"closed":1692061691065,"used":1692004676861,"created":1692004676861,"remoteIdentityKey":"Bdt6KfoobSFzUB+rtb/S+AO1SSaKuQkYulv1vwS64Q4a"},"_chains":{"BX+mVAcb2fTQZXeOkN+7Jd4yUGo5IKy46a96xcqFJEZt":{"chainKey":{"counter":2,"key":"E3h1At7DDsuARScijESd6YK/nekGniO2yFDVlnDemE0="},"chainType":2,"messageKeys":{}},"BYhWlQLL73JOfx1aDW4MX+wOW6m08Tti7KFF/aNRVplz":{"chainKey":{"counter":-1,"key":"ntD/x+OiUeYOhqBFFQh3j2CZ9mFATNFpYsCoN9i8AC8="},"chainType":1,"messageKeys":{}}}},"BRxD8I8rlW/L3s3BHP3oZevEfe55jLbf1JR+cz7Nsn8t":{"registrationId":1367903385,"currentRatchet":{"ephemeralKeyPair":{"pubKey":"BcYHIgzuZAZh33e7hBwn/afhGGDmFLnYd85/OcFYW4g9","privKey":"gCZiKh3E5sfI0B1z7mI+phWkUmqNDXGngMTkInNkanU="},"lastRemoteEphemeralKey":"Bd4oUc+W/5XVkDEDcgg7i4Ot/YNNZmXOrBw9avMKhpti","previousCounter":0,"rootKey":"tsFp1Cl9J+3RN0fdOtiVDlN4XzbIb2stiibf8mkJxcw="},"indexInfo":{"baseKey":"BRxD8I8rlW/L3s3BHP3oZevEfe55jLbf1JR+cz7Nsn8t","baseKeyType":2,"closed":-1,"used":1692061691081,"created":1692061691081,"remoteIdentityKey":"Bdt6KfoobSFzUB+rtb/S+AO1SSaKuQkYulv1vwS64Q4a"},"_chains":{"Bd4oUc+W/5XVkDEDcgg7i4Ot/YNNZmXOrBw9avMKhpti":{"chainKey":{"counter":5,"key":"zIyF5ka8IoVdn4kna2FE/2b1XI2RHsKZLc2/015pZbA="},"chainType":2,"messageKeys":{}},"BcYHIgzuZAZh33e7hBwn/afhGGDmFLnYd85/OcFYW4g9":{"chainKey":{"counter":7,"key":"+JQhD7ORH8Z/otRgULB/wZ6OGMgcQGMy2dP/GzDfDHU="},"chainType":1,"messageKeys":{}}}}},"version":"v1"}