{"_sessions":{"BaK5hlNqQrcndQKqIaVjt8QvJjukuNpnHxhz5QwMIcxU":{"registrationId":427746561,"currentRatchet":{"ephemeralKeyPair":{"pubKey":"BZQt9Vv8lelNc2S/MnLt5E0GAa9mYl2tgV6IgNoheHQE","privKey":"OLn+vy+crzxrsWfbFjv7sLfhnYz1Y2eQRmbFuGO3z28="},"lastRemoteEphemeralKey":"BT+mra9CozPbXRDJ+hyf+R6tDvIYBVJdDZRYPgWyaL08","previousCounter":0,"rootKey":"foBSUEeKi+hKNps+zRDH7aPC70J19/4TGzQcxLjsqLk="},"indexInfo":{"baseKey":"BaK5hlNqQrcndQKqIaVjt8QvJjukuNpnHxhz5QwMIcxU","baseKeyType":2,"closed":-1,"used":1691247509466,"created":1691247509466,"remoteIdentityKey":"BYqERpKNQWjM25S71jTmyjQOxaOtCKlGzd/B+Z6ho41x"},"_chains":{"BT+mra9CozPbXRDJ+hyf+R6tDvIYBVJdDZRYPgWyaL08":{"chainKey":{"counter":0,"key":"s61I+XpbmQIkf9mdoH1zg2sv6uw+fxPZMFAX9aYpwgU="},"chainType":2,"messageKeys":{}},"BZQt9Vv8lelNc2S/MnLt5E0GAa9mYl2tgV6IgNoheHQE":{"chainKey":{"counter":0,"key":"R1ftbfSBgbD32VSx94sEDhZUU3YxIdPbwfHwB2j1kkQ="},"chainType":1,"messageKeys":{}}}}},"version":"v1"}