{"_sessions":{"BR0JcJO2JhUnNXJozFnGX5jBfvNreZy4AOK8NuUBv1E+":{"registrationId":845964033,"currentRatchet":{"ephemeralKeyPair":{"pubKey":"BaQdVg32xll8vhf/1AxG5k8pmdH0PWzQdMqrEnYPmusl","privKey":"GMT8gEC+li0K7cOz8eKhk90CzSgR3J45v6XwskM8GWo="},"lastRemoteEphemeralKey":"BaBiP8DcjsWUJkk+y/VR2QK+FKThaIUHhj8mS8mRUYcT","previousCounter":0,"rootKey":"1+N/zhhrb3kglSedTvjgwh/Q7w5QpkxXVvJeh9TrulY="},"indexInfo":{"baseKey":"BR0JcJO2JhUnNXJozFnGX5jBfvNreZy4AOK8NuUBv1E+","baseKeyType":1,"closed":-1,"used":1691247624475,"created":1691247624475,"remoteIdentityKey":"BfEK//mcPVMNC8611opQuuo/+ju8/89RvCn+GXOup9Ju"},"_chains":{"BaQdVg32xll8vhf/1AxG5k8pmdH0PWzQdMqrEnYPmusl":{"chainKey":{"counter":0,"key":"ttztHar5vljPAz3ogQFeGGXJMmsd4J2xmoRBeSaHndY="},"chainType":1,"messageKeys":{}}},"pendingPreKey":{"signedKeyId":15,"baseKey":"BR0JcJO2JhUnNXJozFnGX5jBfvNreZy4AOK8NuUBv1E+","preKeyId":8188168}}},"version":"v1"}