{"_sessions":{"BcPcx+NjXrM1G+Cg0w+NL6Iab90qEu6f3gntJ1kQtXQ2":{"registrationId":1775,"currentRatchet":{"ephemeralKeyPair":{"pubKey":"BRb4xWsmwnzSXjIgiH9Q+8wHsf8sKTS5IRNMmbX/Zb1n","privKey":"mPO7iKM7fSdYlS9+w4qNGqSaW99wxbI00CKbJiMe2Ug="},"lastRemoteEphemeralKey":"BaclkSODTGWEfB+ivgKe9c0ZrYWeb0U/46Z3t/+S7nBs","previousCounter":0,"rootKey":"CqG8Wmp/nMekqp+EXR8bWHR0nMcgYto821buSF5Dph0="},"indexInfo":{"baseKey":"BcPcx+NjXrM1G+Cg0w+NL6Iab90qEu6f3gntJ1kQtXQ2","baseKeyType":1,"closed":-1,"used":1691247623590,"created":1691247623590,"remoteIdentityKey":"BZg823tFcrnxuI+yZpgwp+6ZDwfMYI4lvbxkOTqbXG4X"},"_chains":{"BRb4xWsmwnzSXjIgiH9Q+8wHsf8sKTS5IRNMmbX/Zb1n":{"chainKey":{"counter":0,"key":"6gug/HryM86wUcn6N+r/5BmYZM2nHCoU+5nTiBn4tgs="},"chainType":1,"messageKeys":{}}},"pendingPreKey":{"signedKeyId":1,"baseKey":"BcPcx+NjXrM1G+Cg0w+NL6Iab90qEu6f3gntJ1kQtXQ2"}}},"version":"v1"}