{"_sessions":{"BadfZstkxc6/d/qo2Kt7ccWv3dM08K6XxYl3/2k+6olo":{"registrationId":2005524689,"currentRatchet":{"ephemeralKeyPair":{"pubKey":"BT4w3D3TFpFo/mmfTA3CiQGu57y0LUYnAp/bpEQhugUu","privKey":"aGxgloJuEjW3ngwSNBr6J3Qpel6ONLeS/1W437Uxmm8="},"lastRemoteEphemeralKey":"BcU/UoviqfdfYLpPo2exlN02htJTMiGHZIRPYbp/0PVS","previousCounter":0,"rootKey":"iziWQyybFPl388T10wq7HUZHRNjeUKHYQrBsgn3/L68="},"indexInfo":{"baseKey":"BadfZstkxc6/d/qo2Kt7ccWv3dM08K6XxYl3/2k+6olo","baseKeyType":1,"closed":-1,"used":1691247623742,"created":1691247623742,"remoteIdentityKey":"BWDgBB60gPpOX6wJ90aWsMmL6uDMS0kByh1NX/slzVJr"},"_chains":{"BT4w3D3TFpFo/mmfTA3CiQGu57y0LUYnAp/bpEQhugUu":{"chainKey":{"counter":0,"key":"4b57Aar9NZw+pqfHX423bJ915HdV4ZRxwhWZClc4PQg="},"chainType":1,"messageKeys":{}}},"pendingPreKey":{"signedKeyId":0,"baseKey":"BadfZstkxc6/d/qo2Kt7ccWv3dM08K6XxYl3/2k+6olo","preKeyId":6287244}}},"version":"v1"}