{"_sessions":{"BWvRMRxhIR+hhBx3OuW0SkKDrrbecRMUP79twWPXYSt2":{"registrationId":1139466770,"currentRatchet":{"ephemeralKeyPair":{"pubKey":"BVoCxhpQHX7q3ibntyBLNGQE8Kd3CNDS957QbqLXTfBX","privKey":"GJCLMP1H9vq77HaqHOymTRZf3mmR+0yQWQvx+Yfc9Wg="},"lastRemoteEphemeralKey":"BUWQjBSQqMqSq5DGdzXpacNxgKKBuge28FFqwTYpMS1i","previousCounter":0,"rootKey":"2iXH94kdWOVw9Dl6Xk1QyN+OJwVSMOLuDGRsrK5/Sb8="},"indexInfo":{"baseKey":"BWvRMRxhIR+hhBx3OuW0SkKDrrbecRMUP79twWPXYSt2","baseKeyType":1,"closed":-1,"used":1691247624421,"created":1691247624421,"remoteIdentityKey":"Bafg23uOs/elUmRUBq54bG4gpfKDTLlZr4zLKocoPk83"},"_chains":{"BVoCxhpQHX7q3ibntyBLNGQE8Kd3CNDS957QbqLXTfBX":{"chainKey":{"counter":0,"key":"RUllBOexgljFpbNY/nbZqc+rrhzh6om5nhRr3aAs81w="},"chainType":1,"messageKeys":{}}},"pendingPreKey":{"signedKeyId":0,"baseKey":"BWvRMRxhIR+hhBx3OuW0SkKDrrbecRMUP79twWPXYSt2","preKeyId":1890458}}},"version":"v1"}