{"_sessions":{"BTwjF6RH142OSNWQtKsdGhR/I068QKE2nr3jcTnGAzQy":{"registrationId":77985062,"currentRatchet":{"ephemeralKeyPair":{"pubKey":"BXdLCSH1k2HWP8AyzybBpXaFPtZCGorl1YnHsrIabj9U","privKey":"INZe8dPPNilqYgm/sVdcXL61bclh3pH8hLwPUtf20mA="},"lastRemoteEphemeralKey":"BQmG5jJjfQtQ3W83nD5Y6Vk24vOnierLNCxZzOTv2fh+","previousCounter":0,"rootKey":"m1UpDswI6R8W2S2yq44K2BvZ3WlSnPe/SDwOLMHNook="},"indexInfo":{"baseKey":"BTwjF6RH142OSNWQtKsdGhR/I068QKE2nr3jcTnGAzQy","baseKeyType":1,"closed":-1,"used":1691247624044,"created":1691247624044,"remoteIdentityKey":"BSk3dopIBbxD9g4QjMz6UFE8Yp9onm8MRH/hmzbvO5Ef"},"_chains":{"BXdLCSH1k2HWP8AyzybBpXaFPtZCGorl1YnHsrIabj9U":{"chainKey":{"counter":0,"key":"5fFMxT2GKYJ1eRUPwqp4UHNFUgJiN7l+6MSfkGAW+/I="},"chainType":1,"messageKeys":{}}},"pendingPreKey":{"signedKeyId":29,"baseKey":"BTwjF6RH142OSNWQtKsdGhR/I068QKE2nr3jcTnGAzQy","preKeyId":16097429}}},"version":"v1"}