{"_sessions":{"BQ6Fig5b5jg7SUanKvLU5dW7i5ii3LoZx3rEhWnbRB5G":{"registrationId":1795042394,"currentRatchet":{"ephemeralKeyPair":{"pubKey":"BdWbHrX/pqAX+BeBF7py+AA0+CLQuHSzGImDK333Ht1f","privKey":"0MaQIdsFcTxTDX1pBmxYEF1vbplAxUZocRDgOcQTomI="},"lastRemoteEphemeralKey":"BaRavbwz5DcrgOpZ0/vBtybQWipW66+1abgKLbqLXPhC","previousCounter":0,"rootKey":"O9QQVVpc/wXJnqCaG0TZYm4sUmG/0Z5ADPhFx7gxCfs="},"indexInfo":{"baseKey":"BQ6Fig5b5jg7SUanKvLU5dW7i5ii3LoZx3rEhWnbRB5G","baseKeyType":1,"closed":-1,"used":1691372056919,"created":1691372056919,"remoteIdentityKey":"BTBGsE7QAsnbuRz1HGhrhW0NG3UXJ1KFKVGsyaYqtskT"},"_chains":{"BdWbHrX/pqAX+BeBF7py+AA0+CLQuHSzGImDK333Ht1f":{"chainKey":{"counter":2,"key":"qfBE0TeLABEkP/Mi1U0hzbpt+XyUB++VphvRHs3PaNs="},"chainType":1,"messageKeys":{}}},"pendingPreKey":{"signedKeyId":0,"baseKey":"BQ6Fig5b5jg7SUanKvLU5dW7i5ii3LoZx3rEhWnbRB5G","preKeyId":5766022}}},"version":"v1"}