{"version":3,"hash":{"type":"Buffer","data":"YCyESl8QIrgTnGG05ZYyce8nJZ9C5J2YwSbmgYTXVdiqzYf6tR5rLZBwDy+/77EaCCrJh5CzIdUXLRplgNrYbhi5V03SOH0MO3zRlI99El7YMXE32jA7gx03OzcfrGL67L2ZcOxVRc90hbPgfPGEkEPh2TX0npQS2FzMfXNUQMw="},"indexValueMap":{"yxnfhDvj/flDccGn01W0Dj5PbFYVvTgcVPtC6UFP+xI=":{"valueMac":{"type":"Buffer","data":"QMcpiDA+KCLWh9TnsWkq4JNhiXcpSfRqHilsjagFpbw="}},"18GNpp2boJDkIxzJNKc598/fcQP2R4HwvQ5E4CN1uA0=":{"valueMac":{"type":"Buffer","data":"E4jR8ZyL6MCx0ksMoudJ9K92yKuLZd3Z3l73l2/qVnM="}}}}