{"noiseKey":{"private":{"type":"Buffer","data":"KL3+/LuYtoOvM4VP0dFzUrT0YE0LKx8kXEIMMNGy2Vs="},"public":{"type":"Buffer","data":"HfjSSeqmc/If48muvwkwCgFdxIqrREVwEKTKcj3wmGI="}},"signedIdentityKey":{"private":{"type":"Buffer","data":"MHilWHmylIXgjOJ0P9kdUYg2nNnsJtXX3MceM00OCEI="},"public":{"type":"Buffer","data":"/azvPvsPkGGJs1S+ZEOtsTVH6nnTm15Zm8KDvxCFXxY="}},"signedPreKey":{"keyPair":{"private":{"type":"Buffer","data":"4FQf1klK1cf8gQdnaoff5a5I1PN0JjQD/kf8diyd7l8="},"public":{"type":"Buffer","data":"U+hd+N/QvUmcVAXCk2L/fXbIHXs3EBm9gDJfFIb+lT4="}},"signature":{"type":"Buffer","data":"LAq33aJhC8tOzAENFyYNWski2Pq9q9ZLXcDfijKmGJcBlRsF3I0LnbUroFCn/BRQFxxW0QLQZ2SUAa0Xq9CTBg=="},"keyId":1},"registrationId":251,"advSecretKey":"2Vs4G6MTwvbL/EwfhJh+VKpEEDBGRSVIZgZm9NpXXXE=","processedHistoryMessages":[{"key":{"remoteJid":"62838472134440@s.whatsapp.net","fromMe":true,"id":"B93FAE430A810FBC82E208D0A17B1B04"},"messageTimestamp":1695217026},{"key":{"remoteJid":"62838472134440@s.whatsapp.net","fromMe":true,"id":"4510C5EA20E776D5BBFE6ACCC37F8E13"},"messageTimestamp":1695217026},{"key":{"remoteJid":"62838472134440@s.whatsapp.net","fromMe":true,"id":"68174248D4DD7B817FBFA64E517CD595"},"messageTimestamp":1695217032},{"key":{"remoteJid":"62838472134440@s.whatsapp.net","fromMe":true,"id":"F7882EB45AA1DA20678D4784FA8778E8"},"messageTimestamp":1695217035}],"nextPreKeyId":32,"firstUnuploadedPreKeyId":32,"accountSyncCounter":1,"accountSettings":{"unarchiveChats":false},"account":{"details":"CNvgoUQQ/eqrqAYYAg==","accountSignatureKey":"3+Zy4o16RNs8XHBVKr5xXRMSVOQlLA8RWJxy3NqY4jg=","accountSignature":"aSLUWUwyAAxufqNPOTihyZ/z39JMmGmdaR9Ww6lzEoaIWqpFTIPUAI0Si74r12ibkjtW7o0/o5Sl/9+sEDP/BA==","deviceSignature":"l4OlorFVGZbf0gjLkddOsR8eWx9eCWCUF4w0oIFgg3MrJAflwm2f2xvE8qnE5NRxVxvm6htnLtNN6xEkuGP/Bg=="},"me":{"id":"62838472134440:4@s.whatsapp.net","jid":"62838472134440@s.whatsapp.net","name":"Siapa?"},"signalIdentities":[{"identifier":{"name":"62838472134440:4@s.whatsapp.net","deviceId":0},"identifierKey":{"type":"Buffer","data":"Bd/mcuKNekTbPFxwVSq+cV0TElTkJSwPEVicctzamOI4"}}],"platform":"android","lastAccountSyncTimestamp":1695217024,"myAppStateKeyId":"AAAAAJJm"}