{"_sessions":{"BbLDiStJwIuQfxFA3piBPe6QZFIxo6c0qasakJAdVmUG":{"registrationId":2040719715,"currentRatchet":{"ephemeralKeyPair":{"pubKey":"Bf1SV1AxYonqG4+4F+XEfS7cDNzVT3XTDEogmrjCAH0A","privKey":"8Ozfir/TPmUFV5DhjtZN75Hdpi/csu8/+qZXPPEDoEg="},"lastRemoteEphemeralKey":"BVreT3e4tRusgrjRPB6aUo+R7r+CfUC6SYWI4Ck5WDZ3","previousCounter":0,"rootKey":"ZEvpmFTdqPzRqmriwZ/vFSpRWRQeM66HYmS5oZS1qP8="},"indexInfo":{"baseKey":"BbLDiStJwIuQfxFA3piBPe6QZFIxo6c0qasakJAdVmUG","baseKeyType":2,"closed":-1,"used":1695217046145,"created":1695217024948,"remoteIdentityKey":"Bd/mcuKNekTbPFxwVSq+cV0TElTkJSwPEVicctzamOI4"},"_chains":{"BduWibIvhpFKk9N4Pze1KDSJouPc0dhgpiu1+eDDE4x9":{"chainKey":{"counter":1},"chainType":2,"messageKeys":{}},"BX8TBmdHIEKO6UizoN/iYkmoxHaqEjHr0bizyc14f3NA":{"chainKey":{"counter":6},"chainType":2,"messageKeys":{}},"BVreT3e4tRusgrjRPB6aUo+R7r+CfUC6SYWI4Ck5WDZ3":{"chainKey":{"counter":0,"key":"5gMXpYxQVogbkUA1XanMy8LLzwE/rTAm2W3wlR5mD9Q="},"chainType":2,"messageKeys":{}},"Bf1SV1AxYonqG4+4F+XEfS7cDNzVT3XTDEogmrjCAH0A":{"chainKey":{"counter":3,"key":"mfRlhIXWQTVh5+v4g7umypVtX4i/EA2UstdqNu7GuWA="},"chainType":1,"messageKeys":{}}}}},"version":"v1"}