{"_sessions":{"BR5FY7JRd8GsJZFvZNEW6sN6lY7WY/bh65PCemgb4U1e":{"registrationId":1017894257,"currentRatchet":{"ephemeralKeyPair":{"pubKey":"BcXZXWgzL24c687MIiOoa2pj+kxji1ouZfL2u4e6vaVI","privKey":"sAlGkk5BE0EC/UuhoKe7MCGEguL9v0fNOnFh77hmDEk="},"lastRemoteEphemeralKey":"BZiL+ukjxU7AwxCn5mKArHsvf11Pb/q0ouot3ShkoAF5","previousCounter":0,"rootKey":"sIQrntKW+eJPpjDbzAm+3y44/Ex6J29cCsky4Lj6otg="},"indexInfo":{"baseKey":"BR5FY7JRd8GsJZFvZNEW6sN6lY7WY/bh65PCemgb4U1e","baseKeyType":2,"closed":-1,"used":1695219087138,"created":1695219087138,"remoteIdentityKey":"BavfWbkCmv72uaiEDbL1lnM9q4ngM/vviDjlwYmJcoND"},"_chains":{"BZiL+ukjxU7AwxCn5mKArHsvf11Pb/q0ouot3ShkoAF5":{"chainKey":{"counter":2,"key":"nQOqkAz4tyJoKkWw/RaRu0qFxol7zZIomguJ8vqC0V8="},"chainType":2,"messageKeys":{}},"BcXZXWgzL24c687MIiOoa2pj+kxji1ouZfL2u4e6vaVI":{"chainKey":{"counter":-1,"key":"CrLZQfX42pwctORnRCXWmpFm6FXcO6YVkWsm31Zk09M="},"chainType":1,"messageKeys":{}}}}},"version":"v1"}