{"_sessions":{"BTpaBem0V02v8vHDcuF3EELeh8jMumyXMNR4zgVoDRBM":{"registrationId":1008975915,"currentRatchet":{"ephemeralKeyPair":{"pubKey":"BZ9/771C56AZ0MjtneZPweX2CKOcykchC38RKBRWtndB","privKey":"GLZF0JMcvzo9TNfSYeHaWpNzDtu3xrumnaR7HfoRW1o="},"lastRemoteEphemeralKey":"Bfzv+pNg6WDzlAQahF8SyWaixjAZws0JeHKpd1HjY6tJ","previousCounter":0,"rootKey":"IrpFrgwiipfYHpkTTDazSBcMyNl5ZoxfDvrP23XJfNk="},"indexInfo":{"baseKey":"BTpaBem0V02v8vHDcuF3EELeh8jMumyXMNR4zgVoDRBM","baseKeyType":2,"closed":-1,"used":1695219809487,"created":1695219809487,"remoteIdentityKey":"BQJz9VYyvhqiokTHMU3ckIBqkbtSpOHbNdLnml2q5jd4"},"_chains":{"Bfzv+pNg6WDzlAQahF8SyWaixjAZws0JeHKpd1HjY6tJ":{"chainKey":{"counter":1,"key":"Ux+3IvXoHcQeJmNn0c7yH6zVFUQXPeD8c5//rmf41b8="},"chainType":2,"messageKeys":{}},"BZ9/771C56AZ0MjtneZPweX2CKOcykchC38RKBRWtndB":{"chainKey":{"counter":-1,"key":"UC1AvizkdkqZDk9OiPQHL1KkML5gI+7ZbE6upvMUtis="},"chainType":1,"messageKeys":{}}}}},"version":"v1"}