{"_sessions":{"BXSR2WHS8BQZTjLnT4ev/Ky+KBJXF9HchOczRC3pSScj":{"registrationId":151890746,"currentRatchet":{"ephemeralKeyPair":{"pubKey":"BVFG8w7HPA6jA8jQnZvSFThkyp7Ae+XIPXA06lYNu843","privKey":"UEBx9+2xq/P+EJEgYVmqeW1Fhm4Vx4egc0G71QO21UQ="},"lastRemoteEphemeralKey":"BclMUzbZp3Nj8ywZ8rsRHOOOxJCqkvccNkT9TAoVca1l","previousCounter":0,"rootKey":"NX6NxxWX75208R8Gk6EtLtL9UydyG4ivMfTKy0rAhwg="},"indexInfo":{"baseKey":"BXSR2WHS8BQZTjLnT4ev/Ky+KBJXF9HchOczRC3pSScj","baseKeyType":2,"closed":-1,"used":1695217174605,"created":1695217174605,"remoteIdentityKey":"BQ/e0bbwMIYVgysoGwPA+v03E8UtLotoA0ZrnU1qQegi"},"_chains":{"BclMUzbZp3Nj8ywZ8rsRHOOOxJCqkvccNkT9TAoVca1l":{"chainKey":{"counter":0,"key":"mwcw1NuqZfqAmkFK7/HHuSjL/sJ77Gdvz73knSjO+ZE="},"chainType":2,"messageKeys":{}},"BVFG8w7HPA6jA8jQnZvSFThkyp7Ae+XIPXA06lYNu843":{"chainKey":{"counter":0,"key":"YIOLSWp/p8JAxwe7ZkVZTeTUpr6+BTiusCs0XhJupMM="},"chainType":1,"messageKeys":{}}}}},"version":"v1"}