{"_sessions":{"BdFecjolFencnqd8dDu2w9iDee1AP6zb8isrzfNHWAF1":{"registrationId":1889127480,"currentRatchet":{"ephemeralKeyPair":{"pubKey":"Bdsf30LUGQRf4ruWvatR6Zjq4iWU6gPeD2JG4w7ZrIVe","privKey":"sF8BNYG7d2B7ZAGwuV2pXdnKzfp/4vy+J9wwIpBoU2s="},"lastRemoteEphemeralKey":"BeV4Iwiv3xWUhfvV7dhFYNom4XPdoBOicsteM6xq+AF8","previousCounter":0,"rootKey":"ScBeqQqUZxyO3W0TbDWK1Wx+d1edE788Flvk3phMaWg="},"indexInfo":{"baseKey":"BdFecjolFencnqd8dDu2w9iDee1AP6zb8isrzfNHWAF1","baseKeyType":1,"closed":-1,"used":1695217040796,"created":1695217040796,"remoteIdentityKey":"BQrD3dmSN1He8Jmq17A9lzlnM4N8j0x7Jxs4QJgTUC1T"},"_chains":{"Bdsf30LUGQRf4ruWvatR6Zjq4iWU6gPeD2JG4w7ZrIVe":{"chainKey":{"counter":2,"key":"3JHOHv4vyiFGoW1CbTfX4Z941aTkFkT/f+PBqEFDq1k="},"chainType":1,"messageKeys":{}}},"pendingPreKey":{"signedKeyId":7,"baseKey":"BdFecjolFencnqd8dDu2w9iDee1AP6zb8isrzfNHWAF1","preKeyId":9828455}}},"version":"v1"}