{"1087968824":{"nickname":"Group","last_seen":"2025-01-18 19:21:56"},"1338954214":{"nickname":"kiyoshi","last_seen":"2025-01-18 19:21:56"},"1526842722":{"nickname":"𝕾 | 𝙍𝙖𝙢𝙗𝙚𝙮","last_seen":"2025-01-18 19:21:56"},"1882210555":{"nickname":"SukaMilo","last_seen":"2025-01-18 19:21:56"},"1966880118":{"nickname":"yori mahasigma","last_seen":"2025-01-18 19:21:56"},"1979600026":{"nickname":"jonk","last_seen":"2025-01-18 19:21:56"},"5419337900":{"nickname":"LuK4S","last_seen":"2025-01-18 19:22:46"},"6961399094":{"nickname":"ẉ.ceo/pạ1n","last_seen":"2025-01-18 19:37:52"},"8105688869":{"nickname":"ㅤㅤㅤㅤㅤㅤ𑲯𑲯𑲯𑲯𑲭𑲭𑲭𑲭𑲭𑲭𑲭𑲭𑲭𑲭𑲭𑲭𑲭𑲭𑲭𑲭𑲭𑲭𑲭𑲭𑲭𑲭𑲭𑲭𑲭𑲭𑲭𑲭𑲭🪬","last_seen":"2025-01-18 19:38:43"},"7275301558":{"nickname":"々 | ⏤͟͟͞͞𝐕𝐢𝐩͢͠𝐞𝐫͢𝐓𝐫͢𝐲𝐲","last_seen":"2025-01-18 19:34:18"},"6814801089":{"nickname":"𝙧𝙪𝙡𝙯𝙝𝙤𝙨𝙩𝙞𝙣𝙜️️","last_seen":"2025-01-18 12:55:10"},"6922439004":{"nickname":"火 | —𝙎𝙖𝙣𝙯","last_seen":"2025-01-18 12:54:34"},"8178163081":{"nickname":"i cant scrape","last_seen":"2025-01-18 19:37:46"},"7376718918":{"nickname":"Aorta || ꦣꦺꦮ꦳ꦼꦭꦺꦴꦥꦼꦂ ⚡","last_seen":"2025-01-18 12:54:34"},"6552202106":{"nickname":"cayy","last_seen":"2025-01-18 12:54:34"},"7387232659":{"nickname":"Holloway","last_seen":"2025-01-18 13:46:55"},"7943237510":{"nickname":"❀ I am Gojo's wife","last_seen":"2025-01-18 19:38:04"},"5598356094":{"nickname":"vior ","last_seen":"2025-01-18 19:38:44"},"7251044530":{"nickname":"brain","last_seen":"2025-01-18 19:22:36"},"6701896390":{"nickname":"ᴛᴄʜ ᴀꜱꜱɪꜱᴛᴀɴᴛ [2]","last_seen":"2025-01-18 15:18:34"},"5624640984":{"nickname":"ᯓ Ꮢ̴Ꭵ̴Ꮄ̴Ꮒ̴Ꭷ̴ ̴代̴码̴","last_seen":"2025-01-18 19:21:56"},"6448891971":{"nickname":"Deff","last_seen":"2025-01-18 19:21:56"},"7844241092":{"nickname":"notsdev ⁹⁶⁹","last_seen":"2025-01-18 19:21:56"},"6981372417":{"nickname":"@arthurxyz","last_seen":"2025-01-18 19:21:56"},"6833880252":{"nickname":"accel","last_seen":"2025-01-18 19:21:56"},"7995961603":{"nickname":"⌥ 𝙿𝚊¡𝚗𝚣𝚢","last_seen":"2025-01-18 19:21:56"},"7570583597":{"nickname":"with k","last_seen":"2025-01-18 19:21:56"},"6140851230":{"nickname":"𒐬 | 𝐒𝐢𝐫𝐨 𝐄𝐬𝐂𝐚𝐧𝐨𝐫","last_seen":"2025-01-18 19:21:56"},"6075037953":{"nickname":"KHAFA STORE","last_seen":"2025-01-18 19:21:56"},"7079176407":{"nickname":"⏤͟͟͞͞𝐑𝐚𝐬𝐲𝐚 ͢","last_seen":"2025-01-18 19:21:56"},"6601303211":{"nickname":"𝕾 | . . .Cameliaimupt 🕊✨","last_seen":"2025-01-18 19:21:56"},"5345412568":{"nickname":"SMiwa","last_seen":"2025-01-18 19:21:56"},"6415149714":{"nickname":"𒐬 𝕾 | ρєтяα ιиfєяиσχ <!🌐>","last_seen":"2025-01-18 19:22:26"},"6462313601":{"nickname":"𒐬 𝕾 | 𝐕𝐚𝐧𝐳𝐕𝐗𝐈𝐈","last_seen":"2025-01-18 19:21:56"},"7517410889":{"nickname":"𝙁𝙚𝙗.","last_seen":"2025-01-18 19:21:56"},"7748414504":{"nickname":"nofal da sigma","last_seen":"2025-01-18 19:21:56"},"7718898547":{"nickname":"𝐙𝐲𝐧𝐧","last_seen":"2025-01-18 19:21:56"},"7968927714":{"nickname":"ror","last_seen":"2025-01-18 19:21:56"},"6969559252":{"nickname":"𝕲𝕺𝕺𝕯 𝕳𝕺𝖀𝕾","last_seen":"2025-01-18 19:23:04"},"5235491188":{"nickname":"伦齐","last_seen":"2025-01-18 19:37:25"},"7642516758":{"nickname":"Yom4n","last_seen":"2025-01-18 19:21:56"},"6548790567":{"nickname":"Jawir","last_seen":"2025-01-18 19:21:56"},"5687267550":{"nickname":"pak veno rill","last_seen":"2025-01-18 19:21:56"},"6341169081":{"nickname":"𝕾 | 𒐬 | 𝐃𝐄𝐃𝐄𝐊 𝐍𝐳𝐦 ҈꙲ ҈꙲","last_seen":"2025-01-18 19:21:56"}}